date,cdi,imas,idka_pre_3a,imab,ihfa,ifix,ibovespa,sp500_brl,btc_brl
2008-01-02,3.575347751657428,1480.099,1376.692096,1547.619,1000.96,,62815.13,2563.209792,
2008-01-03,3.5768402090694025,1480.725,1380.802896,1553.774,1003.29,,62891.97,2535.5690360000003,
2008-01-04,3.5783268869338998,1481.356,1379.676434,1552.464,1001.8,,61036.61,2476.987161,
2008-01-07,3.579819299728633,1482.038,1381.360035,1555.285,1000.87,,60772.15,2498.14152,
2008-01-08,3.5813136236989185,1482.703,1384.07602,1558.299,1002.24,,62080.73,2447.429495,
2008-01-09,3.5828098607177634,1483.379,1382.772358,1558.438,1001.75,,62673.69,2491.9054920000003,
2008-01-10,3.5843079768329242,1484.048,1380.715743,1557.305,1003.06,,63515.48,2495.51981,
2008-01-11,3.5858041745116935,1484.691,1384.111538,1560.062,1003.12,,61942.36,2447.7220420000003,
2008-01-14,3.58730099674826,1485.34,1383.904329,1560.433,1003.37,,62187.78,2456.06075,
2008-01-15,3.5887971523749735,1485.981,1385.570875,1562.322,1001.74,,59907.06,2419.562495,
2008-01-16,3.590293932003314,1486.626,1383.722637,1561.298,999.95,,58777.45,2434.54628,
2008-01-17,3.5917900792906585,1487.269,1381.479169,1560.075,998.85,,57036.85,2380.6512000000002,
2008-01-18,3.593286850052501,1487.917,1382.876523,1562.012,997.93,,57506.47,2365.729188,
2008-01-21,3.594785502199052,1488.558,1373.253515,1555.495,992.75,,53709.11,2425.8928140000003,
2008-01-22,3.596284779388454,1489.193,1376.42438,1558.419,994.59,,56097.18,2348.9402,
2008-01-23,3.5977846818813934,1489.827,1374.812323,1557.003,992.37,,54234.82,2442.2756999999997,
2008-01-24,3.599286505141151,1490.435,1385.24817,1564.141,996.45,,57463.31,2414.120985,
2008-01-25,3.600788955306992,1491.06,1385.844826,1565.024,996.89,,57463.31,2370.614776,
2008-01-28,3.6022920326406056,1491.693,1391.403768,1567.269,996.67,,58593.78,2415.347083,
2008-01-29,3.6037944405786586,1492.312,1390.856686,1567.297,998.28,,59529.58,2424.894,
2008-01-30,3.605298772491989,1492.953,1391.801463,1565.304,998.34,,60289.41,2412.935057,
2008-01-31,3.6068050302661483,1493.581,1391.388547,1564.471,998.28,,59490.4,2425.14516,
2008-02-01,3.608310618889932,1494.199,1394.281491,1564.562,1000.8,,61079.83,2435.566068,
2008-02-06,3.609818134983398,1494.825,1393.984329,1564.689,1000.85,,58968.53,2324.2056900000002,
2008-02-07,3.611324981367484,1495.464,1397.48956,1567.128,1001.21,,58965.48,2349.218252,
2008-02-08,3.6128311566774625,1496.108,1401.198919,1567.914,1001.75,,59075.98,2355.318268,
2008-02-11,3.6143392607871943,1496.773,1404.558022,1570.378,1002.85,,60643.22,2353.3870620000002,
2008-02-12,3.6158479944248243,1497.408,1407.504234,1573.133,1004.79,,61805.47,2359.83057,
2008-02-13,3.617356056147859,1498.055,1410.143547,1574.982,1005.03,,62590.65,2382.500146,
2008-02-14,3.618863480763577,1498.691,1409.749614,1574.43,1006.79,,61818.99,2360.7747719999998,
2008-02-15,3.6203702307624277,1499.339,1407.407597,1573.286,1005.84,,61271.87,2367.09,
2008-02-18,3.621878911444991,1499.979,1413.656411,1579.739,1008.52,,62801.43,2342.655,
2008-02-19,3.6233869169485606,1500.611,1412.842045,1578.979,1010.52,,62296.54,2336.356716,
2008-02-20,3.6248955503253013,1501.26,1415.42567,1582.332,1010.79,,63747.49,2342.651675,
2008-02-21,3.6264035068742366,1501.91,1417.631212,1588.519,1014.07,,63792.23,2295.055035,
2008-02-22,3.627913396238359,1502.545,1418.878968,1592.31,1013.77,,64608.78,2310.435325,
2008-02-25,3.6294239142600166,1503.189,1417.11444,1591.739,1013.69,,65000.94,2338.919,
2008-02-26,3.6309363677935673,1503.83,1419.432459,1596.783,1013.48,,65182.61,2325.9542309999997,
2008-02-27,3.6324494515967545,1504.473,1421.128341,1597.777,1013.93,,65494.85,2305.32341,
2008-02-28,3.6339644372895314,1505.126,1420.993093,1599.175,1015.26,,65555.08,2282.5211520000003,
2008-02-29,3.6354800548373913,1505.771,1419.442177,1598.336,1015.6,,63489.3,2249.6961410000004,
2008-03-03,3.636998922049502,1506.417,1423.271213,1601.093,1015.92,,64490.46,2226.0004799999997,
2008-03-04,3.6385171145095327,1507.052,1423.11661,1600.679,1015.2,,63655.54,2236.767825,
2008-03-05,3.640034630842481,1507.691,1425.867728,1604.084,1016.59,,64629.48,2227.41237,
2008-03-06,3.641552780085966,1508.328,1416.669934,1595.351,1015.94,,62974.65,2189.856426,
2008-03-07,3.643072873462957,1508.972,1409.856462,1588.464,1014.71,,61867.99,2177.2590579999996,
2008-03-10,3.6445936013725264,1509.61,1405.56803,1580.394,1011.82,,59999.27,2172.8785679999996,
2008-03-11,3.646116276133244,1510.255,1413.090198,1588.601,1011.77,,62367.72,2221.5974300000003,
2008-03-12,3.6476369618485305,1510.897,1412.396108,1586.038,1012.87,,62176.58,2190.619226,
2008-03-13,3.6491582817962085,1511.537,1407.378989,1571.702,1008.4,,62279.71,2225.529064,
2008-03-14,3.65068286363476,1512.172,1402.313219,1565.064,1006.92,,61990.99,2205.166866,
2008-03-17,3.6522067681825265,1512.805,1401.019274,1560.228,1004.43,,60011.84,2199.0711599999995,
2008-03-18,3.653731308853769,1513.446,1407.709389,1569.029,1006.86,,61932.78,2247.752934,
2008-03-19,3.655257801257295,1514.087,1402.535843,1562.783,1004.45,,58827.36,2233.93161,
2008-03-20,3.656786210754313,1514.734,1402.060009,1561.135,1002.11,,58987.31,2303.774928,
2008-03-24,3.658313979465304,1515.366,1399.240694,1560.52,1001.73,,59812.53,2357.56542,
2008-03-25,3.6598423864627847,1516.016,1396.906402,1560.246,1000.24,,61234.06,2341.8903910000004,
2008-03-26,3.6613701144701656,1516.671,1395.465253,1559.421,1000.77,,61415.28,2313.583363,
2008-03-27,3.6628984801970486,1517.317,1398.371618,1561.854,1000.62,,60761.68,2301.51936,
2008-03-28,3.664427483909637,1517.974,1403.293365,1566.885,1000.45,,60452.12,2292.954548,
2008-03-31,3.665964967749061,1518.62,1402.082118,1566.393,1000.0,,60968.07,2317.23813,
2008-04-01,3.6675018135828408,1519.259,1405.377342,1572.075,1000.66,,62774.85,2390.141992,
2008-04-02,3.6690340591655373,1519.902,1406.531713,1575.98,1002.4,,63364.36,2361.72431,
2008-04-03,3.6705734757857416,1520.539,1409.674948,1582.809,1004.47,,64175.05,2351.10527,
2008-04-04,3.672110932191809,1521.176,1411.396538,1584.524,1005.16,,64445.97,2342.6988,
2008-04-07,3.673651639775629,1521.819,1408.523729,1581.714,1006.3,,64175.58,2338.670906,
2008-04-08,3.675187740472285,1522.455,1409.34876,1584.193,1006.52,,64539.54,2312.54199,
2008-04-09,3.6767231971583767,1523.098,1406.788425,1586.984,1007.63,,63476.92,2287.056365,
2008-04-10,3.6782605821960366,1523.75,1408.040317,1586.918,1007.66,,63527.11,2291.1661999999997,
2008-04-11,3.6797986100758764,1524.39,1408.503868,1586.999,1008.42,,62585.21,2253.282398,
2008-04-14,3.6813372810666936,1525.021,1408.473216,1586.703,1007.79,,62153.45,2240.87584,
2008-04-15,3.6828779207188203,1525.673,1407.098641,1586.297,1008.59,,62618.39,2246.246019,
2008-04-16,3.6844192051286413,1526.323,1404.254547,1584.609,1009.83,,64151.94,2268.011549,
2008-04-17,3.6860268277604153,1526.968,1407.934456,1588.86,1010.75,,64552.42,2263.688812,
2008-04-18,3.6876351518461723,1527.641,1401.458656,1584.891,1011.07,,64922.67,2320.46077,
2008-04-22,3.689242850143323,1528.313,1390.696342,1577.705,1012.18,,65412.66,2284.335588,
2008-04-23,3.69084730185885,1528.981,1398.073628,1587.422,1013.17,,64947.54,2287.785947,
2008-04-24,3.692452451350428,1529.65,1395.282277,1587.371,1012.93,,64576.26,2319.3293999999996,
2008-04-25,3.6940596282044025,1530.309,1398.096715,1589.766,1012.98,,65187.34,2329.779928,
2008-04-28,3.6956661747367083,1530.978,1392.635135,1586.188,1012.45,,65677.74,2357.6311079999996,
2008-04-29,3.6972721264729405,1531.644,1393.367087,1586.519,1013.27,,63825.74,2370.718136,
2008-04-30,3.6988787760754995,1532.304,1404.057425,1606.667,1015.03,,67868.46,2304.097611,
2008-05-02,3.7004874184552143,1532.948,1417.094068,1622.082,1020.17,,69366.39,2332.65222,
2008-05-05,3.7020941330874333,1533.623,1412.618698,1618.938,1020.32,,70174.88,2333.61842,
2008-05-06,3.7037015453390785,1534.293,1404.449825,1610.219,1020.87,,70195.27,2353.886122,
2008-05-07,3.7053083592175082,1534.957,1396.710298,1602.818,1020.6,,69017.66,2352.329244,
2008-05-08,3.7069158701960707,1535.626,1394.022453,1605.511,1022.4,,69722.25,2365.9927040000002,
2008-05-09,3.708525375997751,1536.293,1389.918008,1603.017,1023.52,,69645.7,2339.529456,
2008-05-12,3.7101355806307557,1536.972,1396.199833,1610.195,1024.91,,70415.82,2336.25891,
2008-05-13,3.7117464843985095,1537.641,1397.53869,1613.117,1025.95,,70503.25,2323.013328,
2008-05-14,3.713355452264567,1538.307,1391.234303,1608.808,1025.76,,70026.62,2342.60158,
2008-05-15,3.714965117586015,1538.973,1396.173456,1610.722,1025.99,,71492.36,2355.296565,
2008-05-16,3.7165754806651865,1539.643,1403.404936,1614.858,1027.23,,72766.93,2338.99935,
2008-05-19,3.7181852038373724,1540.32,1399.682311,1613.193,1028.65,,73438.83,2352.2275440000003,
2008-05-20,3.719798301306205,1540.998,1401.326087,1617.144,1029.01,,73516.81,2331.4033,
2008-05-21,3.721412098601243,1541.671,1398.310107,1616.917,1028.71,,72294.8,2306.075322,
2008-05-23,3.723025256317745,1542.345,1398.234299,1616.159,1029.86,,71451.8,2283.080649,
2008-05-26,3.7246404535949456,1543.013,1397.049544,1614.208,1030.61,,71628.74,2282.255091,
2008-05-27,3.726256351609333,1543.701,1394.133466,1610.513,1030.01,,70992.06,2314.227175,
2008-05-28,3.727871609212629,1544.372,1397.573744,1611.994,1031.87,,73153.23,2301.422948,
2008-05-29,3.7294862249640115,1545.043,1407.255252,1622.28,1032.08,,71797.54,2288.95162,
2008-05-30,3.7311042252678495,1545.717,1409.175118,1626.472,1033.99,,72592.5,2278.4182600000004,
2008-06-02,3.7327242334114183,1546.394,1403.676934,1622.531,1034.81,,71897.25,2260.720605,
2008-06-03,3.734342294712118,1547.065,1409.402651,1627.672,1034.94,,70011.92,2243.6407900000004,
2008-06-04,3.735959713046804,1547.736,1408.51145,1627.224,1033.8,,68673.14,2243.0456400000003,
2008-06-05,3.7376441825622226,1548.412,1401.186273,1626.374,1036.8,,71209.12,2283.5469200000002,
2008-06-06,3.7393294115712563,1549.109,1390.950883,1618.849,1037.4,,69785.87,2223.487188,
2008-06-09,3.741016746574934,1549.807,1382.158308,1608.527,1038.53,,69281.2,2214.4941120000003,
2008-06-10,3.742707461683381,1550.513,1383.032332,1610.833,1037.84,,67774.94,2235.31302,
2008-06-11,3.744400288268301,1551.222,1384.217117,1617.269,1038.0,,66794.76,2191.271992,
2008-06-12,3.746095191058785,1551.924,1384.369516,1619.862,1039.01,,67319.63,2189.615554,
2008-06-13,3.7477895499137013,1552.63,1381.095852,1621.213,1039.61,,67203.52,2224.329065,
2008-06-16,3.7494846751271274,1553.33,1378.233612,1623.672,1040.61,,67284.61,2209.8194580000004,
2008-06-17,3.7511818793653235,1554.032,1383.096121,1624.799,1041.44,,68437.5,2171.349789,
2008-06-18,3.752877188503884,1554.737,1388.466774,1623.426,1041.24,,67090.45,2148.924203,
2008-06-19,3.7545732638204563,1555.451,1391.78491,1624.146,1040.74,,66590.41,2152.55649,
2008-06-20,3.7562701056613075,1556.158,1385.734045,1620.954,1039.87,,64613.79,2116.200201,
2008-06-23,3.757971733581873,1556.859,1388.273975,1623.256,1040.24,,64640.45,2123.957,
2008-06-24,3.7596727794870786,1557.566,1390.639243,1625.838,1040.51,,64167.77,2106.544012,
2008-06-25,3.761374595370713,1558.276,1390.042406,1630.258,1042.41,,65853.34,2103.915255,
2008-06-26,3.7630758651001996,1558.994,1383.044524,1629.235,1041.37,,63946.92,2058.42923,
2008-06-27,3.7647779043139846,1559.711,1380.242421,1629.997,1041.77,,64321.11,2037.7377200000003,
2008-06-30,3.7664833863524176,1560.426,1376.695512,1629.354,1043.34,,65017.58,2052.736,
2008-07-01,3.7682016184084377,1561.15,1375.793104,1628.551,1042.23,,63396.19,2053.28618,
2008-07-02,3.769913964587875,1561.873,1372.310832,1625.375,1039.72,,61106.22,2029.281072,
2008-07-03,3.771623092782861,1562.591,1370.682307,1624.224,1039.13,,59273.38,2037.94173,
2008-07-04,3.7733356736806005,1563.307,1368.291032,1620.675,1039.13,,59365.35,2029.4803000000002,
2008-07-07,3.7750477115424634,1564.018,1373.442175,1625.922,1040.03,,59088.2,2005.574465,
2008-07-08,3.776763168723543,1564.732,1379.592364,1627.347,1039.46,,59535.95,2053.2044,
2008-07-09,3.7784807650774153,1565.443,1380.380933,1628.425,1039.96,,59535.95,2003.328555,
2008-07-10,3.7801964598384137,1566.153,1381.718632,1624.924,1040.08,,60252.74,2011.6909500000002,
2008-07-11,3.781911610576172,1566.871,1385.174381,1620.513,1039.7,,60148.26,1984.42349,
2008-07-14,3.783624854354879,1567.58,1386.177823,1621.114,1041.14,,60720.9,1958.89284,
2008-07-15,3.7853375121452024,1568.297,1396.118888,1628.242,1041.31,,61015.09,1935.473121,
2008-07-16,3.787053632759709,1569.016,1396.681724,1627.61,1041.8,,62056.47,1988.3417759999998,
2008-07-17,3.788769205925885,1569.724,1401.769437,1625.58,1039.67,,60108.72,2014.369456,
2008-07-18,3.7904855562638615,1570.427,1407.039589,1628.136,1039.37,,59988.1,2003.598724,
2008-07-21,3.7922040107956496,1571.146,1402.502205,1625.102,1040.48,,60771.79,1992.5639999999999,
2008-07-22,3.793920551941136,1571.857,1408.93648,1628.274,1039.82,,59647.32,2016.6383999999998,
2008-07-23,3.795636542206779,1572.573,1413.397687,1629.833,1039.48,,59420.86,2030.476084,
2008-07-24,3.7974564740160366,1573.29,1423.140159,1633.122,1037.54,,57434.37,1976.633374,
2008-07-25,3.799277278446198,1574.049,1428.048279,1637.16,1037.66,,57199.14,1978.2049279999999,
2008-07-28,3.80109762616862,1574.809,1426.486395,1639.216,1038.34,,56869.02,1944.996809,
2008-07-29,3.8029188460742462,1575.563,1423.819711,1639.199,1039.54,,58042.87,1981.45552,
2008-07-30,3.804742269602562,1576.323,1430.089868,1642.938,1042.63,,59997.64,2006.01412,
2008-07-31,3.806567899085785,1577.084,1430.285449,1643.436,1042.86,,59505.17,1983.956652,
2008-08-01,3.8083984395227763,1577.845,1438.613059,1645.614,1040.91,,57630.35,1966.0836,
2008-08-04,3.8102271943694506,1578.607,1438.255924,1645.711,1037.6,,55609.07,1950.844338,
2008-08-05,3.8120581609454334,1579.361,1444.8777,1648.058,1037.88,,56470.59,2023.1720480000001,
2008-08-06,3.8138900073740944,1580.122,1444.959101,1647.762,1039.43,,57542.49,2033.697225,
2008-08-07,3.8157227340782383,1580.881,1441.438118,1645.196,1038.64,,57017.55,2022.167004,
2008-08-08,3.817555005977915,1581.636,1441.235287,1644.249,1038.11,,56584.4,2085.389984,
2008-08-11,3.8193854472521815,1582.402,1436.699409,1641.252,1036.1,,54720.25,2119.317552,
2008-08-12,3.8212167661864305,1583.166,1436.461622,1640.373,1035.48,,54502.97,2092.488734,
2008-08-13,3.8230503006273495,1583.925,1436.191518,1641.172,1034.49,,54573.18,2072.115045,
2008-08-14,3.8248847148530993,1584.688,1437.601386,1644.276,1035.29,,55138.35,2099.201148,
2008-08-15,3.826720009285827,1585.455,1442.070162,1647.356,1035.03,,54244.03,2126.4516,
2008-08-18,3.8285602406710924,1586.219,1442.999959,1647.793,1034.13,,53326.54,2096.1368399999997,
2008-08-19,3.830400017009145,1586.983,1447.400102,1648.458,1034.86,,53638.69,2056.344546,
2008-08-20,3.8322393367933123,1587.74,1447.754525,1648.085,1037.45,,55377.15,2062.84299,
2008-08-21,3.834079539800447,1588.51,1447.277752,1648.524,1038.38,,55934.69,2055.85148,
2008-08-22,3.835917904258191,1589.272,1446.351615,1648.36,1038.6,,55850.13,2102.4094,
2008-08-25,3.837758492746191,1590.035,1446.626881,1648.305,1036.4,,54477.25,2066.469408,
2008-08-26,3.8395986211882933,1590.792,1450.109317,1648.989,1036.52,,54358.7,2071.035488,
2008-08-27,3.841439631935181,1591.542,1451.638373,1650.382,1037.24,,55519.24,2078.724354,
2008-08-28,3.8432815254099015,1592.297,1453.908314,1651.237,1038.28,,56382.22,2123.2300320000004,
2008-08-29,3.845121611738637,1593.052,1456.467129,1652.632,1038.23,,55680.41,2092.937145,
2008-09-01,3.846965270649034,1593.81,1456.979772,1653.643,1038.2,,55162.14,2116.284651,
2008-09-02,3.84880846711916,1594.57,1454.076475,1652.086,1036.88,,54404.41,2119.7607359999997,
2008-09-03,3.8506579735399495,1595.329,1453.106075,1651.275,1035.37,,53527.01,2138.77895,
2008-09-04,3.852504287025103,1596.066,1441.51907,1644.76,1031.92,,51408.54,2124.255525,
2008-09-05,3.8543474406511447,1596.82,1447.696608,1648.194,1033.19,,51939.6,2131.8039599999997,
2008-09-08,3.8562023068134836,1597.573,1447.343786,1647.798,1032.04,,50717.97,2200.88344,
2008-09-09,3.8580540165991923,1598.319,1443.445913,1645.477,1028.62,,48435.3,2175.9542699999997,
2008-09-10,3.8599093161952345,1599.054,1451.81286,1650.693,1030.6,,49633.16,2202.641112,
2008-09-11,3.8618669850022225,1599.751,1449.697239,1650.167,1032.2,,51270.4,2263.653315,
2008-09-12,3.8638202400858965,1600.519,1449.8236,1650.673,1034.21,,52392.86,2229.2777,
2008-09-15,3.865774483086927,1601.299,1445.66695,1647.116,1027.25,,48416.33,2164.63123,
2008-09-16,3.867731067526052,1602.077,1442.528733,1642.907,1025.32,,49228.92,2194.17072,
2008-09-17,3.8696859348395116,1602.797,1428.423818,1622.384,1018.1,,45908.51,2184.651988,
2008-09-18,3.871641790201558,1603.493,1409.857843,1595.104,1018.45,,48422.75,2288.16518,
2008-09-19,3.8736081196339653,1604.249,1438.628714,1625.481,1029.45,,53055.38,2296.545384,
2008-09-22,3.875579515014291,1605.005,1440.328298,1625.018,1027.28,,51540.58,2176.624688,
2008-09-23,3.8775437749798853,1605.767,1434.023687,1614.312,1022.66,,49593.17,2194.04823,
2008-09-24,3.8795049590703945,1606.53,1433.527358,1611.917,1021.83,,49842.99,2205.2438519999996,
2008-09-25,3.881468492915329,1607.294,1444.830935,1620.194,1025.29,,51828.46,2201.433108,
2008-09-26,3.8834330205636483,1608.079,1451.698618,1623.243,1024.6,,50782.99,2237.396945,
2008-09-29,3.885395824115232,1608.863,1445.791545,1616.334,1014.79,,46028.06,2172.2861260000004,
2008-09-30,3.8873609796151527,1609.645,1460.785375,1625.088,1021.37,,49541.27,2221.449256,
2008-10-01,3.8893257684750795,1610.424,1468.731167,1633.178,1022.46,,49798.65,2226.467832,
2008-10-02,3.891295634190297,1611.204,1454.343828,1618.83,1016.76,,46145.1,2251.5141679999997,
2008-10-03,3.89327194541699,1611.994,1454.542033,1617.976,1014.67,,44517.32,2246.82612,
2008-10-06,3.8952628478917175,1612.785,1434.721643,1600.093,1003.62,,42100.79,2302.96331,
2008-10-07,3.8972479906968887,1613.578,1424.068495,1589.088,999.9,,40139.85,2302.28753,
2008-10-08,3.899230053079997,1614.378,1418.201981,1587.728,997.03,,38593.54,2299.046948,
2008-10-09,3.901210394039355,1615.182,1423.444923,1592.315,997.18,,37080.3,2076.983392,
2008-10-10,3.9031931061979184,1615.986,1399.33157,1575.466,992.59,,35609.54,2079.89586,
2008-10-13,3.9051836566182168,1616.787,1424.812894,1594.285,1004.67,,40829.13,2151.1824,
2008-10-14,3.90716565447946,1617.591,1424.020831,1592.21,1007.7,,41569.03,2092.128363,
2008-10-15,3.9091541282959943,1618.395,1417.928688,1585.675,1000.51,,36833.02,2021.3057600000002,
2008-10-16,3.9111408776986187,1619.186,1419.121413,1584.962,998.97,,36441.72,2019.208405,
2008-10-17,3.9131258990282767,1619.996,1414.176334,1580.132,1000.24,,36399.09,1993.02545,
2008-10-20,3.9151160365980044,1620.795,1413.308262,1577.705,1006.88,,39441.08,2087.37282,
2008-10-21,3.917100334858833,1621.602,1409.177793,1577.191,1007.04,,39043.39,2137.97493,
2008-10-22,3.9190760810967324,1622.414,1354.445668,1548.256,994.79,,35069.73,2133.43962,
2008-10-23,3.921059643073658,1623.215,1373.216644,1544.588,990.81,,33818.49,2053.055088,
2008-10-24,3.9230483261034323,1624.01,1335.315944,1526.97,982.22,,31481.55,2023.1467750000002,
2008-10-27,3.9250380177534656,1624.812,1335.774738,1530.476,979.58,,29435.11,1910.5793519999997,
2008-10-28,3.9270300922986157,1625.606,1362.689374,1544.847,989.0,,33386.65,2032.44211,
2008-10-29,3.9290204289602952,1626.411,1392.304114,1560.616,993.47,,34845.21,1984.3470150000003,
2008-10-30,3.9310048985985544,1627.227,1380.000277,1562.498,1000.32,,37448.77,2008.3594500000002,
2008-10-31,3.932993122256167,1628.032,1367.347701,1562.774,1000.74,,37256.84,2091.53125,
2008-11-03,3.934980974969949,1628.841,1371.553643,1566.405,1004.01,,38249.44,2106.05085,
2008-11-04,3.9369671172672556,1629.649,1387.645137,1574.121,1008.83,,40254.8,2124.445725,
2008-11-05,3.938954262050025,1630.437,1382.907867,1576.314,1004.92,,37785.66,2028.9237150000001,
2008-11-06,3.9409341380203022,1631.201,1381.27895,1574.708,1003.62,,36361.91,2007.204816,
2008-11-07,3.9429136298284884,1631.989,1394.3442,1587.809,1007.05,,36665.11,2014.9416569999999,
2008-11-10,3.944895495935386,1632.773,1395.047572,1589.523,1007.44,,36776.27,1996.5241200000003,
2008-11-11,3.9468728353537683,1633.592,1398.462797,1592.212,1008.68,,37261.9,1985.331075,
2008-11-12,3.948842877460807,1634.402,1402.391913,1594.917,1004.49,,34373.99,1975.29048,
2008-11-13,3.95079174988612,1635.22,1393.865769,1584.333,1007.26,,35993.33,2123.761345,
2008-11-14,3.952742966915554,1636.046,1400.960102,1592.746,1008.11,,35789.1,1957.4795349999997,
2008-11-17,3.9546992979921693,1636.867,1404.370265,1594.752,1008.57,,35717.21,1947.4518249999999,
2008-11-18,3.956652444881462,1637.692,1416.787656,1597.206,1006.01,,34094.66,1999.1722399999999,
2008-11-19,3.9585607383556285,1638.518,1417.571832,1598.175,1005.52,,33404.55,1931.9204160000002,
2008-11-20,3.960462985132838,1639.35,1418.466105,1599.143,1006.18,,33404.55,1800.2127000000003,
2008-11-21,3.9623953742325444,1640.19,1416.902935,1599.818,1003.72,,31250.6,1969.1938419999997,
2008-11-24,3.964339840514542,1641.023,1420.168394,1602.082,1008.16,,34188.83,1975.773295,
2008-11-25,3.9662824463231905,1641.843,1423.897666,1608.653,1009.94,,34812.86,1984.686372,
2008-11-26,3.968227392246394,1642.675,1429.099418,1610.271,1013.59,,36469.61,1974.377856,
2008-11-27,3.9701830537521148,1643.498,1429.94043,1611.467,1014.02,,36212.65,2047.611456,
2008-11-28,3.972159172665289,1644.338,1438.287771,1615.235,1017.84,,36595.87,2066.9983119999997,
2008-12-01,3.9741515679847064,1645.183,1456.980145,1628.318,1015.46,,34740.5,1907.727633,
2008-12-02,3.9761463536227404,1646.025,1483.055822,1644.148,1017.81,,35000.84,2043.849599,
2008-12-03,3.97813935722103,1646.867,1491.050111,1646.577,1018.17,,35296.7,2174.67315,
2008-12-04,3.9801347521412187,1647.713,1492.508175,1648.754,1017.74,,35127.77,2116.00827,
2008-12-05,3.9821297548843817,1648.554,1512.377624,1657.811,1018.44,,35347.39,2131.916345,
2008-12-08,3.98412575760272,1649.395,1515.374539,1662.672,1023.71,,38284.91,2285.80319,
2008-12-09,3.986124155241476,1650.229,1509.666525,1662.141,1024.27,,37968.11,2196.436772,
2008-12-10,3.9881221601130488,1651.072,1515.587046,1668.654,1026.18,,39004.4,2200.0805840000003,
2008-12-11,3.9901211664645837,1651.913,1517.359491,1672.045,1026.52,,38519.07,2066.826581,
2008-12-12,3.9921197782556543,1652.759,1516.072664,1674.617,1028.91,,39373.86,2106.249566,
2008-12-15,3.994120788373307,1653.602,1516.363662,1676.461,1027.12,,38320.19,2071.3657359999997,
2008-12-16,3.9961228014772714,1654.441,1513.642728,1676.639,1030.84,,39993.46,2113.9203820000002,
2008-12-17,3.9981286153562445,1655.281,1533.859571,1689.384,1032.46,,39947.43,2137.5062279999997,
2008-12-18,4.000138234723468,1656.123,1553.16927,1703.5,1035.31,,39536.27,2148.928672,
2008-12-19,4.002143264012241,1656.963,1548.462412,1700.5,1035.52,,39131.23,2091.134976,
2008-12-22,4.004156302052606,1657.803,1557.5497,1701.108,1034.55,,37618.5,2096.618802,
2008-12-23,4.006164746812153,1658.65,1565.724226,1704.242,1033.83,,36470.78,2051.73132,
2008-12-24,4.008181209775813,1659.493,1566.508281,1705.034,1034.29,,36470.78,2062.7244,
2008-12-26,4.010197284842518,1660.342,1568.961218,1706.9,1035.42,,36864.13,2065.0448,
2008-12-29,4.012225562425246,1661.192,1574.750075,1707.893,1036.22,,37060.16,2084.173624,
2008-12-30,4.014257674428103,1662.039,1587.189477,1712.598,1037.33,,37550.31,2075.013072,
2009-01-02,4.016292220645234,1663.732,1593.306255,1718.182,1042.6,,40244.22,2159.6328599999997,
2009-01-05,4.018323580924591,1664.571,1603.524788,1729.129,1044.43,,41518.66,2074.89114,
2009-01-06,4.020357375038604,1665.418,1607.434728,1732.946,1047.79,,42312.28,2034.37455,
2009-01-07,4.0223936056419145,1666.274,1597.82813,1729.894,1046.27,,40820.25,2055.91954,
2009-01-08,4.024429459717538,1667.181,1604.687289,1737.674,1049.51,,41990.55,2087.648404,
2009-01-09,4.026467752750296,1668.04,1619.794925,1749.088,1051.93,,41582.94,2006.1366200000002,
2009-01-12,4.028505668873995,1668.903,1621.7799,1749.442,1049.66,,39403.47,2015.1740559999998,
2009-01-13,4.030544616448182,1669.773,1629.961519,1758.007,1051.83,,39544.23,2019.7630720000002,
2009-01-14,4.032584595994905,1670.65,1620.93066,1756.531,1048.65,,37981.77,1997.4307099999999,
2009-01-15,4.034628430845693,1671.515,1622.528272,1762.155,1051.13,,39151.08,1986.417082,
2009-01-16,4.036671889453348,1672.373,1625.698236,1763.245,1053.3,,39341.54,1981.119648,
2009-01-19,4.038683928189928,1673.241,1634.748409,1768.628,1053.23,,38828.32,2000.75742,
2009-01-20,4.040706864582719,1674.1,1643.226369,1773.178,1052.86,,37272.07,1912.155934,
2009-01-21,4.042753401795493,1674.971,1641.177431,1776.535,1056.4,,38542.9,1963.892952,
2009-01-22,4.044659074894032,1675.83,1645.147142,1783.818,1056.7,,37894.33,1920.2137500000001,
2009-01-23,4.046565646288755,1676.623,1632.556027,1778.853,1058.55,,38132.35,1938.193915,
2009-01-26,4.0484745327010785,1677.417,1620.845019,1775.305,1059.15,,38509.45,1943.1011390000003,
2009-01-27,4.050384319592389,1678.207,1626.690076,1781.227,1059.91,,38698.92,1980.9911040000002,
2009-01-28,4.05229500738747,1678.998,1630.776019,1786.74,1061.88,,40227.45,1985.6702530000002,
2009-01-29,4.054206596511305,1679.801,1617.486244,1780.792,1059.51,,39638.42,1938.3285899999998,
2009-01-30,4.056117668416769,1680.6,1628.647962,1787.324,1059.56,,39300.79,1918.5192399999999,
2009-02-02,4.058032521006851,1681.393,1633.961,1792.355,1060.15,,38666.44,1910.6459680000003,
2009-02-03,4.059946816687985,1682.187,1636.522074,1794.836,1061.38,,39746.76,1932.933252,
2009-02-04,4.061863476980675,1682.986,1630.199419,1794.104,1062.04,,40129.04,1920.3707250000002,
2009-02-05,4.063781042109523,1683.791,1627.522566,1792.604,1063.96,,41108.65,1930.4834550000003,
2009-02-06,4.065699512501692,1684.58,1630.63889,1796.206,1067.07,,42755.5,1948.7041000000002,
2009-02-09,4.067617424932724,1685.38,1623.938165,1793.641,1067.18,,42100.12,1964.994521,
2009-02-10,4.06953770644286,1686.172,1621.405977,1789.603,1067.21,,41207.43,1910.160588,
2009-02-11,4.07145742946512,1686.971,1627.086395,1788.965,1067.0,,40845.62,1891.922808,
2009-02-12,4.073379523802996,1687.77,1624.049091,1783.747,1066.72,,40500.79,1926.8668490000002,
2009-02-13,4.075301059125759,1688.564,1634.896724,1789.063,1068.48,,41673.62,1863.6973600000001,
2009-02-16,4.077224968002762,1689.364,1633.242426,1790.338,1069.63,,41841.32,1880.2341600000002,
2009-02-17,4.079148317336918,1690.16,1633.056448,1791.107,1068.18,,39846.97,1846.184298,
2009-02-18,4.081072573972654,1690.959,1632.933028,1791.301,1069.0,,39674.39,1856.7290999999998,
2009-02-19,4.082997738337974,1691.759,1643.874819,1795.859,1069.83,,39730.33,1849.0477720000001,
2009-02-20,4.0849238108610795,1692.563,1638.270611,1795.176,1069.39,,38714.64,1835.4141750000001,
2009-02-25,4.0868507919703765,1693.362,1640.65762,1796.677,1069.53,,38231.58,1812.12459,
2009-02-26,4.088778682094472,1694.159,1652.149817,1804.292,1070.07,,38180.18,1773.366348,
2009-02-27,4.090704619517099,1694.959,1660.245367,1811.539,1071.63,,38183.31,1754.365794,
2009-03-02,4.092632895860647,1695.757,1666.275961,1814.8,1068.94,,36234.69,1715.116786,
2009-03-03,4.0945635135766105,1696.559,1663.944714,1813.519,1069.03,,36467.56,1683.0992430000001,
2009-03-04,4.09649504202287,1697.361,1658.570157,1808.524,1071.51,,38402.24,1688.860317,
2009-03-05,4.0984274816290425,1698.16,1664.93023,1811.189,1070.54,,37368.93,1633.3421499999997,
2009-03-06,4.100360832824951,1698.966,1672.735237,1817.164,1072.75,,37105.09,1623.3691900000001,
2009-03-09,4.102295096040619,1699.77,1679.923034,1819.879,1073.34,,36741.35,1614.335886,
2009-03-10,4.104230271706274,1700.572,1688.807734,1821.259,1076.59,,38794.55,1679.1146400000002,
2009-03-11,4.106163487291155,1701.377,1694.078316,1825.193,1077.05,,38804.8,1688.1266719999999,
2009-03-12,4.107881916710587,1702.183,1693.127628,1825.326,1078.34,,39151.86,1723.4738180000002,
2009-03-13,4.109601065292731,1702.9,1685.912823,1821.882,1078.53,,39015.37,1743.99906,
2009-03-16,4.111310659335892,1703.615,1685.005622,1821.438,1079.15,,38607.2,1722.0355379999999,
2009-03-17,4.11301656546777,1704.333,1686.591661,1822.35,1080.35,,39510.72,1776.0589000000002,
2009-03-18,4.114736382214455,1705.048,1698.755664,1830.219,1082.04,,40142.29,1786.8903249999998,
2009-03-19,4.116459880695509,1705.763,1699.480125,1842.436,1083.84,,40453.43,1769.107856,
2009-03-20,4.118184101081137,1706.48,1701.418811,1846.754,1084.17,,40076.41,1744.5857999999998,
2009-03-23,4.119909043673715,1707.196,1701.432853,1845.88,1086.95,,42438.55,1847.3731079999998,
2009-03-24,4.121633225608493,1707.913,1694.212715,1842.24,1086.3,,41475.83,1813.1251040000002,
2009-03-25,4.12335812911341,1708.629,1698.591842,1838.73,1086.31,,41799.3,1821.300664,
2009-03-26,4.125083754490444,1709.345,1704.746501,1840.378,1088.09,,42588.66,1872.935568,
2009-03-27,4.1268071732322325,1710.061,1703.040508,1840.932,1087.33,,41907.29,1869.4001340000002,
2009-03-30,4.128520994983204,1710.775,1702.490231,1842.185,1086.23,,40653.13,1835.7324299999998,
2009-03-31,4.130242877234582,1711.492,1701.498262,1840.89,1086.56,,40925.87,1853.292436,
2009-04-01,4.13197287076614,1712.209,1703.64618,1842.951,1089.98,,41976.33,1844.2337040000002,
2009-04-02,4.133703588922789,1712.927,1697.626608,1840.863,1093.18,,43736.45,1861.6686559999998,
2009-04-03,4.135435032008045,1713.646,1691.473907,1837.402,1096.41,,44390.98,1861.67225,
2009-04-06,4.1371672003255515,1714.367,1695.173405,1839.141,1097.62,,44167.26,1857.021396,
2009-04-07,4.138900094179079,1715.087,1693.2413,1840.149,1098.77,,43824.53,1806.9325799999997,
2009-04-08,4.140633713872527,1715.808,1686.503938,1840.044,1101.62,,44181.98,1817.9925119999998,
2009-04-09,4.142368059709919,1716.526,1689.065915,1838.677,1105.27,,45538.71,1859.5917599999998,
2009-04-13,4.144088343741436,1717.249,1685.323354,1836.62,1105.72,,45991.89,1866.0202900000002,
2009-04-14,4.1458078503179046,1717.969,1699.290639,1839.634,1103.87,,45418.18,1858.5369,
2009-04-15,4.147544363394088,1718.691,1698.58937,1836.386,1105.42,,45272.65,1860.47301,
2009-04-16,4.149281603826139,1719.412,1695.487894,1832.022,1107.31,,46024.78,1881.24873,
2009-04-17,4.151009198714708,1720.133,1683.839893,1828.019,1106.99,,45778.28,1908.94592,
2009-04-20,4.152739007267996,1720.85,1683.723271,1827.178,1104.57,,44433.15,1870.963003,
2009-04-22,4.154476928542539,1721.571,1693.460992,1831.731,1106.83,,44888.2,1864.7516299999997,
2009-04-23,4.156217072748827,1722.295,1694.80703,1835.441,1107.31,,45801.17,1878.8243679999998,
2009-04-24,4.157957945831918,1723.018,1693.066563,1835.367,1110.91,,46771.79,1891.6730740000003,
2009-04-27,4.159699548097109,1723.74,1687.819854,1833.336,1111.54,,45819.71,1906.7592359999999,
2009-04-28,4.161440382357988,1724.463,1693.625694,1836.31,1113.54,,45821.44,1882.036128,
2009-04-29,4.163162636074631,1725.186,1696.847308,1837.22,1117.63,,47226.79,1904.185744,
2009-04-30,4.164755503730819,1725.91,1692.369406,1837.205,1118.67,,47289.53,1911.8030239999998,
2009-05-04,4.166350521793638,1726.571,1697.212736,1838.531,1123.5,,50404.53,1918.0868079999998,
2009-05-05,4.167946150716475,1727.235,1698.100925,1840.933,1122.96,,50669.78,1930.6071799999997,
2009-05-06,4.169542390733276,1727.899,1698.948638,1843.24,1126.37,,51499.48,1943.610561,
2009-05-07,4.171139242078079,1728.563,1705.915504,1846.723,1126.87,,50058.06,1915.772507,
2009-05-08,4.17273516166349,1729.227,1702.606452,1848.411,1131.56,,51395.99,1914.957184,
2009-05-11,4.174331691863694,1729.89,1706.556289,1852.179,1132.74,,50976.39,1880.1264720000001,
2009-05-12,4.175928832912318,1730.553,1712.243899,1853.68,1133.07,,50325.78,1880.738675,
2009-05-13,4.177526585043078,1731.217,1714.967241,1856.487,1131.08,,48679.19,1868.6068799999998,
2009-05-14,4.179124948489782,1731.88,1718.925141,1864.732,1134.12,,49446.02,1863.122634,
2009-05-15,4.180725469762554,1732.544,1728.634211,1878.333,1134.01,,49007.21,1867.5560639999999,
2009-05-18,4.182326604002963,1733.209,1734.809086,1890.765,1138.75,,51463.02,1883.6455260000002,
2009-05-19,4.183928351445764,1733.875,1734.231384,1896.198,1140.27,,51346.61,1852.948452,
2009-05-20,4.1855307123258,1734.54,1740.443954,1910.276,1140.55,,51245.09,1837.206245,
2009-05-21,4.187117070321079,1735.206,1726.001686,1904.059,1138.03,,50087.33,1804.287063,
2009-05-22,4.188699507475466,1735.872,1733.679227,1908.675,1139.82,,50568.49,1797.8602999999998,
2009-05-25,4.190280992861508,1736.54,1739.281683,1911.52,1141.14,,50816.24,1798.3038000000001,
2009-05-26,4.191884236272187,1737.206,1743.617095,1915.488,1141.03,,51840.8,1826.759211,
2009-05-27,4.193488093099827,1737.872,1735.553602,1914.303,1142.89,,51791.61,1822.2889300000002,
2009-05-28,4.195089544267701,1738.539,1737.618384,1915.8,1143.91,,53040.74,1815.927075,
2009-05-29,4.196678014923639,1739.206,1742.651384,1920.117,1144.99,,53197.73,1810.889628,
2009-06-01,4.198265576249904,1739.875,1747.682743,1926.579,1147.03,,54486.29,1840.293666,
2009-06-02,4.199868851890819,1740.542,1749.091609,1932.705,1148.6,,53999.52,1816.829494,
2009-06-03,4.201465180042733,1741.21,1745.349153,1934.043,1147.66,,52086.63,1830.722048,
2009-06-04,4.203068165052875,1741.879,1746.615207,1935.271,1149.78,,53463.9,1826.298988,
2009-06-05,4.204673274754428,1742.547,1737.183267,1928.399,1149.73,,53341.01,1843.986535,
2009-06-08,4.206265374289914,1743.215,1732.260166,1922.314,1149.27,,53630.39,1843.813562,
2009-06-09,4.207841377800353,1743.885,1717.301307,1897.754,1148.97,,53157.13,1832.0839199999998,
2009-06-10,4.209424031099371,1744.555,1714.318992,1905.949,1149.55,,53410.93,1828.90071,
2009-06-12,4.210880660191092,1745.224,1720.695267,1923.499,1154.22,,53558.23,1822.40046,
2009-06-15,4.212322465729142,1745.832,1723.414632,1926.039,1153.54,,52033.82,1801.438744,
2009-06-16,4.213761689946008,1746.44,1732.822505,1930.287,1153.49,,51205.78,1799.772795,
2009-06-17,4.2152014059026115,1747.049,1733.075829,1931.137,1153.05,,51045.84,1794.645126,
2009-06-18,4.216643131239473,1747.656,1726.186164,1925.741,1153.06,,50903.02,1811.02564,
2009-06-19,4.21808690984761,1748.264,1723.822525,1921.238,1154.01,,51373.77,1819.705619,
2009-06-22,4.219526585090811,1748.871,1730.196103,1922.063,1152.29,,49494.8,1815.282408,
2009-06-23,4.220966751709568,1749.48,1739.305658,1926.197,1154.86,,49813.58,1771.7609400000001,
2009-06-24,4.222405848113897,1750.089,1739.076501,1927.04,1155.51,,49672.12,1775.6626460000002,
2009-06-25,4.223848517520022,1750.697,1742.47835,1930.606,1156.3,,51514.81,1787.6970760000002,
2009-06-26,4.225311658646491,1751.307,1747.57854,1933.17,1157.32,,51485.61,1779.26607,
2009-06-29,4.226773785492848,1751.916,1737.330033,1928.354,1158.54,,52137.58,1814.3109410000002,
2009-06-30,4.228213340108711,1752.525,1736.118198,1929.081,1159.56,,51465.46,1794.328776,
2009-07-01,4.229671862300381,1753.135,1744.369414,1934.078,1162.21,,51543.78,1784.3352250000003,
2009-07-02,4.231133932973022,1753.743,1744.645541,1937.908,1163.03,,51024.94,1753.128594,
2009-07-03,4.232598074559188,1754.352,1746.304313,1939.446,1164.52,,50934.69,1751.066828,
2009-07-06,4.234064246532215,1754.962,1745.479729,1942.727,1165.64,,50622.47,1754.7508,
2009-07-07,4.235530926387214,1755.572,1747.632726,1944.232,1164.56,,49456.7,1759.857425,
2009-07-08,4.236982696967543,1756.183,1748.979559,1949.296,1164.69,,49177.55,1761.934592,
2009-07-09,4.238433439842985,1756.794,1749.758641,1950.073,1164.82,,49177.55,1773.4806559999997,
2009-07-10,4.239903201406919,1757.403,1751.35113,1952.716,1166.75,,49220.78,1754.567654,
2009-07-13,4.241371903875886,1758.015,1741.86832,1949.131,1167.92,,49186.93,1782.4571099999998,
2009-07-14,4.242822580308169,1758.626,1750.094959,1953.834,1167.66,,48872.58,1775.89932,
2009-07-15,4.24426760082257,1759.237,1744.693712,1954.585,1170.56,,51296.66,1802.87044,
2009-07-16,4.245739385498507,1759.849,1742.162225,1954.599,1171.43,,51918.2,1817.321532,
2009-07-17,4.247211680545217,1760.461,1748.331553,1957.543,1172.33,,52072.49,1811.2659179999998,
2009-07-20,4.2486844861396795,1761.073,1751.784823,1959.192,1174.11,,53154.93,1807.147,
2009-07-21,4.250156230445678,1761.686,1754.640343,1959.775,1173.98,,53233.57,1811.506466,
2009-07-22,4.251609911381178,1762.297,1754.785391,1961.013,1174.35,,53072.57,1816.3584660000001,
2009-07-23,4.253005162205795,1762.91,1751.242941,1957.457,1175.84,,54249.36,1854.0723389999998,
2009-07-24,4.254400870909876,1763.49,1757.839134,1959.229,1177.07,,54457.29,1856.481108,
2009-07-27,4.255797037643682,1764.072,1762.328578,1959.447,1178.09,,54548.99,1840.11423,
2009-07-28,4.2571765542534346,1764.653,1761.839538,1956.87,1179.13,,54471.54,1842.567258,
2009-07-29,4.258573631883244,1765.233,1762.652877,1956.528,1178.94,,53734.53,1846.4465249999998,
2009-07-30,4.259969592319775,1765.816,1758.342504,1952.492,1180.92,,54478.43,1858.05025,
2009-07-31,4.261366010352138,1766.396,1756.316001,1953.568,1183.12,,54765.72,1841.748948,
2009-08-03,4.262766039541178,1766.978,1762.888832,1955.42,1186.01,,55997.81,1829.79975,
2009-08-04,4.26416337424894,1767.559,1765.140166,1957.991,1186.89,,56038.07,1826.562095,
2009-08-05,4.265561167003019,1768.141,1763.292123,1960.623,1188.82,,56384.08,1818.5329920000001,
2009-08-06,4.2669609962111945,1768.723,1765.654363,1963.856,1188.88,,55754.88,1836.4219440000002,
2009-08-07,4.268361284801321,1769.305,1762.423491,1963.614,1190.49,,56329.51,1839.3767440000001,
2009-08-10,4.269762032924154,1769.887,1762.598705,1963.422,1190.74,,56830.01,1853.76897,
2009-08-11,4.271163240730498,1770.47,1762.104516,1962.918,1189.9,,55761.16,1838.55315,
2009-08-12,4.2725649083712085,1771.053,1763.213035,1963.916,1190.67,,56588.26,1849.4834279999998,
2009-08-13,4.273967035997188,1771.636,1766.948004,1968.465,1190.35,,57047.98,1846.9157010000001,
2009-08-14,4.275369623759391,1772.219,1770.954682,1970.613,1190.25,,56638.0,1855.9599560000001,
2009-08-17,4.27677267180882,1772.802,1773.268839,1975.845,1188.07,,55218.37,1842.578211,
2009-08-18,4.278176180296528,1773.385,1772.443631,1976.641,1190.14,,55748.92,1825.2483809999999,
2009-08-19,4.279581732298802,1773.97,1773.232742,1979.705,1191.18,,56156.28,1834.98109,
2009-08-20,4.280987746081132,1774.552,1766.299878,1980.313,1192.76,,56831.48,1857.791754,
2009-08-21,4.282392637829763,1775.137,1764.482741,1979.713,1194.59,,57728.59,1877.7152870000002,
2009-08-24,4.28379799062172,1775.721,1769.181209,1980.177,1195.18,,57775.37,1888.0743699999998,
2009-08-25,4.285203804608302,1776.305,1769.442592,1982.091,1195.58,,57421.43,1913.7248,
2009-08-26,4.28661007994086,1776.89,1771.530577,1985.633,1196.52,,57765.69,1914.35944,
2009-08-27,4.288016816770794,1777.475,1772.892965,1986.772,1197.35,,57703.85,1924.633464,
2009-08-28,4.289424015249553,1778.06,1771.482922,1984.899,1197.85,,57700.57,1935.6231160000002,
2009-08-31,4.290831675528637,1778.645,1772.206858,1986.639,1197.57,,56488.98,1919.192652,
2009-09-01,4.292239797759596,1779.23,1774.018823,1988.687,1196.43,,55814.96,1909.949148,
2009-09-02,4.293648382094026,1779.816,1774.624095,1987.934,1197.41,,55385.72,1876.4964,
2009-09-03,4.295057428683577,1780.4,1775.249032,1987.138,1198.72,,55707.17,1866.327372,
2009-09-04,4.2964669376799485,1780.986,1778.111224,1989.483,1201.52,,56652.28,1874.44488,
2009-09-08,4.297876909234887,1781.571,1781.186211,1989.99,1204.1,,57854.8,1876.053544,
2009-09-09,4.299288933714647,1782.157,1779.456668,1995.13,1204.71,,57909.95,1894.993906,
2009-09-10,4.300701422100929,1782.743,1780.711228,1997.222,1206.65,,58535.79,1890.4154700000001,
2009-09-11,4.3021143745461465,1783.33,1782.271797,1999.35,1207.09,,58366.38,1908.8215380000001,
2009-09-14,4.30352779120276,1783.917,1783.804321,2001.111,1208.73,,58867.55,1901.9287499999998,
2009-09-15,4.304940079917999,1784.504,1780.924713,2004.295,1209.92,,59263.86,1898.6287310000002,
2009-09-16,4.306354424931855,1785.092,1772.252578,2001.821,1211.47,,60410.66,1926.653652,
2009-09-17,4.307767641263484,1785.681,1772.592789,2002.381,1211.36,,60236.03,1923.72414,
2009-09-18,4.309182915244345,1786.268,1775.413562,2004.279,1212.65,,60703.01,1931.70006,
2009-09-21,4.3105970598016405,1786.859,1767.972869,1998.597,1213.16,,60928.02,1942.6851020000001,
2009-09-22,4.312013263359668,1787.445,1774.148453,2002.949,1214.17,,61493.39,1921.379214,
2009-09-23,4.313429932197212,1788.034,1772.970936,2002.756,1214.13,,60496.19,1907.4442599999998,
2009-09-24,4.314845470498061,1788.622,1769.066923,2001.556,1213.32,,60046.28,1891.6141559999999,
2009-09-25,4.316261473336114,1789.209,1771.298775,2001.339,1213.7,,60355.73,1869.5446380000003,
2009-09-28,4.317677940863819,1789.798,1776.854739,2004.941,1215.12,,61316.62,1899.757856,
2009-09-29,4.319090123787936,1790.387,1779.460886,2005.766,1215.11,,61235.26,1896.582802,
2009-09-30,4.32050436665807,1790.976,1777.229428,2004.383,1216.85,,61517.89,1867.8603599999997,
2009-10-01,4.321922226576076,1791.566,1776.452217,2002.512,1216.13,,60459.33,1839.9300099999998,
2009-10-02,4.323340551793171,1792.155,1784.754535,2005.316,1217.48,,61171.99,1826.92422,
2009-10-05,4.324759342462053,1792.745,1788.080331,2005.649,1220.09,,62369.3,1831.001508,
2009-10-06,4.326178598735468,1793.335,1788.800657,2000.484,1221.38,,62670.59,1855.885312,
2009-10-07,4.3275983207662145,1793.925,1789.081324,1995.696,1222.32,,62638.28,1849.1961149999997,
2009-10-08,4.329016907495761,1794.516,1785.698584,1987.477,1223.55,,63759.87,1850.0994719999999,
2009-10-09,4.330435959238039,1795.107,1784.98412,1987.233,1224.12,,64071.01,1865.4640900000002,
2009-10-13,4.331855476145477,1795.697,1784.944451,1987.684,1225.0,,64645.59,1847.603904,
2009-10-14,4.333275458370557,1796.288,1789.996094,1988.46,1225.59,,66201.13,1857.4168180000001,
2009-10-15,4.334695906065811,1796.88,1786.001865,1986.286,1227.07,,66703.32,1865.24856,
2009-10-16,4.336118423221304,1797.471,1782.502837,1981.169,1226.92,,66200.49,1859.9328,
2009-10-19,4.337541407204252,1798.063,1772.718068,1974.007,1227.61,,67239.45,1885.8800070000002,
2009-10-20,4.338964858167855,1798.654,1777.999382,1977.482,1225.48,,65303.11,1914.4829819999998,
2009-10-21,4.3403887762653595,1799.247,1780.847228,1980.078,1226.89,,65485.59,1875.6883,
2009-10-22,4.341813161650066,1799.84,1778.418958,1980.569,1227.02,,66134.97,1878.165835,
2009-10-23,4.343238014475324,1800.433,1781.321055,1981.886,1226.85,,65058.84,1853.9970799999999,
2009-10-26,4.344663334894535,1801.025,1782.604971,1984.551,1226.83,,65085.55,1848.81096,
2009-10-27,4.346089123061147,1801.618,1786.735736,1986.566,1226.02,,63161.04,1855.455216,
2009-10-28,4.347513771075686,1802.212,1784.951686,1985.677,1224.19,,60162.31,1855.1515590000004,
2009-10-29,4.3489404946699395,1802.805,1784.400537,1984.176,1227.43,,63720.58,1847.3554079999997,
2009-10-30,4.350367686472075,1803.399,1781.112742,1981.879,1226.97,,61545.5,1824.9554400000002,
2009-11-03,4.351796956271788,1803.992,1785.30558,1984.321,1228.34,,62643.23,1823.822286,
2009-11-04,4.3532266956438015,1804.586,1786.418264,1984.792,1229.45,,63912.57,1800.71255,
2009-11-05,4.354656904742388,1805.18,1789.905337,1985.878,1230.68,,64815.72,1830.8703950000001,
2009-11-06,4.356087583721871,1805.774,1792.31186,1986.24,1230.93,,64466.13,1839.40986,
2009-11-09,4.357518732736627,1806.368,1792.376716,1985.473,1232.94,,66214.35,1857.033612,
2009-11-10,4.35895035194108,1806.963,1793.350911,1985.964,1233.0,,66303.49,1870.905217,
2009-11-11,4.360384010711833,1807.557,1793.536537,1983.588,1233.43,,66431.24,1887.4598819999999,
2009-11-12,4.361816571274712,1808.152,1790.190316,1980.646,1233.18,,64447.93,1887.339916,
2009-11-13,4.363249602491038,1808.748,1792.372538,1981.242,1233.75,,65325.63,1883.5193,
2009-11-16,4.36468310451544,1809.343,1793.351605,1982.538,1234.55,,66627.1,1899.3434599999998,
2009-11-17,4.366115462569849,1809.939,1794.240331,1990.451,1235.23,,67405.98,1900.5347439999998,
2009-11-18,4.3675482906812,1810.536,1792.592609,1996.765,1235.71,,66515.66,1914.9599,
2009-11-19,4.368981589003753,1811.131,1793.627698,1998.06,1236.26,,66327.28,1890.67332,
2009-11-20,4.370416974215004,1811.727,1794.285791,1998.847,1236.49,,66327.28,1889.6153320000003,
2009-11-23,4.3718495968991515,1812.323,1794.012923,1999.754,1237.02,,66809.4,1909.92336,
2009-11-24,4.373287498231572,1812.92,1796.58065,2000.865,1237.37,,67317.0,1914.2118450000003,
2009-11-25,4.374727490606114,1813.516,1799.447576,2001.753,1238.08,,67917.08,1912.615923,
2009-11-26,4.376167957126945,1814.113,1795.31391,2001.199,1238.14,,66391.8,1940.159547,
2009-11-27,4.377600889562827,1814.711,1794.381374,2002.787,1238.98,,67082.15,1900.0657919999999,
2009-11-30,4.379037486846755,1815.31,1790.50807,2002.5,1240.99,,67044.44,1923.5975910000002,
2009-12-01,4.380471358881448,1815.905,1796.793161,2005.89,1241.91,,68408.4,1908.0154019999998,
2009-12-02,4.3819105189416945,1816.503,1796.464057,2007.234,1242.61,,68614.79,1906.322678,
2009-12-03,4.383350151823588,1817.101,1797.805028,2007.834,1242.76,,68314.82,1881.193176,
2009-12-04,4.384788635842911,1817.699,1798.290019,2008.181,1243.6,,67603.52,1915.00437,
2009-12-07,4.386217989242423,1818.298,1800.896856,2008.789,1244.34,,68512.19,1912.5942,
2009-12-08,4.387655791499297,1818.896,1800.374921,2008.324,1244.42,,67728.51,1923.99828,
2009-12-09,4.389097311933035,1819.495,1800.372472,2008.457,1244.0,,68011.99,1931.2830900000001,
2009-12-10,4.390537681997892,1820.094,1800.859823,2009.617,1245.33,,68728.29,1936.4982449999998,
2009-12-11,4.3919785247489935,1820.693,1803.471587,2013.062,1246.73,,69267.47,1945.621985,
2009-12-14,4.39341984034146,1821.292,1803.636644,2014.763,1247.26,,69349.4,1945.7931149999997,
2009-12-15,4.394863254495806,1821.892,1802.417219,2016.398,1248.46,,69310.81,1941.09336,
2009-12-16,4.396307142869437,1822.496,1799.011663,2017.421,1249.33,,68622.4,1948.052834,
2009-12-17,4.397751505618156,1823.096,1797.195535,2019.527,1250.15,,67067.96,1952.995344,
2009-12-18,4.399196342897811,1823.695,1800.924666,2022.692,1250.6,,66794.21,1962.617094,
2009-12-21,4.4006432385749905,1824.296,1806.075095,2026.285,1251.15,,65925.19,1988.1336299999998,
2009-12-22,4.402087397666594,1824.895,1812.448169,2031.269,1252.26,,67417.93,1991.0818179999999,
2009-12-23,4.403530401915549,1825.498,1812.138147,2032.737,1252.23,,67588.86,1972.2384,
2009-12-24,4.404973879181297,1826.099,1813.025886,2033.57,1252.52,,67588.86,1985.98424,
2009-12-28,4.406419459459228,1826.699,1811.368328,2035.306,1252.92,,67901.7,1964.367204,
2009-12-29,4.407865514133238,1827.301,1813.638249,2036.365,1253.15,,68296.04,1960.37634,
2009-12-30,4.409300759223295,1827.904,1814.470567,2037.252,1254.82,,68588.41,1961.7730720000002,
2010-01-04,4.4107461280121685,1829.107,1820.791588,2040.86,1256.31,,70045.08,1948.7256,
2010-01-05,4.4121919705929304,1829.708,1821.19476,2044.186,1257.79,,70239.82,1966.861512,
2010-01-06,4.41363828712089,1830.311,1822.627014,2047.305,1259.81,,70729.34,1968.3893400000002,
2010-01-07,4.415086710797574,1830.914,1822.511522,2048.377,1261.03,,70451.12,1993.97905,
2010-01-08,4.416535609803456,1831.516,1824.062035,2050.715,1261.93,,70262.7,1976.693472,
2010-01-11,4.417984984294526,1832.0,1823.685043,2051.014,1263.01,,70433.49,1992.6483540000002,
2010-01-12,4.419434834426822,1832.0,1823.931263,2051.206,1262.91,,70075.78,1986.5670479999999,
2010-01-13,4.420885160356435,1833.324,1825.338969,2053.214,1264.22,,70385.47,2012.845192,
2010-01-14,4.422335962239509,1833.93,1823.120414,2052.47,1264.36,,69801.42,2021.519292,
2010-01-15,4.423785603967931,1834.53,1827.849352,2054.29,1264.07,,68978.3,2013.385969,
2010-01-18,4.425235720888912,1835.14,1830.038019,2055.44,1264.91,,69400.93,2004.297729,
2010-01-19,4.4266863131582195,1835.74,1830.326667,2054.27,1266.13,,69908.59,2036.022123,
2010-01-20,4.4281390188056085,1836.35,1831.040231,2055.71,1266.79,,68200.07,2035.7259519999998,
2010-01-21,4.429592201187409,1836.95,1827.728587,2053.86,1265.73,,66270.14,2013.01344,
2010-01-22,4.431045860460073,1837.56,1829.167069,2054.32,1266.63,,66220.04,1992.134472,
2010-01-25,4.4324999967801,1838.16,1830.05597,2055.84,1267.16,,66220.04,1997.2545899999998,
2010-01-26,4.433954610304044,1838.766,1835.159269,2057.424,1266.5,,65523.73,2004.459601,
2010-01-27,4.435409701188507,1839.372,1837.791434,2060.219,1267.16,,65069.79,2039.1550000000002,
2010-01-28,4.436865269590146,1839.977,1837.350867,2061.119,1267.67,,65587.81,2030.24016,
2010-01-29,4.438322957305816,1840.584,1841.47606,2062.209,1268.69,,65401.77,2034.98365,
2010-02-01,4.439781123930209,1841.189,1847.266674,2064.35,1268.37,,66571.74,2012.9320390000003,
2010-02-02,4.441238126901649,1841.796,1852.504939,2066.883,1267.84,,67163.21,2018.744604,
2010-02-03,4.4426939647596475,1842.4,1853.833002,2071.993,1269.56,,67108.56,2032.7112,
2010-02-04,4.444151923638063,1843.008,1858.179267,2075.763,1269.77,,63934.01,1995.3511589999998,
2010-02-05,4.445610360974843,1843.615,1860.09259,2079.303,1268.95,,62762.7,2003.690867,
2010-02-08,4.447069276927004,1844.221,1866.993235,2081.83,1269.21,,63153.09,1981.91587,
2010-02-09,4.448528671651613,1844.828,1869.10758,2083.434,1269.73,,64718.17,1977.571596,
2010-02-10,4.449988545305788,1845.436,1868.158994,2085.978,1270.63,,65051.42,1982.6814680000002,
2010-02-11,4.451448898046701,1846.042,1863.561975,2087.72,1271.46,,66128.94,1987.943751,
2010-02-12,4.452909730031573,1846.649,1864.563588,2090.712,1272.8,,65854.97,1994.4257440000001,
2010-02-17,4.454371041417677,1847.257,1866.238273,2093.258,1272.84,,67284.57,2012.543104,
2010-02-18,4.455834480479624,1847.865,1869.381042,2095.205,1272.95,,67836.08,2001.8894,
2010-02-19,4.457298400339841,1848.474,1871.671589,2096.365,1272.77,,67597.43,1999.500759,
2010-02-22,4.458762801156288,1849.082,1871.65639,2097.73,1272.68,,67184.16,2006.956626,
2010-02-23,4.46022768308698,1849.691,1873.839088,2099.377,1271.82,,66108.33,1999.7247399999999,
2010-02-24,4.4616913960057385,1850.299,1869.84882,2099.749,1272.5,,65794.77,2016.620904,
2010-02-25,4.463155589271166,1850.908,1871.123776,2099.567,1272.37,,66121.04,2011.5419720000002,
2010-02-26,4.464620263040897,1851.517,1867.273738,2098.382,1272.34,,66503.27,1996.476124,
2010-03-01,4.466083765563122,1852.127,1872.596356,2097.439,1272.23,,67227.93,2005.8234380000001,
2010-03-02,4.467549400272466,1852.736,1875.705641,2098.725,1272.05,,67779.16,2004.9061679999998,
2010-03-03,4.469015515959153,1853.345,1874.93776,2098.734,1273.06,,67641.34,2004.312285,
2010-03-04,4.470480459245285,1853.956,1876.696596,2099.948,1273.5,,67814.71,2008.319548,
2010-03-05,4.471945882739825,1854.566,1879.319331,2099.193,1274.41,,68846.5,2024.83634,
2010-03-08,4.47341509584014,1855.176,1882.09487,2095.772,1274.12,,68575.47,2036.225135,
2010-03-09,4.474884791635727,1855.786,1883.875376,2097.605,1275.26,,69576.38,2025.0970650000002,
2010-03-10,4.476354970285171,1856.398,1884.245891,2099.355,1275.47,,69979.28,2026.3549679999996,
2010-03-11,4.477823975695769,1857.008,1881.628966,2100.515,1276.19,,69884.61,2028.908336,
2010-03-12,4.479291806395002,1857.621,1883.14104,2102.685,1275.97,,69341.38,2026.742376,
2010-03-15,4.480761775587107,1858.232,1885.267935,2105.853,1275.47,,69023.75,2029.959844,
2010-03-16,4.482230569297144,1858.843,1886.558883,2108.603,1276.02,,69942.21,2049.229604,
2010-03-17,4.48370150290307,1859.457,1885.451114,2111.407,1276.79,,69723.24,2060.69307,
2010-03-18,4.485171260255722,1860.069,1886.446873,2119.663,1277.87,,69697.33,2088.817611,
2010-03-19,4.4866431589082,1860.681,1881.61719,2122.117,1278.38,,68828.98,2089.79183,
2010-03-22,4.488115540593659,1861.294,1878.49009,2122.698,1278.77,,69041.73,2086.4501569999998,
2010-03-23,4.489588405470616,1861.906,1882.173382,2125.028,1278.49,,69386.72,2085.443337,
2010-03-24,4.491061753697639,1862.519,1882.418015,2125.338,1279.44,,68913.4,2103.297264,
2010-03-25,4.492533923740501,1863.132,1886.092158,2126.496,1278.87,,68441.66,2120.579443,
2010-03-26,4.49400495904849,1863.746,1886.530567,2128.629,1279.55,,68682.66,2122.0272099999997,
2010-03-29,4.4954699147850405,1864.359,1889.807154,2132.255,1279.04,,69939.12,2105.3432900000003,
2010-03-30,4.496940248130069,1864.973,1892.207853,2137.029,1279.2,,69959.58,2100.035973,
2010-03-31,4.498414345143406,1865.587,1890.078058,2139.773,1279.58,,70371.54,2083.1056590000003,
2010-04-01,4.499884022094108,1866.2,1890.491589,2144.1,1279.83,,71136.34,2078.87526,
2010-04-05,4.50135908407655,1866.815,1894.907673,2145.669,1279.29,,71289.68,2092.031792,
2010-04-06,4.502836295087171,1867.429,1895.282573,2147.037,1279.4,,71095.65,2085.207264,
2010-04-07,4.504315656923558,1868.044,1893.509002,2154.05,1281.48,,70792.94,2106.298185,
2010-04-08,4.505793838192691,1868.659,1891.883163,2163.023,1283.68,,71784.78,2112.930996,
2010-04-09,4.50727250455657,1869.275,1888.283782,2162.375,1284.17,,71417.27,2106.86868,
2010-04-12,4.508753323865217,1869.89,1891.382485,2163.498,1282.5,,70614.36,2097.668736,
2010-04-13,4.51023296144351,1870.505,1888.261815,2155.432,1282.51,,70792.4,2094.67635,
2010-04-14,4.511711415808271,1871.121,1884.53717,2145.354,1283.14,,71034.85,2113.1895750000003,
2010-04-15,4.513192024143597,1871.737,1877.990685,2142.251,1284.95,,70524.35,2118.968496,
2010-04-16,4.5146747882512095,1872.354,1879.660207,2145.641,1284.78,,69421.35,2096.002966,
2010-04-19,4.516158039506141,1872.97,1877.572707,2140.373,1284.2,,69097.58,2100.45008,
2010-04-20,4.51764177806844,1873.587,1871.279677,2130.449,1285.44,,69318.44,2113.651462,
2010-04-22,4.519124332570748,1874.203,1871.175584,2132.064,1286.52,,69386.41,2131.852146,
2010-04-23,4.520607373602968,1874.82,1877.751518,2136.624,1286.06,,69509.49,2138.1523199999997,
2010-04-26,4.522090901324764,1875.437,1875.960492,2138.772,1285.06,,68871.94,2116.845325,
2010-04-27,4.523576589069485,1876.053,1878.495159,2135.707,1283.35,,66511.1,2096.705523,
2010-04-28,4.52506109119872,1876.67,1880.147305,2136.082,1280.95,,66655.71,2083.09296,
2010-04-29,4.526671334188023,1877.288,1887.847226,2153.017,1280.27,,67978.05,2084.953806,
2010-04-30,4.528282150182294,1877.956,1884.591805,2154.275,1282.19,,67529.73,2064.1285860000003,
2010-05-03,4.52989847521298,1878.626,1880.281736,2156.296,1282.68,,67119.41,2076.3030200000003,
2010-05-04,4.531515377174723,1879.296,1872.598371,2153.61,1283.96,,64869.32,2071.1692799999996,
2010-05-05,4.533132856273452,1879.965,1871.011419,2146.629,1286.06,,64914.17,2092.90709,
2010-05-06,4.534747603528186,1880.64,1869.118331,2138.27,1288.26,,63414.22,2092.8310650000003,
2010-05-07,4.536362925972039,1881.31,1872.035264,2123.6,1284.38,,62870.88,2041.8158200000003,
2010-05-10,4.537977190719246,1881.977,1878.741696,2127.85,1283.53,,65452.68,2053.88183,
2010-05-11,4.539590396230775,1882.648,1884.969957,2132.634,1284.77,,64424.89,2069.326416,
2010-05-12,4.541205809473274,1883.319,1889.519267,2136.663,1285.84,,65223.63,2078.659747,
2010-05-13,4.542821797560575,1883.991,1890.526996,2143.76,1286.52,,64788.22,2055.1504640000003,
2010-05-14,4.544438360697237,1884.663,1888.057142,2146.642,1287.46,,63412.47,2043.429024,
2010-05-17,4.546055499087891,1885.334,1891.593359,2147.843,1287.65,,62866.26,2047.174164,
2010-05-18,4.547671576357262,1886.007,1894.559947,2144.708,1286.81,,60841.08,2041.98552,
2010-05-19,4.549288228125941,1886.679,1896.606521,2141.238,1284.31,,59689.32,2038.0883900000001,
2010-05-20,4.5509054545981575,1887.352,1901.341518,2141.699,1280.61,,58192.08,2018.4469239999999,
2010-05-21,4.552523255978213,1888.024,1907.908011,2143.358,1282.83,,60259.33,2015.924646,
2010-05-24,4.5541432713788526,1888.698,1910.562357,2141.659,1284.01,,59915.14,2008.1549600000003,
2010-05-25,4.555763863261973,1889.37,1913.72322,2141.478,1283.01,,59184.08,1981.6927529999998,
2010-05-26,4.557385031832715,1890.044,1913.453407,2142.042,1286.03,,60190.36,1998.882015,
2010-05-27,4.559005136637682,1890.718,1911.266136,2143.801,1287.83,,62091.77,2002.3848179999998,
2010-05-28,4.560627458615555,1891.392,1914.39947,2144.868,1288.64,,61946.99,1979.5669110000001,
2010-05-31,4.562248716070818,1892.065,1918.813489,2146.87,1290.73,,63046.51,1983.7066690000001,
2010-06-01,4.563875477095507,1892.739,1923.281335,2151.492,1291.78,,61840.99,1978.4579380000002,
2010-06-02,4.565502818174374,1893.414,1924.81317,2155.207,1294.66,,62942.91,1996.4154880000003,
2010-06-04,4.567129095933236,1894.089,1931.636094,2164.615,1295.92,,61675.75,1986.4271520000002,
2010-06-07,4.568757597154972,1894.766,1934.416041,2168.097,1295.78,,61182.92,1974.6735059999999,
2010-06-08,4.570385034298655,1895.442,1932.089915,2167.918,1296.09,,61793.64,1969.2666000000002,
2010-06-09,4.572011405813111,1896.118,1930.956902,2167.801,1296.1,,61478.61,1953.1320690000002,
2010-06-10,4.573760703097089,1896.793,1926.574039,2168.789,1296.07,,63048.8,1961.2027799999998,
2010-06-11,4.575504083464288,1897.521,1921.946773,2167.782,1297.58,,63605.38,1976.5601199999999,
2010-06-14,4.577253069900192,1898.249,1920.662225,2168.388,1298.08,,63532.85,1973.428893,
2010-06-15,4.579006066280902,1898.978,1916.47439,2164.303,1298.66,,64442.27,1993.473625,
2010-06-16,4.580758039791922,1899.706,1925.942255,2168.308,1298.38,,64750.71,1992.142453,
2010-06-17,4.582510683625527,1900.435,1927.863986,2168.871,1298.3,,64540.91,1986.774408,
2010-06-18,4.584265693567142,1901.163,1933.029071,2171.568,1298.72,,64437.58,1980.339471,
2010-06-21,4.5860213756424635,1901.893,1937.316453,2172.9,1299.02,,64829.03,1971.6998400000002,
2010-06-22,4.587777730108907,1902.622,1936.851464,2172.943,1300.35,,64810.62,1958.41428,
2010-06-23,4.5895347572239835,1903.352,1934.742876,2172.026,1300.38,,65160.33,1951.803092,
2010-06-24,4.591292457245305,1904.083,1940.62313,2171.469,1298.99,,63936.7,1915.0334840000003,
2010-06-25,4.59305083043058,1904.813,1941.031121,2172.333,1299.99,,64823.83,1916.8659539999999,
2010-06-28,4.594809877037618,1905.544,1945.1312,2173.415,1300.96,,64225.22,1913.056971,
2010-06-29,4.596569597324326,1906.276,1946.68412,2171.928,1300.01,,61977.91,1888.184616,
2010-06-30,4.598328290817958,1907.008,1942.792379,2174.24,1301.73,,60935.9,1860.122337,
2010-07-01,4.60009101398496,1907.74,1950.735758,2179.117,1301.24,,61236.2,1840.1224069999996,
2010-07-02,4.6018544128742604,1908.473,1953.207454,2180.67,1301.14,,61429.79,1812.114018,
2010-07-05,4.603618487744892,1909.206,1955.424638,2181.274,1301.31,,60865.27,1817.5336920000002,
2010-07-06,4.605383238855984,1909.939,1954.361654,2180.461,1302.85,,62064.75,1829.535576,
2010-07-07,4.607148666466767,1910.672,1956.931049,2178.322,1303.65,,63283.8,1873.921198,
2010-07-08,4.60891477083657,1911.406,1953.983495,2174.409,1304.52,,63476.32,1884.15752,
2010-07-09,4.610681552224823,1912.14,1954.826369,2174.963,1304.99,,63476.32,1892.2509840000002,
2010-07-12,4.612449010891052,1912.874,1958.067858,2170.055,1304.94,,62960.1,1899.3551249999998,
2010-07-13,4.614217147094887,1913.609,1963.142389,2173.325,1304.88,,63685.56,1924.5123799999997,
2010-07-14,4.615984299977882,1914.344,1959.766832,2179.246,1306.93,,63479.46,1930.346642,
2010-07-15,4.617753791399435,1915.079,1961.688251,2185.019,1307.33,,63489.37,1932.984592,
2010-07-16,4.61952396113783,1915.814,1965.809928,2193.422,1307.42,,62339.27,1897.7226480000002,
2010-07-19,4.621293146424466,1916.55,1961.560262,2191.255,1308.96,,63297.04,1920.32275,0.143408
2010-07-20,4.623064672939216,1917.286,1966.875721,2190.567,1308.69,,64462.5,1922.310216,0.12419400000000001
2010-07-21,4.62483687855094,1918.022,1974.826427,2196.057,1309.65,,64476.84,1904.7258719999998,0.142464
2010-07-22,4.6266929180870395,1918.759,1971.117713,2202.711,1311.25,,65748.1,1922.7812270000002,0.08790500000000001
2010-07-23,4.628549702488926,1919.53,1967.719942,2198.495,1311.91,,66322.99,1955.8983080000003,0.106428
2010-07-26,4.6304072320555285,1920.301,1971.648329,2197.213,1312.24,,66443.26,1965.0936239999999,0.10574399999999999
2010-07-27,4.632263840139293,1921.073,1974.383444,2201.645,1312.88,,66674.44,1968.378048,0.106032
2010-07-28,4.634121192648635,1921.846,1972.337991,2202.218,1312.93,,66808.25,1956.74397,0.10613999999999998
2010-07-29,4.635979289882039,1922.618,1972.243022,2202.866,1312.96,,66953.83,1936.48974,0.12306000000000002
2010-07-30,4.63783813213811,1923.391,1978.759688,2208.624,1314.63,,67515.4,1933.1978399999998,0.10529399999999998
2010-08-02,4.639701058959027,1924.164,1981.729073,2206.571,1315.45,,68517.46,1972.5067199999999,0.10511999999999999
2010-08-03,4.641563063788007,1924.938,1979.002472,2204.206,1315.45,,67997.36,1969.0964040000001,0.105444
2010-08-04,4.643425815876767,1925.712,1975.093763,2203.697,1316.84,,68272.0,1975.149928,0.10513199999999999
2010-08-05,4.645289315525194,1926.486,1980.984455,2206.368,1317.61,,68411.72,1972.211476,0.105108
2010-08-06,4.6471535630333,1927.26,1980.863071,2204.015,1317.7,,68094.76,1975.095876,0.10565399999999998
2010-08-09,4.649018558701217,1928.035,1985.632037,2204.354,1317.18,,67862.28,1972.3919309999999,0.122423
2010-08-10,4.650884302829194,1928.81,1987.514591,2205.223,1316.95,,67223.23,1965.666604,0.12273800000000001
2010-08-11,4.652750795717605,1929.585,1991.453863,2212.568,1317.92,,65790.29,1933.591356,0.12423600000000001
2010-08-12,4.654618037666942,1930.361,1991.70525,2216.718,1319.93,,65966.17,1917.664617,0.12387900000000002
2010-08-13,4.656486028977818,1931.137,1996.33501,2226.634,1321.45,,66264.43,1912.431,0.10632
2010-08-16,4.658354769950966,1931.913,2007.8896,2239.277,1321.77,,66701.89,1893.8801480000002,0.122822
2010-08-17,4.660224260887243,1932.69,2009.481358,2237.783,1322.42,,67583.77,1916.752176,0.12280800000000001
2010-08-18,4.662092824406888,1933.467,2017.660761,2240.324,1321.9,,67638.38,1918.1718960000003,0.12271700000000002
2010-08-19,4.663962137145762,1934.244,2019.554409,2245.527,1323.48,,66887.13,1888.2684650000003,0.12288500000000002
2010-08-20,4.665832199404272,1935.021,2020.064114,2248.493,1324.4,,66677.16,1882.1019780000001,0.12293400000000002
2010-08-23,4.667703011482945,1935.799,2025.94151,2250.456,1324.18,,65981.86,1889.2271999999998,0.1062
2010-08-24,4.669574573682429,1936.577,2031.325089,2255.01,1322.38,,65156.36,1862.3358349999999,0.123935
2010-08-25,4.671448567350338,1937.356,2027.921206,2256.802,1323.97,,64803.43,1861.074455,0.10581
2010-08-26,4.6733216313679025,1938.135,2019.383262,2254.474,1324.5,,63867.48,1845.096918,0.105714
2010-08-27,4.675197128805003,1938.914,2016.654464,2251.069,1325.92,,65585.14,1863.1389589999999,0.122507
2010-08-30,4.677068329703836,1939.693,2016.314348,2249.295,1327.08,,64260.79,1845.4698480000002,0.105564
2010-08-31,4.678943647021313,1940.473,2020.313372,2252.783,1327.78,,65145.45,1842.518547,0.105354
2010-09-01,4.680819716266022,1941.253,2015.871943,2247.575,1326.92,,67072.53,1886.18634,0.10475999999999999
2010-09-02,4.682696537739456,1942.033,2016.558837,2252.2,1326.54,,66808.08,1881.5125999999998,0.10356
2010-09-03,4.684572425972474,1942.814,2015.791864,2251.621,1327.12,,66678.62,1913.894928,0.10396799999999999
2010-09-06,4.686447379240246,1943.595,2018.379821,2255.478,1327.19,,66747.3,1907.157417,0.10360199999999999
2010-09-08,4.68832477006037,1944.379,2018.948662,2254.658,1328.45,,66407.28,1896.9792809999997,0.10357799999999999
2010-09-09,4.69020628855709,1945.161,2020.406408,2256.233,1330.22,,66624.1,1899.520854,0.10321799999999999
2010-09-10,4.69208687367055,1945.942,2017.754377,2254.418,1330.29,,66806.79,1910.86701,0.103332
2010-09-13,4.693966523672143,1946.724,2015.711827,2254.06,1330.69,,68030.58,1919.12214,0.10263599999999999
2010-09-14,4.695846926661526,1947.506,2019.45137,2256.283,1330.51,,67691.85,1916.9688899999999,0.10259399999999999
2010-09-15,4.697721320920771,1948.289,2016.883161,2255.835,1333.95,,68106.85,1939.170652,0.103416
2010-09-16,4.699599845722581,1949.072,2011.415695,2249.131,1334.05,,67662.99,1925.192988,0.102708
2010-09-17,4.701482505420778,1949.855,2012.786907,2245.401,1333.65,,67089.12,1937.478067,0.103278
2010-09-20,4.70336591931245,1950.639,2008.665119,2243.677,1334.79,,68190.46,1980.4307010000002,0.103986
2010-09-21,4.705250087699727,1951.423,2012.439137,2248.586,1334.11,,67719.13,1949.935624,0.102648
2010-09-22,4.70713501088486,1952.208,2009.718948,2249.97,1333.46,,68325.18,1949.033324,0.103098
2010-09-23,4.709022383738824,1952.992,2015.511058,2256.226,1333.8,,68794.32,1938.0820899999999,0.10338
2010-09-24,4.710910513353808,1953.778,2021.403935,2259.207,1333.49,,68196.48,1965.2595030000002,0.102654
2010-09-27,4.712799400033242,1954.563,2016.710564,2258.926,1335.51,,68815.97,1953.778896,0.10263599999999999
2010-09-28,4.714687347472895,1955.349,2012.815203,2257.88,1335.56,,69227.63,1960.1568300000001,0.102474
2010-09-29,4.716572656649403,1956.135,2018.40047,2264.016,1337.07,,69228.24,1955.084367,0.102474
2010-09-30,4.7184604176895,1956.921,2016.932671,2264.457,1338.09,,69429.78,1949.05548,0.102474
2010-10-01,4.720354030224327,1957.708,2021.624415,2267.899,1338.73,,70229.35,1957.663296,0.102474
2010-10-04,4.722248402703737,1958.495,2024.751822,2270.307,1339.88,,70384.92,1931.81397,0.10194
2010-10-05,4.7241435354327095,1959.282,2023.895887,2271.381,1340.74,,71283.11,1932.4166,0.099888
2010-10-06,4.726039428716349,1960.07,2025.773374,2277.957,1341.88,,70541.37,1947.8216240000002,0.100752
2010-10-07,4.72793608285988,1960.858,2028.427849,2280.472,1342.07,,69918.4,1947.2778899999998,0.117705
2010-10-08,4.729833498168653,1961.647,2027.666485,2281.194,1344.5,,70808.8,1941.6059600000003,0.149976
2010-10-11,4.731731674948138,1962.436,2028.720627,2282.282,1345.66,,70946.49,1945.152144,0.16692
2010-10-13,4.733630613503928,1963.225,2033.637471,2289.186,1346.83,,71674.9,1946.81025,0.18177500000000002
2010-10-14,4.735528610034718,1964.014,2043.17634,2307.167,1348.6,,71692.29,1948.7593619999998,0.16602
2010-10-15,4.737429072376497,1964.803,2048.790536,2312.449,1350.21,,71830.18,1958.826826,0.183194
2010-10-18,4.739330297411823,1965.593,2045.217689,2308.457,1349.4,,71735.53,1973.134505,0.16655
2010-10-19,4.74123228544678,1966.383,2033.881957,2292.393,1348.61,,69863.58,1962.0931100000003,0.16829000000000002
2010-10-20,4.743135036787575,1967.174,2039.045692,2303.694,1350.59,,70404.68,1972.610031,0.16743
2010-10-21,4.745038551740539,1967.964,2031.983143,2295.836,1352.06,,69652.1,2005.986892,0.186956
2010-10-22,4.746942830612123,1968.755,2028.671082,2295.94,1352.35,,69529.73,2022.9484919999998,0.17099
2010-10-25,4.748847873708904,1969.547,2026.67213,2289.338,1352.87,,69580.28,2022.7862819999998,0.221793
2010-10-26,4.750753681337581,1970.339,2033.874053,2300.396,1355.81,,70740.39,2019.3820480000002,0.25548
2010-10-27,4.752660253804975,1971.131,2031.163339,2295.884,1355.25,,70568.94,2034.641715,0.326933
2010-10-28,4.754567591418032,1971.923,2034.800853,2299.574,1354.94,,70320.13,2027.8151400000002,0.29121
2010-10-29,4.756475694483819,1972.716,2044.01043,2309.625,1357.52,,70673.3,2013.790194,0.323361
2010-11-01,4.758384563309529,1973.509,2049.231139,2314.12,1360.31,,71560.93,2018.0821210000001,0.34078
2010-11-03,4.760294198202476,1974.302,2050.044491,2315.599,1361.28,,71904.77,2036.651796,0.323019
2010-11-04,4.762204599470098,1975.096,2046.347153,2317.765,1364.72,,72995.69,2048.0839379999998,0.38577900000000004
2010-11-05,4.764115767419957,1975.89,2039.602661,2321.015,1365.3,,72606.58,2057.589225,0.43641
2010-11-08,4.766027702359738,1976.684,2035.24228,2318.126,1366.21,,72657.37,2077.690125,0.40763999999999995
2010-11-09,4.767940404597248,1977.479,2035.709158,2325.377,1367.05,,71679.47,2061.20258,0.356727
2010-11-10,4.769852157981875,1978.274,2039.700769,2335.383,1367.39,,71638.38,2085.822165,0.41076
2010-11-11,4.771764677903139,1979.069,2038.132131,2337.219,1368.68,,71195.16,2082.6773479999997,0.377564
2010-11-12,4.7736796825036745,1979.865,2040.82911,2341.722,1367.92,,70367.15,2065.159541,0.464967
2010-11-16,4.775595455633857,1980.661,2028.391008,2331.501,1367.6,,69192.41,2050.4294339999997,0.382822
2010-11-17,4.777511997602112,1981.462,2031.255084,2333.725,1367.55,,69708.63,2033.539186,0.39684200000000003
2010-11-18,4.779429308716989,1982.258,2028.940079,2326.539,1369.65,,70781.4,2052.8020260000003,0.463158
2010-11-19,4.781347389287164,1983.055,2029.899711,2326.941,1370.41,,70897.9,2062.575816,0.4813760000000001
2010-11-22,4.783266239621432,1983.852,2017.493523,2309.453,1369.5,,69632.5,2069.9873039999998,0.501149
2010-11-23,4.785185860028717,1984.65,2022.568713,2312.528,1368.04,,67952.55,2049.393061,0.48599600000000004
2010-11-24,4.787106250818064,1985.448,2030.244002,2318.435,1370.6,,69629.36,2063.79837,0.48221600000000003
2010-11-25,4.789027412298641,1986.246,2036.767322,2325.855,1371.0,,69361.63,2062.36035,0.4818800000000001
2010-11-26,4.790949344779745,1987.044,2035.97702,2325.641,1369.9,,68226.1,2053.38016,0.48339200000000004
2010-11-29,4.792872048570791,1987.843,2029.994407,2322.215,1369.04,,67908.18,2047.69824,0.39652000000000004
2010-11-30,4.794795523981323,1988.642,2035.492132,2329.765,1370.67,,67705.4,2022.164095,0.359709
2010-12-01,4.796719771321007,1989.442,2038.906935,2331.182,1371.16,,69345.85,2057.1935989999997,0.392311
2010-12-02,4.798644790899632,1990.241,2038.140146,2331.181,1371.58,,69527.07,2071.71488,0.44096
2010-12-03,4.800570583027116,1991.041,2038.033671,2332.456,1371.34,,69766.09,2065.106002,0.42155
2010-12-06,4.802497148013496,1991.844,2040.173949,2326.406,1371.52,,69551.81,2048.6036879999997,0.33498000000000006
2010-12-07,4.804424486168937,1992.645,2041.460154,2328.24,1372.35,,69337.64,2057.3685,0.386676
2010-12-08,4.806352597803726,1993.447,2038.37837,2326.664,1371.64,,68174.92,2083.531364,0.407112
2010-12-09,4.808281483228276,1994.248,2035.81337,2330.077,1372.22,,67879.46,2108.0601,0.34194
2010-12-10,4.810212873734459,1995.05,2042.18773,2343.658,1374.89,,68341.83,2125.05328,0.34264000000000006
2010-12-13,4.812143308364946,1995.852,2041.838469,2346.935,1375.19,,69126.32,2102.5797000000002,0.38985000000000003
2010-12-14,4.814074517717459,1996.656,2045.96401,2356.298,1376.71,,68742.97,2101.639393,0.423175
2010-12-15,4.816006502102909,1997.457,2040.726922,2361.3,1376.8,,67870.14,2106.190673,0.409224
2010-12-16,4.817939261832333,1998.26,2042.010237,2366.558,1378.08,,67306.39,2113.8732959999998,0.4252
2010-12-17,4.819872797216891,1999.064,2043.871103,2371.35,1380.07,,67981.22,2132.932477,0.41152799999999995
2010-12-20,4.82180710856787,1999.867,2044.016281,2370.997,1380.17,,67263.6,2129.264392,0.460998
2010-12-21,4.82374219619668,2000.671,2043.574668,2372.557,1380.4,,68214.86,2128.3034399999997,0.40713599999999994
2010-12-22,4.825678060414858,2001.475,2051.640998,2373.17,1380.14,,68470.76,2135.118524,0.424025
2010-12-23,4.827614701534063,2002.279,2049.330631,2373.738,1381.09,,68485.96,2132.1103049999997,0.424125
2010-12-24,4.829552119866083,2003.084,2050.298659,2374.882,1381.42,,68485.96,2132.864367,0.424275
2010-12-27,4.831490315722827,2003.889,2049.524061,2376.297,1381.85,,67803.16,2126.374386,0.45654300000000003
2010-12-28,4.833429289416332,2004.694,2053.190315,2379.33,1383.41,,68040.94,2128.14041,0.47348000000000007
2010-12-29,4.835369041258761,2005.5,2057.535563,2380.539,1384.69,,68952.42,2113.784862,0.50337
2010-12-30,4.837309571562399,2006.305,2061.92588,2384.316,1385.54,,69304.81,2090.470772,0.49856999999999996
2011-01-03,4.839250880639658,2007.921,2069.089044,2384.126,1386.16,1001.11,69962.32,2098.076752,0.49488
2011-01-04,4.8411929688030755,2008.729,2067.844349,2381.249,1386.83,992.56,70317.79,2110.81836,0.49854
2011-01-05,4.843135836365315,2009.536,2065.142999,2379.03,1389.29,998.65,71091.03,2137.727376,0.50238
2011-01-06,4.845079483639164,2010.344,2064.549135,2376.308,1390.1,996.31,70578.83,2147.8384849999998,0.50583
2011-01-07,4.847023910937538,2011.153,2057.366068,2367.867,1389.55,1000.82,70057.2,2145.65625,0.54
2011-01-10,4.848969118573475,2011.962,2052.156215,2363.466,1389.96,997.73,70127.04,2144.60775,0.55737
2011-01-11,4.850915106860141,2012.771,2056.440817,2368.115,1391.18,990.41,70423.44,2151.449688,0.557073
2011-01-12,4.8528618761108255,2013.579,2053.938039,2372.013,1393.1,981.44,71632.9,2154.4973840000002,0.536128
2011-01-13,4.854809426638946,2014.39,2054.514718,2378.826,1393.52,998.71,70721.44,2140.926552,0.533664
2011-01-14,4.856757758758044,2015.199,2048.837173,2380.902,1393.07,1001.36,70940.22,2178.333456,0.67376
2011-01-17,4.858706872781789,2016.01,2044.646062,2382.131,1393.15,1002.43,70609.07,2175.617652,0.5888049999999999
2011-01-18,4.860656769023973,2016.82,2047.019844,2385.822,1394.03,1000.06,70919.75,2170.971528,0.5196839999999999
2011-01-19,4.862607447798517,2017.631,2049.69441,2386.094,1393.45,999.02,70058.08,2144.9085440000003,0.518692
2011-01-20,4.8646459500927826,2018.442,2049.955527,2387.447,1393.74,1002.54,69561.53,2142.899188,0.652782
2011-01-21,4.86668530696798,2019.289,2050.392015,2386.459,1393.42,1000.56,69133.09,2141.14114,0.700728
2011-01-24,4.868725518782367,2020.137,2047.454721,2376.138,1392.88,999.67,69426.57,2157.3808919999997,0.701946
2011-01-25,4.8707665858943505,2020.985,2048.364632,2377.434,1393.14,999.67,69426.57,2158.85296,0.6855199999999999
2011-01-26,4.872808508662489,2021.834,2043.512238,2376.882,1392.62,999.98,68709.22,2165.761089,0.701526
2011-01-27,4.87485128744549,2022.682,2042.433642,2378.392,1391.71,998.16,68050.71,2181.2778900000003,0.70497
2011-01-28,4.8768949226022125,2023.532,2043.866803,2378.392,1390.97,997.54,66697.57,2150.122364,0.75807
2011-01-31,4.878939414491666,2024.383,2040.166104,2378.036,1391.55,1005.64,66574.88,2152.4504319999996,0.870272
2011-02-01,4.880984763473009,2025.234,2044.02363,2382.938,1392.89,1002.03,67847.34,2173.737616,1.16368
2011-02-02,4.883030969905552,2026.084,2051.497339,2386.964,1393.8,1002.1,66688.48,2174.339622,1.200528
2011-02-03,4.885078034148756,2026.936,2048.626023,2383.462,1393.9,1003.65,66764.84,2182.33416,1.152024
2011-02-04,4.887125956562231,2027.788,2043.132837,2376.713,1392.69,1014.9,65269.15,2193.609858,1.3554540000000002
2011-02-07,4.8891747375057415,2028.64,2045.326318,2376.014,1393.31,1004.63,65362.04,2212.31066,1.4927080000000001
2011-02-08,4.891224377339198,2029.492,2058.316094,2388.409,1396.7,998.88,65771.33,2206.071335,1.53226
2011-02-09,4.893274876422666,2030.344,2060.538284,2390.166,1394.5,1000.51,64217.52,2192.9249760000002,1.809618
2011-02-10,4.895327947762567,2031.198,2055.337758,2388.193,1394.29,1000.44,64577.83,2207.5229,1.6365999999999998
2011-02-11,4.897380167144828,2032.051,2054.425671,2386.967,1395.92,1011.24,65755.66,2214.3639,1.78262
2011-02-14,4.899434960941557,2032.905,2050.166424,2383.39,1396.87,1007.04,66557.55,2221.6436,1.7842250000000002
2011-02-15,4.901490616868119,2033.76,2055.17053,2380.34,1397.89,1008.92,66341.39,2216.714292,1.75266
2011-02-16,4.903547135286239,2034.614,2063.599416,2386.245,1400.08,1005.62,67576.62,2233.525248,1.7549700000000001
2011-02-17,4.905604516557791,2035.469,2068.568107,2389.243,1400.88,1004.74,67684.99,2228.598918,1.7291040000000002
2011-02-18,4.907664527062429,2036.324,2070.12637,2389.976,1401.34,997.49,68066.82,2234.097135,1.49715
2011-02-21,4.909725402627278,2037.18,2067.545113,2388.36,1401.42,996.58,67258.66,2238.5290680000003,1.383444
2011-02-22,4.911787143615603,2038.036,2071.707713,2391.12,1399.57,998.9,66439.83,2197.85386,1.453596
2011-02-23,4.913849750390822,2038.893,2070.763393,2392.112,1399.37,999.17,66910.48,2190.41796,1.50786
2011-02-24,4.915913223316505,2039.749,2072.127219,2388.961,1398.45,1003.9,66948.99,2173.3504,1.664
2011-02-25,4.917977562756373,2040.606,2073.948695,2391.065,1399.67,1000.19,66902.53,2210.930988,1.5243410000000002
2011-02-28,4.920040998602379,2041.463,2075.919673,2393.316,1402.18,1000.48,67383.22,2207.432304,1.430352
2011-03-01,4.922107071418922,2042.321,2079.068013,2396.08,1402.96,1002.86,66242.63,2172.8186889999997,1.5302360000000002
2011-03-02,4.924174011841423,2043.179,2076.631486,2396.759,1403.87,1005.21,67281.51,2171.35618,1.5599299999999998
2011-03-03,4.926326072851558,2044.038,2070.875803,2395.706,1405.42,1007.91,68145.53,2197.43147,1.5519399999999999
2011-03-04,4.928479074398437,2044.933,2071.774019,2397.719,1405.31,1009.58,68012.1,2171.310025,1.47915
2011-03-09,4.930633016893112,2045.829,2072.650735,2399.032,1406.07,1010.78,67263.75,2184.2536410000002,1.4230420000000001
2011-03-10,4.932787900746815,2046.725,2077.472641,2407.354,1405.4,1010.63,66040.66,2152.0842869999997,1.5453810000000001
2011-03-11,4.934943726370958,2047.622,2078.528878,2409.565,1404.93,1012.33,66684.6,2171.234916,1.464936
2011-03-14,4.937100494177131,2048.519,2081.602408,2406.383,1404.12,1012.32,67169.25,2152.0074,1.4774
2011-03-15,4.93925993256228,2049.416,2076.904119,2404.0,1404.04,1012.85,67005.22,2135.5954199999996,1.44942
2011-03-16,4.941420315464184,2050.315,2077.755162,2404.421,1403.7,1009.22,66002.57,2106.0281280000004,1.4410159999999999
2011-03-17,4.943579913798854,2051.213,2073.232467,2405.323,1403.29,1006.09,66215.93,2137.794864,1.3930719999999999
2011-03-18,4.945742186217351,2052.112,2076.511111,2408.849,1406.24,1012.38,66879.89,2130.140492,1.365464
2011-03-21,4.947903673382416,2053.011,2073.607913,2409.555,1407.78,1010.65,66689.61,2163.10108,1.26616
2011-03-22,4.950066105203831,2053.91,2074.39594,2414.351,1409.93,1015.15,67578.33,2147.399446,1.344438
2011-03-23,4.952231214617586,2054.809,2079.00645,2419.801,1412.65,1020.94,67795.51,2154.954432,1.41168
2011-03-24,4.954397271028548,2055.709,2078.50728,2418.774,1413.09,1019.06,67532.97,2172.7259400000003,1.44333
2011-03-25,4.9565642748509235,2056.61,2080.419672,2419.386,1415.41,1021.31,67765.94,2180.7766199999996,1.460712
2011-03-28,4.958734010862239,2057.512,2081.648066,2420.992,1416.34,1025.49,67192.82,2178.714951,1.3303200000000002
2011-03-29,4.9609046966754935,2058.414,2077.175595,2419.309,1416.83,1024.78,67418.76,2172.1940720000002,1.300577
2011-03-30,4.963076332706462,2059.315,2079.053336,2426.223,1420.21,1029.8101,67997.06,2163.868366,1.2869890000000002
2011-03-31,4.9652489193711045,2060.217,2080.281098,2430.615,1423.68,1028.25,68586.7,2164.4174749999997,1.27335
2011-04-01,4.967424194922681,2061.12,2087.1019,2434.368,1427.86,1036.9301,69268.29,2140.649906,1.237082
2011-04-04,4.969598684864008,2062.025,2089.49041,2435.731,1428.51,1037.78,69703.8,2142.7218119999998,1.093168
2011-04-05,4.971772337632781,2062.928,2087.921547,2432.152,1429.03,1038.0699,69837.52,2144.867985,1.142745
2011-04-06,4.97394520101522,2063.831,2089.270259,2433.029,1429.31,1041.7099,69036.91,2156.362884,1.194804
2011-04-07,4.976120754906693,2064.737,2089.954161,2434.821,1430.2,1047.22,69176.12,2115.880317,1.1900249999999999
2011-04-08,4.978295518721417,2065.642,2090.222988,2436.106,1430.36,1040.97,68718.01,2089.21141,1.1797499999999999
2011-04-11,4.980471232994919,2066.547,2090.182567,2435.079,1431.17,1039.1999,68164.36,2097.017518,1.219141
2011-04-12,4.982646105172943,2067.452,2095.199355,2437.74,1430.19,1051.87,66896.23,2095.690952,1.371442
2011-04-13,4.984825464752885,2068.357,2097.83541,2439.19,1430.23,1045.28,66486.49,2085.705788,1.459856
2011-04-14,4.98700757210008,2069.263,2099.832011,2439.899,1432.0,1052.26,66278.89,2074.444012,1.5781
2011-04-15,4.989190634664767,2070.17,2103.548711,2440.643,1433.62,1056.77,66684.21,2080.7394560000002,1.560933
2011-04-18,4.991379941407163,2071.076,2102.942921,2440.099,1433.08,1046.97,65415.49,2074.2590020000002,1.8435879999999998
2011-04-19,4.993564917976514,2071.983,2104.522868,2441.048,1434.35,1045.73,66158.09,2070.264264,1.8926399999999999
2011-04-20,4.995747305588266,2072.891,2103.287594,2440.54,1435.75,1047.63,67058.02,2083.3437599999997,1.78524
2011-04-25,4.997973210757744,2073.799,2097.957867,2433.217,1434.52,1046.0601,66972.37,2095.8084000000003,2.448576
2011-04-26,5.000201906971885,2074.726,2104.076208,2435.803,1435.72,1043.98,67144.26,2105.0625,2.796875
2011-04-27,5.002431597006241,2075.653,2107.796482,2438.809,1435.36,1052.53,66264.47,2122.827994,2.97521
2011-04-28,5.004662281303978,2076.581,2111.666701,2441.821,1435.39,1052.26,65673.21,2146.565344,3.4869380000000003
2011-04-29,5.006897513618676,2077.509,2114.496429,2443.955,1438.4,1046.39,66132.86,2146.7312229999998,4.533984
2011-05-02,5.009131941772079,2078.438,2117.367431,2448.919,1439.62,1048.61,65462.75,2162.161848,5.08288
2011-05-03,5.011367367083734,2079.368,2117.087639,2453.118,1438.05,1041.12,64318.18,2152.4132919999997,5.410306
2011-05-04,5.013603789998643,2080.296,2115.449789,2456.185,1436.98,1044.89,63615.5,2179.4248319999997,5.516016
2011-05-05,5.015841210962006,2081.226,2120.45261,2459.876,1436.17,1043.5501,63407.01,2165.6657099999998,5.401593
2011-05-06,5.018079630419223,2082.156,2126.340675,2456.747,1438.55,1044.37,64417.34,2165.0931,5.573475
2011-05-09,5.020317292488019,2083.086,2130.042161,2458.744,1439.97,1041.1899,64621.97,2173.19746,6.13396
2011-05-10,5.022555952375085,2084.018,2129.08634,2459.025,1440.43,1046.48,64876.88,2176.6132079999998,9.318077999999998
2011-05-11,5.024793802405225,2084.949,2132.519569,2461.52,1439.7,1044.5501,63775.82,2176.7195519999996,8.920449999999999
2011-05-12,5.027030890853994,2085.882,2133.55307,2462.99,1440.39,1043.5,64003.16,2184.138675,10.20285
2011-05-13,5.029268975276912,2086.814,2133.474283,2467.977,1440.14,1041.1601,63235.3,2189.528159,13.42094
2011-05-16,5.031506245580564,2087.747,2136.145771,2473.742,1440.31,1046.61,62829.68,2174.082291,13.131459
2011-05-17,5.033748083503345,2088.68,2139.76406,2478.326,1441.32,1045.6899,63673.34,2148.29617,11.622635
2011-05-18,5.03599092029943,2089.613,2139.828322,2481.651,1442.28,1041.26,62840.61,2158.092596,11.074736
2011-05-19,5.038234756413879,2090.547,2139.057079,2485.247,1442.38,1030.6899,62367.36,2171.79504,11.007684
2011-05-20,5.040483169438624,2091.482,2137.833976,2481.277,1442.53,1036.78,62596.52,2164.6971719999997,9.075923999999999
2011-05-23,5.04273258586265,2092.417,2138.388778,2479.284,1440.89,1034.4201,62345.18,2151.6604209999996,11.678095
2011-05-24,5.044981241177338,2093.352,2134.536132,2477.568,1442.32,1040.36,63336.75,2137.63872,12.050080000000001
2011-05-25,5.047230899212403,2094.288,2137.374366,2478.366,1442.64,1040.0799,63388.44,2151.969959,13.68948
2011-05-26,5.049479743411856,2095.224,2140.629977,2480.656,1443.67,1042.36,64098.57,2140.9893500000003,14.212000000000002
2011-05-27,5.051731407419038,2096.159,2144.726966,2481.777,1445.2,1044.0601,64294.96,2122.83828,13.5558
2011-05-30,5.053982256864928,2097.096,2146.411427,2482.122,1445.98,1039.4301,63953.93,2121.64029,14.026320000000002
2011-05-31,5.056228751978105,2098.032,2149.417433,2480.411,1447.56,1040.6,64620.08,2126.0886,13.81357
2011-06-01,5.0584870154256,2098.971,2150.043278,2480.927,1447.51,1035.27,63411.48,2095.65561,15.256494000000002
2011-06-02,5.060742695955518,2099.909,2150.812931,2477.537,1447.29,1040.62,64218.08,2067.355324,16.69076
2011-06-03,5.062999382338499,2100.848,2151.107973,2476.063,1446.62,1035.85,64340.5,2047.7520000000002,22.506749999999997
2011-06-06,5.065260669752632,2101.787,2150.528434,2472.733,1445.7,1035.75,63067.73,2037.1646630000002,29.381345000000003
2011-06-07,5.067519370790488,2102.726,2154.664866,2475.172,1446.55,1034.3299,63217.85,2029.8197180000002,37.786424000000004
2011-06-08,5.069777254721338,2103.666,2159.565685,2481.412,1446.54,1035.72,63032.97,2025.6714359999999,46.85976
2011-06-09,5.072070314973648,2104.606,2160.683621,2484.151,1446.04,1039.0401,63468.82,2040.7448,45.786144
2011-06-10,5.074368013547034,2105.566,2163.149924,2486.468,1446.38,1041.8101,62697.16,2029.500864,38.243359999999996
2011-06-13,5.076663150199562,2106.525,2164.325288,2488.353,1446.65,1041.63,62022.92,2014.197171,31.420608
2011-06-14,5.078957497343663,2107.485,2163.039377,2487.351,1448.3,1039.99,62204.83,2039.599719,30.533736000000005
2011-06-15,5.081265477209606,2108.448,2165.641743,2490.187,1449.0,1041.87,61603.74,2024.9250840000002,31.187898
2011-06-16,5.08357450586776,2109.409,2164.817344,2489.945,1448.56,1041.3101,60880.62,2031.9001560000002,27.249299999999998
2011-06-17,5.085884583794717,2110.371,2165.183474,2490.991,1448.2,1041.24,61059.98,2031.0941,25.047231999999997
2011-06-20,5.08819393140768,2111.333,2165.590932,2490.53,1448.41,1047.2099,61168.24,2041.54092,25.04096
2011-06-21,5.090507940243806,2112.297,2162.220718,2490.111,1449.78,1044.8399,61423.61,2054.824272,24.870048
2011-06-22,5.092821168862012,2113.259,2163.676448,2489.496,1450.58,1046.1999,61194.09,2047.8397400000001,24.94688
2011-06-24,5.095133666170157,2114.222,2166.977441,2487.863,1451.51,1048.9499,61016.72,2035.4817150000001,25.161696
2011-06-27,5.097447213513955,2115.185,2167.809579,2482.799,1450.2,1048.9499,61216.98,2040.8634299999999,26.704525
2011-06-28,5.099760027263671,2116.149,2165.458933,2476.563,1452.65,1047.4399,62303.37,2044.070588,26.71998
2011-06-29,5.10207567529925,2117.114,2164.682327,2476.09,1453.92,1048.6601,62333.97,2053.418146,26.46461
2011-06-30,5.10439778300135,2118.078,2161.114832,2472.928,1454.86,1056.1,62403.64,2064.82064,25.17235
2011-07-01,5.106720947564327,2119.043,2165.242461,2474.675,1456.13,1065.3399,63394.34,2084.5265200000003,23.962400000000002
2011-07-04,5.109045169469192,2120.01,2167.754318,2476.292,1456.29,1055.8001,63891.31,2080.50751,21.524579999999997
2011-07-05,5.111372288453433,2120.976,2165.948553,2474.461,1455.92,1061.51,63038.81,2093.247048,20.198986
2011-07-06,5.1136986273230765,2121.942,2169.53559,2475.572,1455.36,1063.13,62565.46,2102.189331,23.200166
2011-07-07,5.1160260249793295,2122.91,2167.175587,2474.896,1455.85,1058.0,62207.33,2102.497914,22.963686
2011-07-08,5.1183544819040785,2123.878,2167.437799,2475.615,1454.82,1060.03,61513.24,2099.55312,22.357944
2011-07-11,5.120683998579428,2124.845,2169.453465,2473.305,1453.56,1059.8299,60223.63,2081.231577,22.413433
2011-07-12,5.123014575487701,2125.814,2169.058224,2473.317,1453.21,1059.5799,59704.75,2074.368924,22.123191
2011-07-13,5.12534805739669,2126.783,2169.812429,2474.667,1454.59,1065.89,60669.89,2075.540772,21.972644999999996
2011-07-14,5.127682602183354,2127.752,2169.408166,2475.779,1454.11,1069.28,59679.35,2066.9675039999997,22.093008
2011-07-15,5.130018210331823,2128.722,2167.692936,2477.148,1453.91,1072.49,59478.01,2071.9992020000004,21.741083
2011-07-18,5.132354882326447,2129.692,2169.299565,2479.039,1452.95,1078.4399,58837.61,2055.0236480000003,21.220216
2011-07-19,5.13469077100404,2130.663,2170.595278,2479.859,1454.72,1075.9499,59082.13,2074.077009,21.651705
2011-07-20,5.137027722814647,2131.635,2170.599527,2479.779,1455.15,1075.9201,59119.71,2076.0002719999998,21.435802
2011-07-21,5.139411149567201,2132.606,2168.203395,2481.463,1456.99,1081.77,60262.95,2085.98074,21.126803
2011-07-22,5.141795682158266,2133.597,2170.079875,2482.727,1458.13,1079.5,60270.47,2087.47104,21.2624
2011-07-25,5.144183120729406,2134.589,2168.12632,2481.291,1458.54,1086.4201,59970.54,2059.374714,21.63419
2011-07-26,5.146569867371931,2135.581,2171.716729,2485.17,1458.85,1081.7099,59339.9,2049.988854,21.362708
2011-07-27,5.1489577213932956,2136.572,2170.98356,2486.676,1457.26,1089.52,58288.46,2029.1039500000002,21.676699999999997
2011-07-28,5.15134668330729,2137.565,2165.951915,2487.976,1456.85,1088.5601,58708.25,2038.800225,21.145574999999997
2011-07-29,5.153736753627944,2138.558,2169.342275,2489.591,1459.05,1084.51,58823.45,2002.646316,20.92095
2011-08-01,5.1561297882147565,2139.552,2177.233029,2490.342,1459.78,1089.7099,58535.74,2015.090652,20.496322
2011-08-02,5.158522077752594,2140.548,2187.283646,2492.673,1456.89,1090.6899,57310.78,1966.85202,18.89922
2011-08-03,5.160915477241009,2141.542,2188.511906,2492.063,1453.1,1083.9499,56017.22,1964.9960939999999,14.437266
2011-08-04,5.163309987194984,2142.538,2195.462676,2491.921,1447.71,1080.5899,52811.36,1906.671216,17.0796
2011-08-05,5.165705608129743,2143.534,2203.049147,2490.587,1447.47,1083.27,52949.22,1892.3817640000002,15.462440000000003
2011-08-08,5.168102340560747,2144.53,2220.587343,2492.594,1439.4,1074.65,48668.29,1819.7941759999999,12.67968
2011-08-09,5.1705001850036965,2145.527,2225.967116,2493.897,1445.48,1080.38,51150.9,1862.563905,15.869115
2011-08-10,5.172899141974533,2146.524,2225.323257,2493.71,1446.59,1082.5401,51395.29,1820.7866960000001,16.213508
2011-08-11,5.175299211989435,2147.521,2218.188016,2491.348,1451.58,1082.1899,53343.11,1904.6018880000004,15.364932000000001
2011-08-12,5.1777003955648215,2148.519,2230.962282,2500.27,1455.6,1081.4599,53473.35,1899.0629099999999,15.240060000000001
2011-08-15,5.180102693217352,2149.517,2233.912128,2510.292,1458.64,1081.87,54651.83,1914.5368549999998,17.722925
2011-08-16,5.182506105463924,2150.517,2238.857407,2522.983,1459.06,1078.6899,54323.61,1896.726952,17.428592000000002
2011-08-17,5.184910632821676,2151.516,2249.617399,2534.072,1463.36,1083.25,55073.02,1896.1360980000002,17.39079
2011-08-18,5.187314461089266,2152.516,2262.718568,2550.153,1464.82,1082.6899,53134.1,1823.8993500000001,17.31717
2011-08-19,5.189721219379778,2153.516,2265.018601,2560.629,1463.77,1082.77,52447.63,1797.0862349999998,18.634175
2011-08-22,5.192127277931507,2154.517,2263.779823,2562.168,1463.32,1086.5401,52440.23,1805.529212,17.51194
2011-08-23,5.194536269224649,2155.518,2261.841429,2570.754,1466.0,1090.49,53786.63,1856.3891849999998,17.472274
2011-08-24,5.196946378217481,2156.52,2259.47968,2575.775,1465.75,1086.5799,53795.7,1899.5865599999997,17.502135
2011-08-25,5.1993557864973505,2157.521,2261.105451,2579.792,1466.17,1089.1,52953.3,1866.192846,15.550668
2011-08-26,5.201766311827087,2158.523,2274.942139,2600.936,1471.61,1088.6999,53350.79,1886.76344,13.114994
2011-08-29,5.204177954724576,2159.525,2288.587468,2626.939,1478.74,1089.4399,54860.73,1925.7372259999997,14.274858
2011-08-30,5.2065907157079465,2160.527,2282.74633,2620.368,1480.39,1091.75,55385.03,1933.879648,14.014776
2011-08-31,5.209004595295563,2161.53,2282.204066,2624.685,1487.14,1092.9101,56495.12,1937.547544,13.034719999999998
2011-09-01,5.211325519383043,2162.533,2305.462815,2665.802,1500.74,1092.72,58118.2,1950.799074,13.297737000000001
2011-09-02,5.213647477581459,2163.499,2290.789538,2645.076,1497.69,1094.6999,56531.62,1926.367373,14.177376
2011-09-05,5.21597047035157,2164.465,2298.173231,2648.075,1496.19,1094.4101,54998.41,1931.18065,12.518450000000001
2011-09-06,5.218294498154339,2165.432,2303.261395,2650.351,1499.53,1096.4499,56607.3,1930.80268,11.36702
2011-09-08,5.2206195614509365,2166.399,2295.205719,2640.233,1500.06,1093.1801,57623.63,1968.8311800000001,10.841106
2011-09-09,5.222945660702736,2167.367,2303.552427,2646.616,1501.43,1097.9399,55778.39,1931.719328,8.418208
2011-09-12,5.225272796371319,2168.335,2305.516844,2650.99,1502.41,1102.0899,55685.47,1979.113356,10.353024000000001
2011-09-13,5.22760096891847,2169.303,2299.434942,2646.437,1501.84,1100.02,55543.97,2005.255839,9.91626
2011-09-14,5.229930178806181,2170.272,2292.553308,2643.573,1501.75,1098.77,56286.04,2038.4673320000002,9.637738
2011-09-15,5.23226042649665,2171.242,2295.290207,2645.1,1500.65,1100.9101,56381.46,2064.192592,8.262848
2011-09-16,5.234591712452279,2172.212,2297.496991,2646.553,1502.8,1105.6701,57210.11,2106.9805269999997,8.351614
2011-09-19,5.236922205028581,2173.183,2293.695094,2642.278,1502.76,1103.5401,57102.78,2164.833411,9.816534
2011-09-20,5.239253735163482,2174.154,2290.124559,2635.206,1501.55,1106.39,56378.63,2146.331695,10.909405000000001
2011-09-21,5.241588137057721,2175.125,2280.405016,2618.779,1499.06,1103.37,55981.9,2187.675,10.51875
2011-09-22,5.243923579068068,2176.096,2275.171742,2606.825,1496.38,1104.8399,53280.28,2151.8118,10.344149999999999
2011-09-23,5.246260061657957,2177.067,2298.315407,2616.425,1501.62,1107.2099,53230.36,2084.2126200000002,10.178700000000001
2011-09-26,5.248597585291029,2178.039,2318.497058,2627.21,1504.03,1103.6899,53747.52,2121.45339,8.883854000000001
2011-09-27,5.250936150431131,2179.011,2308.115376,2623.0,1505.38,1116.87,53920.36,2122.383666,8.884044000000001
2011-09-28,5.253275757542317,2179.984,2313.074047,2630.983,1504.74,1112.4599,53270.36,2118.871248,8.780615999999998
2011-09-29,5.255616407088848,2180.956,2312.522233,2631.906,1503.67,1111.6,53384.67,2135.48412,8.796634000000001
2011-09-30,5.25795809953519,2181.93,2319.756047,2641.923,1506.33,1111.1701,52324.42,2126.164464,9.659087999999999
2011-10-03,5.2603027282109345,2182.903,2333.347077,2659.305,1510.48,1113.35,50791.53,2078.534007,9.492318
2011-10-04,5.262646508694516,2183.879,2328.77092,2660.726,1505.07,1111.01,50686.34,2088.4114950000003,9.216176
2011-10-05,5.2649913334729295,2184.859,2334.770301,2667.385,1507.15,1110.8001,51013.85,2096.434975,8.924275
2011-10-06,5.267337203011471,2185.833,2328.333642,2665.727,1507.26,1113.7099,52290.37,2074.81157,8.42413
2011-10-07,5.269684117775645,2186.807,2326.628945,2672.493,1506.8,1113.8399,51243.62,2047.47512,7.566439999999999
2011-10-10,5.2720320782311605,2187.787,2324.210037,2675.433,1507.77,1103.8101,53273.11,2106.8300480000003,7.22912
2011-10-11,5.274381084843937,2188.762,2331.641979,2683.627,1508.46,1104.8101,53838.47,2122.920378,6.9785010000000005
2011-10-13,5.276729292046721,2189.739,2329.269028,2682.368,1507.91,1102.1701,54601.07,2107.60866,7.091549999999999
2011-10-14,5.279078544694833,2190.716,2321.985203,2675.209,1507.77,1104.9399,55030.45,2121.9522239999997,6.913872
2011-10-17,5.2814288432537175,2191.693,2320.935471,2671.803,1508.19,1114.0,53911.33,2130.445726,4.541696
2011-10-18,5.283780188189023,2192.67,2330.788485,2675.76,1510.27,1109.0,55031.93,2149.684134,4.245406
2011-10-19,5.286134429289672,2193.649,2337.314242,2675.081,1510.77,1113.4399,54966.13,2146.93206,4.028115
2011-10-20,5.288397634884228,2194.63,2331.621579,2655.71,1506.99,1110.6,54009.98,2164.4880510000003,4.185115
2011-10-21,5.290661809447626,2195.572,2335.914067,2661.137,1507.77,1116.87,55255.23,2198.760525,4.563549
2011-10-24,5.292926953394723,2196.515,2338.685377,2658.773,1509.37,1110.13,56891.97,2195.85336,4.4645399999999995
2011-10-25,5.2951930671405485,2197.456,2338.852647,2657.793,1509.15,1114.36,56285.99,2170.5023,4.89182
2011-10-26,5.297460151100314,2198.398,2347.40615,2665.197,1511.5,1112.51,57143.79,2184.3053999999997,4.871599
2011-10-27,5.299728205689405,2199.345,2337.932424,2667.781,1515.0,1112.8001,59270.13,2196.3919819999996,5.197792
2011-10-28,5.301997231323388,2200.293,2343.498737,2675.55,1516.79,1109.97,59513.13,2148.798989,5.3339989999999995
2011-10-31,5.304267228418007,2201.236,2347.707009,2683.001,1518.38,1107.1701,58338.39,2152.29209,5.581225
2011-11-01,5.306538197389181,2202.181,2349.282024,2677.893,1516.1,1117.78,57322.75,2125.411288,5.495489999999999
2011-11-03,5.30881199594138,2203.127,2351.783546,2677.855,1517.56,1115.85,58196.3,2190.382688,5.47092
2011-11-04,5.311084910709322,2204.068,2357.796407,2679.317,1518.73,1117.14,58669.92,2195.282991,5.447787
2011-11-07,5.313364481463848,2205.015,2365.725738,2682.447,1519.37,1119.0,59198.77,2203.8071999999997,5.259975
2011-11-08,5.315639345332942,2205.958,2370.785904,2686.197,1519.14,1111.3299,59026.13,2210.786584,5.267408
2011-11-09,5.317913269532089,2206.902,2378.703675,2701.764,1520.66,1121.25,57549.74,2186.93763,5.248935
2011-11-10,5.320186252021752,2207.858,2373.407342,2700.595,1520.61,1123.15,57321.81,2183.713935,5.00266
2011-11-11,5.322460206029592,2208.808,2377.065271,2708.066,1522.5,1125.8001,58546.97,2202.7815939999996,5.368132
2011-11-14,5.324731353024107,2209.756,2375.997329,2712.674,1523.84,1126.9201,58258.23,2212.52115,3.9238500000000003
2011-11-16,5.327005386043043,2210.716,2379.961376,2718.834,1525.17,1126.11,58559.99,2189.454391,4.531456
2011-11-17,5.32928039023326,2211.664,2385.097632,2719.755,1521.14,1124.3399,56988.9,2164.1033350000002,4.003875
2011-11-18,5.331558231257653,2212.614,2388.210214,2721.988,1519.02,1128.73,56731.34,2171.758725,3.6623249999999996
2011-11-21,5.333838965237821,2213.579,2384.214051,2718.48,1517.81,1125.0501,56284.59,2155.834158,4.138259
2011-11-22,5.336120674870371,2214.533,2382.095708,2716.235,1517.82,1117.62,55878.44,2160.569544,4.237338
2011-11-23,5.338403360572668,2215.479,2386.140121,2715.604,1517.85,1124.1999,54972.08,2167.7839609999996,4.347547
2011-11-24,5.340687022762254,2216.428,2392.202068,2717.328,1521.11,1118.6,55279.88,2205.3097780000003,4.612626000000001
2011-11-25,5.3429678699690655,2217.378,2397.145971,2721.474,1521.8,1122.89,54894.49,2191.971906,4.748417999999999
2011-11-28,5.34524776778886,2218.329,2404.514391,2721.377,1523.17,1121.23,56017.35,2220.0510799999997,4.7470799999999995
2011-11-29,5.347526714174656,2219.28,2404.729691,2725.67,1523.74,1124.01,55299.76,2205.603626,5.07485
2011-11-30,5.349810482408478,2220.235,2413.284542,2737.302,1529.04,1123.5699,56874.98,2255.12716,5.371245
2011-12-01,5.3520015507896535,2221.189,2407.305755,2730.928,1529.55,1120.74,58143.42,2240.4929159999997,5.508612
2011-12-02,5.354195443265353,2222.099,2403.86383,2731.872,1531.2,1121.01,57885.85,2228.132196,5.586984
2011-12-05,5.356392162571817,2223.011,2398.453897,2726.54,1532.01,1127.24,58910.48,2245.270588,5.143968
2011-12-06,5.358587854847099,2223.925,2400.776774,2731.025,1533.11,1130.22,59536.16,2254.171464,5.4273359999999995
2011-12-07,5.36078251808893,2224.838,2407.022697,2741.373,1533.95,1140.9399,58662.83,2269.313596,5.380804
2011-12-08,5.3629742204136255,2225.752,2403.505178,2741.524,1533.12,1148.49,57455.02,2251.94814,5.436712
2011-12-09,5.3651630110822035,2226.675,2403.531994,2745.641,1532.99,1146.63,58236.46,2257.0826580000003,5.340654000000001
2011-12-12,5.367350763603232,2227.588,2407.586165,2750.868,1533.1,1146.1999,57346.86,2280.0506800000003,5.79016
2011-12-13,5.369541340470382,2228.54,2405.576759,2750.856,1535.67,1150.5,57494.85,2284.515574,6.05735
2011-12-14,5.371738556786902,2229.461,2404.381146,2747.642,1535.71,1153.64,56646.87,2277.858054,5.921055
2011-12-15,5.37393860603022,2230.377,2402.468067,2743.156,1536.05,1151.1999,56331.15,2261.416575,5.95232
2011-12-16,5.376141490943604,2231.295,2398.971627,2739.486,1536.57,1156.4,56096.93,2257.834592,5.92384
2011-12-19,5.378347214274508,2232.21,2397.898781,2738.808,1535.47,1157.6601,55298.33,2250.750055,6.572896
2011-12-20,5.3805557787745775,2233.126,2403.734792,2743.529,1537.27,1155.78,56864.85,2290.465212,7.28854
2011-12-21,5.382763313199494,2234.043,2407.730531,2749.18,1538.81,1154.52,56653.37,2311.951108,7.231121
2011-12-22,5.384969815536841,2234.975,2398.084042,2737.166,1537.37,1151.1801,57347.87,2323.2858,7.207003
2011-12-23,5.387177222363626,2235.92,2394.748482,2731.658,1537.78,1160.27,57701.07,2348.958612,7.3327800000000005
2011-12-26,5.389379715899216,2236.839,2389.407039,2727.202,1538.07,1164.4101,57669.48,2349.464744,7.464335999999999
2011-12-27,5.391585050078962,2237.759,2396.764562,2734.06,1538.64,1171.1999,58005.2,2353.6998000000003,7.570200000000001
2011-12-28,5.393789345710837,2238.68,2399.534402,2737.018,1539.07,1160.6899,56533.76,2340.7006840000004,7.848289
2011-12-29,5.395998426075266,2239.6,2401.656681,2744.651,1542.05,1165.0899,56754.08,2357.174226,7.782471
2012-01-02,5.3982122963095165,2241.44,2406.814994,2753.849,1542.62,1164.1,57829.27,2360.1566869999997,9.796374
2012-01-03,5.40042513149402,2242.363,2405.634134,2755.257,1545.28,1168.74,59264.87,2338.041448,8.934304
2012-01-04,5.402638873763923,2243.284,2399.288959,2745.947,1544.99,1177.1,59364.95,2340.90771,10.208139000000001
2012-01-05,5.404847688641072,2244.208,2395.90288,2740.586,1545.3,1179.65,58546.08,2361.3778979999997,12.810935
2012-01-06,5.407059352315264,2245.131,2398.777611,2745.011,1547.17,1179.25,58600.37,2372.7653889999997,12.441230000000001
2012-01-09,5.4092641889073585,2246.051,2398.351427,2742.317,1547.29,1182.01,59082.88,2347.39503,11.602257
2012-01-10,5.411471871900778,2246.973,2403.900004,2747.75,1550.7,1182.84,59805.96,2325.227168,11.445456000000002
2012-01-11,5.413678507785983,2247.899,2402.508686,2747.724,1551.34,1189.84,59962.4,2329.1782080000003,12.43449
2012-01-12,5.41588409454684,2248.826,2399.717384,2744.412,1551.33,1190.8,59920.78,2304.56495,12.09652
2012-01-13,5.418092529604073,2249.765,2405.056219,2748.502,1552.86,1188.22,59146.58,2302.830376,11.450824
2012-01-16,5.42030186519487,2250.72,2408.205487,2752.247,1553.45,1189.28,59956.46,2302.701467,11.932483999999999
2012-01-17,5.422510150377769,2251.641,2406.844137,2750.558,1554.44,1194.35,60645.9,2312.4351250000004,10.01
2012-01-18,5.42471738313448,2252.622,2410.438479,2756.849,1555.39,1193.37,61722.86,2311.3066799999997,10.46064
2012-01-19,5.426830093566516,2253.549,2412.439504,2760.946,1556.97,1190.75,61926.69,2320.0924999999997,11.2254
2012-01-20,5.428945580473591,2254.428,2418.049504,2775.137,1559.07,1184.93,62312.13,2308.754976,11.391248000000001
2012-01-23,5.4310618920397715,2255.316,2414.234465,2769.396,1558.36,1190.62,62386.24,2309.58,11.1618
2012-01-24,5.433180983768807,2256.223,2414.836045,2770.531,1558.33,1193.02,62486.22,2312.092542,11.062223
2012-01-25,5.435300902325054,2257.108,2415.797038,2771.648,1558.91,1193.02,62486.22,2340.4782499999997,10.14875
2012-01-26,5.437417734614473,2258.014,2429.424843,2786.086,1562.79,1197.86,62953.06,2306.856971,9.343398
2012-01-27,5.439533433855011,2258.911,2436.971319,2792.739,1564.02,1197.66,62904.2,2284.490715,9.180795
2012-01-30,5.441649956314125,2259.802,2443.836758,2798.644,1564.96,1193.22,62770.01,2296.585791,9.602559000000001
2012-01-31,5.4437692613061115,2260.7,2443.796642,2790.66,1567.31,1200.43,63072.31,2292.9115110000002,9.574108
2012-02-01,5.445887431925686,2261.586,2447.394257,2787.485,1569.23,1197.1,64567.18,2296.369287,10.544544
2012-02-02,5.448006426725449,2262.495,2451.791912,2783.523,1571.81,1204.83,64593.1,2278.205598,10.48407
2012-02-03,5.450130168590715,2263.41,2451.226688,2781.997,1572.72,1207.31,65217.37,2310.40371,10.238684
2012-02-06,5.4522508142393145,2264.311,2448.972074,2778.744,1573.45,1208.45,65223.72,2320.0447139999997,9.405610000000001
2012-02-07,5.454372285031135,2265.2,2451.766059,2787.531,1574.65,1207.07,65917.02,2324.73889,9.819802000000001
2012-02-08,5.456492617713218,2266.083,2456.284721,2795.168,1577.32,1213.91,65831.16,2324.2261320000002,9.64152
2012-02-09,5.458615738990771,2266.961,2461.696448,2807.598,1578.29,1208.7,65530.49,2319.9462,10.00428
2012-02-10,5.460739686374812,2267.85,2469.602141,2818.852,1579.55,1209.0,63997.86,2312.294608,10.178202
2012-02-13,5.462860528454207,2268.738,2470.966254,2821.698,1579.28,1222.38,65691.53,2320.0428509999997,9.027738
2012-02-14,5.464984160856038,2269.62,2476.200308,2832.688,1579.94,1219.13,65038.53,2329.3424,7.692608000000001
2012-02-15,5.467108618798729,2270.502,2477.13855,2834.864,1583.34,1221.82,65368.49,2322.4446700000003,7.48657
2012-02-16,5.469231934444098,2271.388,2479.511328,2841.805,1584.59,1226.22,66141.7,2331.07566,7.3294549999999985
2012-02-17,5.471363950436784,2272.275,2482.781889,2851.541,1587.16,1233.63,66203.5,2332.875974,7.557858
2012-02-22,5.473490888458876,2273.162,2482.969242,2853.844,1586.51,1241.08,66092.77,2315.896428,7.539636
2012-02-23,5.475618653306856,2274.169,2478.341224,2853.716,1586.73,1241.16,65819.62,2336.697748,8.603276
2012-02-24,5.477751187747573,2275.101,2470.475355,2844.055,1585.83,1241.45,65942.73,2335.142252,8.600294
2012-02-27,5.479884552725153,2276.026,2467.337858,2840.897,1586.11,1244.59,65241.49,2334.339371,8.466224
2012-02-28,5.48201283028774,2276.924,2475.15624,2850.172,1588.59,1250.35,65958.78,2326.942844,8.258546
2012-02-29,5.484139960906148,2277.865,2476.153959,2851.31,1592.02,1256.23,65811.73,2345.828536,8.348022
2012-03-01,5.4862679168937785,2278.758,2477.454575,2852.568,1594.6,1255.18,66809.8,2354.6406239999997,8.430912
2012-03-02,5.488394723514441,2279.659,2483.663447,2862.302,1598.23,1256.03,67781.6,2370.144715,8.13335
2012-03-05,5.490522354612958,2280.555,2486.074451,2867.097,1597.39,1256.75,66964.03,2373.132996,8.662212
2012-03-06,5.4926488339209,2281.458,2488.135002,2869.864,1596.44,1254.94,65114.15,2361.895552,8.773418
2012-03-07,5.494770204753538,2282.414,2491.718155,2874.712,1598.44,1263.92,66016.76,2388.879843,8.724534
2012-03-08,5.496755410280813,2283.365,2503.736126,2894.129,1603.56,1271.24,66908.39,2404.821146,8.679758
2012-03-09,5.498737320411545,2284.268,2513.793277,2907.86,1607.79,1273.98,66703.96,2455.776518,8.706204000000001
2012-03-12,5.500714006503486,2285.193,2510.997469,2905.968,1606.73,1284.66,66384.76,2463.5745119999997,8.786351999999999
2012-03-13,5.502687387653319,2286.117,2504.735271,2903.154,1610.51,1296.22,68394.33,2502.240375,9.446475
2012-03-14,5.504659495786179,2286.998,2495.55545,2892.676,1611.43,1297.66,68257.22,2516.2571159999998,9.709286
2012-03-15,5.506632310702874,2288.0,2496.936837,2900.559,1611.49,1302.71,67749.49,2522.15532,9.584406
2012-03-16,5.508613817273557,2288.978,2489.020248,2897.422,1611.5,1302.71,67684.13,2527.084749,9.610398
2012-03-19,5.51059405376859,2289.874,2483.390797,2888.846,1611.49,1306.93,67730.31,2567.013775,8.540021000000001
2012-03-20,5.512575002119038,2291.129,2486.651114,2890.175,1611.4,1315.18,67295.56,2550.034936,8.781212
2012-03-21,5.5145566625808,2292.076,2491.845243,2894.629,1612.41,1321.23,66860.05,2550.4722,8.74458
2012-03-22,5.516539035409864,2293.178,2498.002711,2895.219,1610.32,1315.95,65828.19,2533.48501,8.5493
2012-03-23,5.5185301198439145,2294.094,2502.364164,2898.07,1610.56,1319.36,65812.95,2528.7691,8.488900000000001
2012-03-26,5.520515907722239,2295.008,2501.977175,2898.309,1611.81,1309.05,66684.59,2574.081972,8.395464
2012-03-27,5.522502410166474,2296.169,2507.256279,2904.126,1611.29,1310.5,66037.35,2572.9051799999997,8.761415
2012-03-28,5.524487639332881,2297.583,2510.775832,2908.183,1610.8,1309.09,65079.34,2566.375486,8.746061000000001
2012-03-29,5.5264735821494675,2298.449,2508.866649,2905.932,1610.71,1317.85,64871.99,2555.9341919999997,8.760933999999999
2012-03-30,5.528468252259473,2299.447,2509.483747,2905.859,1611.75,1307.3,64510.97,2572.2887610000002,8.875818
2012-04-02,5.530459606523937,2300.626,2517.217217,2910.126,1614.51,1313.09,65216.25,2600.3908,9.107524999999999
2012-04-03,5.5324516780742075,2301.563,2513.221425,2902.497,1616.57,1319.23,64284.26,2579.2771620000003,9.033255
2012-04-04,5.53445049754098,2302.467,2515.942144,2906.289,1616.85,1317.26,63528.65,2554.9206480000003,8.967133
2012-04-05,5.536448046759057,2303.37,2525.554716,2908.603,1617.51,1318.29,63691.18,2544.7852159999998,8.955384
2012-04-09,5.5384422753455,2304.208,2536.521388,2918.965,1615.61,1320.66,62923.21,2512.8396000000002,8.85366
2012-04-10,5.54044126531594,2305.102,2542.505882,2933.183,1615.05,1313.81,61738.28,2490.974765,8.874139999999999
2012-04-11,5.542434937700851,2305.95,2540.228704,2936.819,1615.55,1312.82,61293.14,2512.677818,9.050494
2012-04-12,5.544427332212256,2306.862,2545.076148,2946.537,1617.96,1321.72,63058.0,2535.229147,8.989332
2012-04-13,5.546420442949639,2307.721,2547.400727,2951.763,1619.43,1317.99,62105.6,2517.989776,9.077744000000001
2012-04-16,5.5484122179949065,2308.576,2548.051591,2955.751,1620.03,1315.43,61954.55,2530.006661,9.107189
2012-04-17,5.550402710878112,2309.482,2551.393228,2963.63,1621.75,1319.52,62698.87,2588.24158,9.26778
2012-04-18,5.552395915995615,2310.349,2553.984655,2968.752,1624.3,1319.14,63010.48,2602.1240040000002,9.618432
2012-04-19,5.554238312008461,2311.233,2561.527098,2989.335,1629.03,1321.94,62618.41,2589.573444,9.666798
2012-04-20,5.556083374433326,2312.028,2561.392155,2994.854,1630.38,1317.89,62494.08,2581.435278,10.01841
2012-04-23,5.557937161651206,2312.826,2562.817924,2997.361,1631.09,1319.27,61539.38,2571.21414,9.32976
2012-04-24,5.559781396360185,2313.624,2571.682995,3017.324,1633.45,1312.48,61971.14,2577.657236,9.58188
2012-04-25,5.561626243023125,2314.41,2576.009355,3029.91,1634.15,1320.62,61750.38,2614.079993,9.642861
2012-04-26,5.563471701843085,2315.228,2574.641459,3029.951,1635.99,1318.67,62198.06,2639.522292,9.61554
2012-04-27,5.56531983150772,2316.0,2579.359765,3037.662,1639.55,1325.59,61691.21,2649.263008,9.646658
2012-04-30,5.5671624532507336,2316.795,2577.199377,3034.3,1641.94,1326.05,61820.26,2666.2337430000002,9.441135000000001
2012-05-02,5.569017877153153,2317.589,2593.260867,3065.801,1646.85,1326.91,62423.56,2698.0444399999997,9.75468
2012-05-03,5.570873919431251,2318.363,2596.172706,3070.054,1647.07,1332.8,62104.15,2659.29027,9.80343
2012-05-04,5.572720441300585,2319.17,2619.708206,3129.331,1650.49,1331.17,60820.93,2639.07716,9.772932
2012-05-07,5.574567575218058,2320.018,2626.719213,3185.834,1653.37,1334.16,61220.43,2628.90881,9.71267
2012-05-08,5.5764112519522095,2320.807,2611.068852,3132.031,1651.01,1339.13,60365.48,2646.025916,9.798515
2012-05-09,5.578255538445568,2321.638,2595.184935,3091.326,1650.6,1340.18,59786.12,2668.1162259999996,9.927288
2012-05-10,5.580098370945248,2322.434,2609.619934,3145.15,1653.83,1339.25,59702.05,2652.426068,9.47302
2012-05-11,5.581941812243073,2323.225,2607.374937,3140.195,1655.87,1340.73,59445.21,2661.8474520000004,9.755328
2012-05-14,5.583775703406067,2324.013,2611.447346,3141.435,1657.38,1338.23,57539.61,2671.2127649999998,9.999459
2012-05-15,5.585628511859971,2324.792,2617.575403,3142.779,1658.78,1345.48,56237.97,2663.5821220000003,10.088568
2012-05-16,5.587484001795326,2325.585,2624.470668,3150.66,1660.3,1340.87,55887.57,2650.79232,10.184581
2012-05-17,5.589342119600123,2326.364,2632.566456,3167.648,1658.24,1338.49,54038.2,2621.4637399999997,10.245899999999999
2012-05-18,5.591204935541743,2327.128,2641.403231,3179.682,1658.47,1337.44,54513.16,2621.007192,10.360832
2012-05-21,5.59306227790928,2327.913,2633.075257,3163.145,1659.03,1337.44,56590.24,2686.988382,10.413179999999999
2012-05-22,5.594928403138304,2328.689,2611.542394,3091.682,1655.36,1334.05,55038.75,2752.546678,10.662059999999999
2012-05-23,5.5967971651742365,2329.471,2622.429322,3106.044,1655.4,1335.76,54619.48,2678.60466,10.43934
2012-05-24,5.598666551395376,2330.22,2608.624985,3075.435,1649.17,1337.72,54063.0,2678.8673120000003,10.385408
2012-05-25,5.600538633516831,2331.0,2617.65612,3092.773,1650.55,1339.36,54463.16,2615.21379,10.220175000000001
2012-05-28,5.602409269425812,2331.765,2625.261631,3102.996,1650.29,1336.65,55212.69,2613.500624,10.193648
2012-05-29,5.604282603037323,2332.554,2636.335518,3113.985,1652.51,1353.04,54633.06,2654.9800920000002,10.261890000000001
2012-05-30,5.606160654180426,2333.348,2638.039166,3110.669,1652.76,1352.83,53797.91,2647.65312,10.36224
2012-05-31,5.607940946557768,2334.141,2635.869031,3093.954,1656.07,1371.46,54490.41,2650.273458,10.477068000000001
2012-06-01,5.609723879222908,2334.893,2632.904355,3074.849,1654.41,1386.83,53402.9,2607.349805,10.751326999999998
2012-06-04,5.611509398236426,2335.626,2614.165032,3013.106,1650.84,1401.86,53416.75,2631.13353,10.848294999999998
2012-06-05,5.613297561821268,2336.372,2619.497617,3023.161,1650.81,1400.48,52481.44,2602.75185,11.014368000000001
2012-06-06,5.615078043674902,2337.114,2626.20439,3031.676,1652.09,1399.08,54156.04,2673.396264,11.099088
2012-06-08,5.6168673444443,2337.854,2642.12092,3057.451,1654.72,1401.16,54429.85,2683.2684059999997,11.395682999999998
2012-06-11,5.6186489585972845,2338.589,2637.693165,3028.052,1655.24,1410.41,54001.45,2703.333129,11.503721
2012-06-12,5.620435239474202,2339.328,2644.553834,3033.046,1658.49,1410.6,55049.03,2739.463584,11.79216
2012-06-13,5.622224167806574,2340.065,2649.68914,3040.643,1659.8,1413.49,55650.51,2724.562848,12.287552999999999
2012-06-14,5.624011585314004,2340.802,2653.496752,3045.414,1659.24,1416.05,55351.67,2733.0283299999996,12.234985
2012-06-15,5.62579546554875,2341.526,2643.77778,3023.001,1658.61,1417.45,56104.69,2750.673456,13.3146
2012-06-18,5.62758609998748,2342.262,2649.867501,3027.861,1661.9,1422.35,56195.21,2768.90202,12.99229
2012-06-19,5.629371114022535,2342.996,2655.763606,3038.312,1662.02,1419.08,57195.49,2754.1192379999998,13.182649999999999
2012-06-20,5.631166995995331,2343.685,2655.635907,3045.747,1661.12,1421.35,57166.55,2746.356802,13.512085999999998
2012-06-21,5.6329655344221825,2344.333,2663.686509,3060.948,1662.2,1418.63,55505.17,2725.6462129999995,13.736083999999998
2012-06-22,5.634760535219382,2345.045,2666.993612,3062.401,1662.53,1424.66,55439.5,2757.750814,13.530335000000001
2012-06-25,5.636560221386725,2345.733,2677.800401,3081.992,1663.29,1419.25,53805.38,2708.8906399999996,12.990599999999999
2012-06-26,5.6383542821395904,2346.417,2678.250086,3082.561,1664.33,1425.12,53836.57,2740.431239,13.328561999999998
2012-06-27,5.640153029922679,2347.116,2677.963471,3077.132,1666.56,1418.14,53108.93,2764.12149,13.801410000000002
2012-06-28,5.641950321087195,2347.832,2680.709607,3069.113,1668.06,1417.6,52652.25,2759.7515599999997,13.725665
2012-06-29,5.643752303600247,2348.531,2683.678383,3078.495,1668.64,1424.97,54354.63,2736.988088,13.361845
2012-07-02,5.645550741709313,2349.212,2691.048524,3088.431,1668.58,1434.71,54692.79,2710.400799,13.417924000000001
2012-07-03,5.647349752908666,2349.713,2691.756368,3090.362,1672.18,1443.59,55780.32,2769.33731,12.999975
2012-07-04,5.649151370426839,2350.084,2685.029891,3080.833,1673.92,1449.16,56076.82,2786.924766,13.204233
2012-07-05,5.65095152900254,2350.759,2678.124178,3068.809,1674.98,1453.02,56379.06,2761.691052,13.469398
2012-07-06,5.652748136022155,2351.398,2689.398001,3079.732,1677.98,1444.97,55394.05,2747.1555719999997,13.485534999999999
2012-07-09,5.65454944074318,2352.144,2690.335544,3080.345,1678.1,1444.97,55394.05,2748.6044580000002,14.266746000000001
2012-07-10,5.65634300728029,2352.84,2699.836266,3089.991,1679.0,1460.66,53705.82,2728.013392,14.641919999999999
2012-07-11,5.658133013588374,2353.489,2711.911875,3110.097,1681.11,1467.53,53569.14,2732.1515820000004,14.562405000000002
2012-07-12,5.6598300574231395,2354.139,2706.693168,3106.159,1681.25,1465.88,53420.87,2719.440024,15.810223999999998
2012-07-13,5.66152342197802,2354.735,2711.895543,3119.348,1683.19,1469.27,54330.51,2763.76086,15.62379
2012-07-16,5.663221482697974,2355.395,2714.338265,3134.815,1684.52,1473.25,53401.8,2754.5220360000003,17.29665
2012-07-17,5.664913823173649,2356.053,2708.09289,3135.977,1683.45,1469.49,53909.47,2757.204373,17.792720000000003
2012-07-18,5.666602477335199,2356.572,2713.299267,3144.596,1685.66,1473.07,54583.13,2777.13394,18.42953
2012-07-19,5.668297868130393,2357.228,2723.779624,3155.796,1688.88,1477.56,55346.65,2769.813422,17.848214
2012-07-20,5.6699958634397705,2357.746,2725.064582,3180.554,1690.5,1481.64,54194.79,2757.34251,17.240219999999997
2012-07-23,5.671694367400622,2358.31,2728.693345,3189.756,1690.94,1502.01,53033.96,2753.305124,17.227014999999998
2012-07-24,5.673389239828433,2358.966,2721.387415,3176.884,1693.03,1501.04,52638.63,2740.4573869999995,17.610219999999998
2012-07-25,5.675088760309116,2359.622,2728.639409,3184.255,1691.82,1507.75,52607.54,2720.0641590000005,17.891280000000002
2012-07-26,5.676782547300518,2360.177,2724.984032,3180.889,1690.74,1506.03,54002.72,2749.008426,17.98957
2012-07-27,5.678472639000501,2360.824,2713.584929,3158.282,1691.23,1503.9,56553.12,2801.461161,17.98957
2012-07-30,5.680171581229363,2361.478,2714.623609,3159.617,1693.85,1508.55,57240.92,2826.56612,18.56764
2012-07-31,5.681871031764751,2362.147,2718.659456,3167.159,1693.08,1511.95,56097.05,2837.123308,19.232015
2012-08-01,5.683570990758745,2362.819,2725.840667,3176.469,1695.88,1507.25,56291.93,2811.4737300000006,19.524975000000005
2012-08-02,5.685269412277913,2363.392,2728.904924,3179.359,1696.29,1512.94,55520.4,2797.7039999999997,21.582288
2012-08-03,5.686970388033372,2364.094,2724.801282,3177.027,1693.59,1512.01,57255.22,2821.623215,22.252645000000005
2012-08-06,5.688669825394428,2364.768,2723.295785,3180.961,1695.04,1511.87,58344.61,2831.820553,22.057745999999998
2012-08-07,5.690369770598351,2365.444,2725.430592,3195.053,1696.61,1512.13,57725.66,2842.638475,22.516350000000003
2012-08-08,5.6920702237968985,2366.075,2723.979553,3201.651,1699.93,1494.67,58950.98,2833.325732,22.347836
2012-08-09,5.693771185141876,2366.742,2720.672756,3196.255,1700.96,1507.34,58797.13,2824.11696,22.265992
2012-08-10,5.6954726547851315,2367.418,2714.812017,3181.211,1702.05,1504.55,59280.93,2833.2498109999997,22.954266999999998
2012-08-13,5.697170418228796,2368.071,2720.932217,3184.121,1702.45,1500.28,59122.74,2837.285077,24.329228
2012-08-14,5.698874954646226,2368.767,2719.961926,3182.17,1703.46,1507.83,58082.92,2845.344931,24.705472999999998
2012-08-15,5.700580001043907,2369.451,2724.799511,3193.985,1704.16,1517.44,58189.28,2843.2466369999997,26.803424999999997
2012-08-16,5.702283505365618,2370.161,2715.496096,3180.152,1702.13,1514.35,59445.79,2855.08367,27.229499999999998
2012-08-17,5.703991681412486,2370.86,2718.00269,3186.049,1702.54,1517.6,59082.37,2858.30148,23.339489999999998
2012-08-20,5.705702479637492,2371.564,2710.891383,3173.0,1700.64,1513.62,59283.09,2860.084584,20.36968
2012-08-21,5.707407514709482,2372.264,2715.021645,3186.447,1700.55,1507.53,58917.73,2848.9507200000003,19.99872
2012-08-22,5.709110947556322,2372.967,2711.356561,3182.688,1699.46,1507.43,59380.76,2849.878538,19.778922
2012-08-23,5.71081488880973,2373.663,2709.961291,3182.91,1698.39,1503.62,58511.55,2837.249088,20.43836
2012-08-24,5.712521451622953,2374.244,2716.207284,3189.329,1699.63,1500.22,58425.76,2860.3605100000004,21.4862
2012-08-27,5.714230580916064,2374.923,2723.671011,3199.4,1700.19,1493.34,58111.46,2868.976004,22.273394999999997
2012-08-28,5.715940221563568,2375.624,2728.565044,3207.541,1701.54,1520.02,58406.4,2878.91804,22.348232
2012-08-29,5.717648315979978,2376.339,2732.81696,3206.585,1702.6,1528.08,57369.19,2891.645549,22.387092
2012-08-30,5.719264066217591,2377.028,2733.906298,3215.616,1703.0,1499.94,57256.43,2866.974728,22.083907999999997
2012-08-31,5.7208803302427045,2377.672,2736.87328,3224.438,1703.18,1505.51,57061.45,2854.935426,20.621752
2012-09-03,5.722503343992394,2378.322,2742.070661,3228.045,1705.23,1515.99,57281.45,2859.57714,21.40749
2012-09-04,5.724122583538611,2378.966,2739.24863,3228.121,1706.57,1517.0699,56233.9,2870.151926,21.205302
2012-09-05,5.725742281264849,2379.609,2740.858595,3229.559,1707.0,1514.99,56863.91,2862.014799,22.432299999999998
2012-09-06,5.727362437300756,2380.244,2737.95301,3224.139,1708.15,1516.9201,58321.24,2905.05542,22.678630000000002
2012-09-10,5.728980932651913,2380.89,2735.614912,3218.698,1705.74,1521.48,58404.1,2890.171392,22.590208
2012-09-11,5.730597765650726,2381.543,2738.475246,3219.115,1704.54,1525.1899,59422.55,2890.6505479999996,22.845812
2012-09-12,5.732212991936953,2382.208,2737.284743,3227.112,1704.16,1527.97,59921.8,2910.326904,23.014224
2012-09-13,5.73382867349086,2382.86,2734.095579,3229.494,1706.5,1534.12,61958.12,2949.9097950000005,23.033700000000003
2012-09-14,5.735442688924162,2383.522,2733.473701,3229.211,1706.23,1532.7901,62105.47,2949.568971,23.483541000000002
2012-09-17,5.737055036572872,2384.186,2737.755032,3234.78,1707.19,1533.6999,61805.98,2969.13808,24.16048
2012-09-18,5.738665714774389,2384.847,2736.632802,3231.813,1707.7,1537.3199,61804.33,2952.788088,24.78665
2012-09-19,5.7402768451738115,2385.52,2737.389406,3227.386,1706.81,1534.4399,61651.83,2956.7268849999996,25.437908999999998
2012-09-20,5.74189267570296,2386.182,2742.046042,3234.979,1709.22,1537.5601,61687.97,2951.7695639999997,24.822791999999996
2012-09-21,5.743508961072244,2386.848,2742.535373,3236.844,1710.65,1535.4499,61320.07,2953.1533750000003,25.018324999999997
2012-09-24,5.745125701409697,2387.514,2746.184411,3241.321,1711.94,1534.3101,61909.99,2952.387585,24.52065
2012-09-25,5.746749273932916,2388.185,2751.46506,3248.739,1713.41,1532.3199,60501.1,2928.445926,24.783079999999998
2012-09-26,5.7483711789804985,2388.85,2752.728508,3248.941,1713.22,1534.2099,60478.05,2918.23952,24.98172
2012-09-27,5.7499914148810065,2389.513,2754.591839,3256.887,1714.01,1529.6899,60239.79,2936.122635,24.975759000000004
2012-09-28,5.751612107461205,2390.184,2757.922126,3270.712,1716.31,1532.0,59175.86,2918.509286,25.099662
2012-10-01,5.753233256849814,2390.853,2761.939397,3278.171,1718.84,1520.3199,59570.8,2927.692332,25.132320000000004
2012-10-02,5.754852734479285,2391.524,2767.913848,3287.099,1719.77,1523.38,59222.08,2927.788325,26.002284
2012-10-03,5.756474797271026,2392.194,2768.33003,3288.55,1719.44,1513.1701,58627.33,2935.3527700000004,26.076470000000004
2012-10-04,5.758097317257385,2392.87,2771.498713,3294.32,1721.0,1523.4301,58458.0,2950.5666000000006,25.94415
2012-10-05,5.759720294567227,2393.543,2785.996643,3338.647,1728.52,1519.64,58571.59,2966.5644580000003,25.768314
2012-10-08,5.761343729329455,2394.218,2784.73194,3323.299,1728.06,1526.9599,59317.15,2954.562872,23.906331999999995
2012-10-09,5.762965489975825,2394.892,2787.358293,3328.196,1727.59,1530.11,58939.46,2931.5378760000003,24.201030000000003
2012-10-10,5.764583442537135,2395.565,2785.616814,3330.113,1727.52,1527.47,58456.28,2926.1470560000002,24.756312
2012-10-11,5.766139937712454,2396.238,2791.414588,3357.84,1729.88,1536.6801,59161.72,2920.1279199999994,24.517139999999998
2012-10-15,5.767696853157036,2396.882,2792.290197,3358.813,1730.33,1530.48,59601.71,2926.34416,24.05888
2012-10-16,5.769256323032192,2397.54,2801.405911,3369.215,1731.62,1529.47,59743.87,2959.1617880000003,24.101715
2012-10-17,5.770818349181653,2398.2,2796.876315,3354.648,1730.36,1528.8199,60087.29,2968.130847,23.994377
2012-10-18,5.7723850686552725,2398.859,2801.482781,3362.774,1730.32,1526.49,59733.9,2955.4855199999997,24.21432
2012-10-19,5.773952213477562,2399.523,2801.73343,3373.765,1730.31,1526.62,58922.04,2905.0761300000004,23.79698
2012-10-22,5.775528329213275,2400.174,2805.693103,3388.847,1730.56,1521.48,58700.3,2902.911972,23.708066000000002
2012-10-23,5.7771048751812994,2400.823,2807.680908,3397.426,1730.61,1518.26,57690.24,2863.526104,23.607560000000003
2012-10-24,5.778683989027881,2401.474,2813.155871,3394.104,1731.54,1516.26,57160.74,2853.84575,23.600569999999998
2012-10-25,5.78025925828329,2402.125,2815.446499,3386.258,1732.64,1507.1999,57836.78,2861.2642499999997,21.9915
2012-10-26,5.781830679565247,2402.78,2819.181884,3388.841,1733.18,1504.75,57276.81,2861.29641,20.609505
2012-10-29,5.7834003887764425,2403.431,2820.339456,3387.99,1733.9,1503.0,57176.58,2869.203274,21.540259999999996
2012-10-30,5.784968384289848,2404.082,2819.606418,3390.459,1734.91,1497.02,57683.76,2866.94417,22.112145
2012-10-31,5.786541085794801,2404.734,2820.344264,3394.857,1736.16,1500.5699,57068.18,2866.543584,22.73488
2012-11-01,5.788118496894788,2405.386,2819.286266,3393.592,1737.98,1500.97,58382.68,2898.0076999999997,21.457099999999997
2012-11-05,5.789698479600886,2406.042,2821.628502,3395.311,1739.82,1482.5601,58209.76,2884.407552,21.878400000000003
2012-11-06,5.791278893594862,2406.702,2818.884843,3391.309,1740.48,1481.85,59458.59,2902.4884800000004,22.1488
2012-11-07,5.792861881767637,2407.357,2819.933207,3394.679,1741.2,1492.38,58517.35,2837.171285,22.216739999999998
2012-11-08,5.794436729198814,2408.005,2817.743425,3392.097,1740.55,1483.7099,57524.45,2810.8091550000004,22.302665
2012-11-09,5.796012004768015,2408.659,2816.129369,3387.203,1739.59,1480.9101,57357.71,2823.7250400000003,22.142048000000003
2012-11-12,5.797583419542748,2409.307,2815.127704,3379.57,1737.43,1477.97,57064.31,2830.303527,22.580409
2012-11-13,5.799153115253589,2409.957,2811.773042,3367.936,1736.73,1477.6701,57486.07,2829.332552,22.539479999999998
2012-11-14,5.800723235959545,2410.609,2806.266552,3349.553,1733.7,1476.5501,56279.36,2801.255634,22.62927
2012-11-16,5.802291635508083,2411.251,2811.293053,3364.991,1736.33,1477.6899,55402.33,2834.9418360000004,24.495225
2012-11-19,5.803856165424681,2411.901,2816.208409,3374.561,1738.94,1478.0899,56450.86,2883.205621,24.53102
2012-11-20,5.805416764309002,2412.561,2816.872631,3375.746,1739.88,1478.0899,56450.86,2888.0326099999997,24.41013
2012-11-21,5.806973486814351,2413.206,2811.144362,3372.379,1739.96,1476.1601,56242.12,2918.937352,24.698167999999995
2012-11-22,5.808552170626476,2413.859,2811.941263,3373.016,1740.66,1480.3101,56436.97,2927.283532,26.136648
2012-11-23,5.8101377311124915,2414.51,2817.841804,3382.325,1742.55,1480.1801,57574.03,2933.2866400000003,25.707759999999997
2012-11-26,5.811725874159913,2415.164,2820.848057,3390.123,1741.55,1468.89,56737.1,2927.052006,25.497149999999998
2012-11-27,5.813312300971782,2415.808,2826.371316,3402.204,1743.35,1481.22,56248.09,2915.1111720000004,25.42236
2012-11-28,5.814897009905027,2416.455,2825.367594,3400.795,1743.81,1493.62,56539.4,2952.2524270000004,25.859665
2012-11-29,5.816473544782353,2417.106,2823.446123,3402.092,1744.51,1504.1899,57852.53,2971.654265,26.128815
2012-11-30,5.818048354994604,2417.757,2828.200321,3412.892,1747.17,1506.52,57474.57,3024.96048,26.849520000000002
2012-12-03,5.81962574426461,2418.415,2832.818193,3418.548,1748.33,1518.25,58202.35,2992.706418,26.923444
2012-12-04,5.821203561196396,2419.071,2846.76803,3438.298,1751.17,1527.2099,57563.23,2982.8052949999997,28.427858999999998
2012-12-05,5.82277965206059,2419.731,2849.584222,3438.219,1752.43,1525.89,57678.62,2942.435712,27.936101999999998
2012-12-06,5.824354015222914,2420.385,2867.104284,3469.872,1759.35,1532.3199,57656.42,2936.8947740000003,27.625430000000005
2012-12-07,5.825926649050564,2420.385,2860.050552,3469.872,1759.13,1540.15,58487.32,2942.49525,28.012500000000003
2012-12-10,5.827493182467228,2421.697,2855.778058,3453.695,1758.93,1538.52,59248.23,2946.32835,27.894109999999998
2012-12-11,5.829051512419151,2422.354,2850.258234,3444.251,1758.5,1535.5,59623.34,2967.9082239999993,28.185816
2012-12-12,5.830610259084087,2423.011,2856.584994,3455.352,1760.21,1531.28,59474.18,2959.667712,28.385029999999997
2012-12-13,5.832165107921877,2423.672,2861.762959,3466.24,1760.33,1538.61,59316.75,2960.40492,28.572719999999997
2012-12-14,5.833709523564106,2424.332,2858.316384,3467.46,1761.23,1534.98,59604.92,2948.8692379999998,28.37096
2012-12-17,5.835252189710517,2424.99,2860.029865,3464.423,1763.19,1529.5401,59566.52,3003.0408199999997,27.818375
2012-12-18,5.836790945712944,2425.66,2857.930373,3465.63,1764.78,1532.4599,60460.73,3022.1996310000004,27.782370000000004
2012-12-19,5.83832357027947,2426.32,2856.454835,3470.2,1765.65,1546.0401,60998.34,2974.423996,28.17376
2012-12-20,5.839858757462275,2426.972,2848.257245,3458.579,1766.1,1544.85,61276.12,2987.716455,27.97964
2012-12-21,5.841398728216618,2427.633,2847.916256,3457.363,1765.94,1553.9301,61007.03,2973.5678800000005,28.069200000000002
2012-12-24,5.84293910506125,2428.294,2848.696338,3459.086,1765.86,1553.9301,61007.03,2967.4528000000005,27.8304
2012-12-26,5.844486373765661,2428.963,2855.185099,3468.021,1765.94,1564.3199,60959.79,2909.5156359999996,27.602724
2012-12-27,5.846034052202298,2429.635,2860.242423,3470.177,1767.71,1571.5,60415.95,2897.8873499999995,27.423769999999998
2012-12-28,5.847582140479662,2430.307,2861.631687,3476.646,1768.59,1573.3399,60952.08,2864.8840040000005,27.414376
2013-01-02,5.849134965917066,2431.664,2865.117825,3489.935,1776.33,1580.5,62550.1,2991.233868,27.162912
2013-01-03,5.850688203707264,2432.33,2867.269758,3509.031,1778.56,1579.74,63312.46,2985.433209,27.412380000000002
2013-01-04,5.852244077221276,2432.992,2863.870236,3515.469,1778.99,1582.0799,62523.06,2980.6002750000002,27.438750000000002
2013-01-07,5.853798140635982,2433.653,2865.517029,3518.061,1777.74,1583.0501,61932.54,2964.4205420000003,27.557802
2013-01-08,5.855350450826916,2434.318,2858.634893,3509.165,1776.93,1587.9301,61127.84,2973.75172,28.040592
2013-01-09,5.8569010061797995,2434.992,2862.386435,3520.101,1779.95,1587.9599,61578.58,2981.357412,28.099062
2013-01-10,5.858454139188618,2435.67,2865.227653,3528.011,1781.15,1589.87,61678.31,2986.6370559999996,28.687232
2013-01-11,5.860009851685279,2436.362,2867.49787,3534.912,1781.38,1587.2099,61497.43,2993.8552899999995,28.757932
2013-01-14,5.861568204105138,2437.06,2871.008712,3537.492,1781.52,1584.4499,62080.79,2987.68642,29.050449999999998
2013-01-15,5.863129139717892,2437.772,2869.795337,3537.901,1782.81,1583.76,61727.61,2997.2425379999995,29.008725
2013-01-16,5.864690491007799,2438.44,2868.220664,3541.46,1783.47,1583.12,61787.35,3007.5522490000003,30.083079
2013-01-17,5.866252258085555,2439.13,2858.787006,3532.64,1785.07,1589.4499,62194.06,3020.673318,31.61535
2013-01-18,5.86781004137269,2439.809,2857.365686,3524.259,1785.33,1588.0601,61956.14,3033.4795719999997,32.04998
2013-01-21,5.869370468096992,2440.482,2863.428406,3542.773,1786.99,1589.23,61899.71,3033.4795719999997,34.295519999999996
2013-01-22,5.870931309785574,2441.154,2859.532924,3541.203,1787.51,1588.5699,61692.29,3049.001568,35.258728000000005
2013-01-23,5.872492566548786,2441.825,2861.577382,3549.034,1788.2,1591.9301,61966.26,3042.536274,35.6195
2013-01-24,5.874054238497009,2442.495,2854.64602,3526.36,1787.24,1594.01,61169.83,3034.634082,34.30869
2013-01-25,5.875618499140721,2443.16,2855.52764,3528.27,1787.32,1594.01,61169.83,3052.5117600000003,35.3394
2013-01-28,5.877183176347042,2443.832,2854.201814,3519.374,1786.8,1596.22,60027.07,2993.60919,37.35576
2013-01-29,5.878750444784679,2444.501,2859.711483,3517.501,1788.71,1596.8101,60406.33,2994.1178879999998,38.780721
2013-01-30,5.880318131165789,2445.175,2855.894954,3507.459,1788.88,1603.26,59336.7,2987.849028,39.18921
2013-01-31,5.8818862356018276,2445.843,2854.596988,3497.101,1788.76,1613.76,59761.49,2983.635876,40.648556
2013-02-01,5.883454758204276,2446.517,2854.918156,3493.46,1791.07,1619.38,60351.16,3008.1819600000003,40.754
2013-02-04,5.885025875962906,2447.222,2852.861817,3480.608,1790.46,1620.8101,59575.66,2984.6893050000003,40.768065
2013-02-05,5.886597413272823,2447.891,2847.370887,3461.065,1790.89,1610.48,59444.97,2998.39936,40.870400000000004
2013-02-06,5.888169370246064,2448.564,2845.994968,3448.929,1790.65,1611.1,58951.07,3011.084556,42.175734
2013-02-07,5.889739568372027,2449.235,2841.584495,3429.78,1790.1,1612.62,58372.46,2968.517313,43.562405
2013-02-08,5.891310185222725,2449.905,2844.091194,3423.298,1790.38,1612.47,58497.83,2993.0543740000003,44.680988
2013-02-13,5.8928812209098185,2450.579,2846.112205,3426.511,1791.28,1613.15,58405.74,2986.8403179999996,47.543319999999994
2013-02-14,5.894450495178947,2451.245,2846.823235,3427.191,1791.0,1607.6899,58077.31,2977.797074,53.277706
2013-02-15,5.896020187345814,2451.916,2846.687812,3439.011,1791.38,1603.7099,57903.3,2992.922447,53.368030000000005
2013-02-18,5.897590297521704,2452.584,2837.02559,3434.187,1791.78,1607.8101,57613.9,2983.803707,52.910935
2013-02-19,5.899158643709525,2453.254,2836.595683,3438.563,1792.16,1606.86,57314.4,2993.600076,57.527868000000005
2013-02-20,5.9007317723450425,2453.937,2839.556165,3439.167,1790.42,1605.38,56177.6,2966.597095,58.176264999999994
2013-02-21,5.902305320486774,2454.605,2842.228232,3446.295,1790.6,1600.0799,56154.68,2963.974176,58.6908
2013-02-22,5.903881472099557,2455.283,2834.597321,3437.528,1791.16,1602.11,56697.06,2989.6725599999995,59.67115
2013-02-25,5.905466782352446,2455.953,2838.825743,3453.143,1791.6,1599.74,56617.56,2951.150475,60.2984
2013-02-26,5.907048148247424,2456.627,2841.181036,3461.347,1792.66,1599.5799,56948.87,2967.234468,61.64642
2013-02-27,5.908629937600561,2457.304,2844.796602,3465.692,1794.2,1595.78,57273.88,2990.896671,60.96261
2013-02-28,5.910212150525251,2457.988,2846.22018,3466.434,1795.82,1597.88,57424.29,2995.2797,66.00895000000001
2013-03-01,5.911794787134919,2458.668,2852.295741,3477.575,1797.37,1598.87,56883.99,3006.036,68.31
2013-03-04,5.913380034907088,2459.346,2852.585055,3482.561,1796.76,1600.0501,56499.17,3004.33896,71.20827
2013-03-05,5.914965707763447,2460.03,2856.67191,3497.241,1798.33,1603.76,55950.73,3024.14756,79.20812
2013-03-06,5.916551805817984,2460.706,2856.140398,3500.296,1799.18,1605.12,57940.14,3037.138638,80.821706
2013-03-07,5.918138329184713,2461.492,2847.545083,3492.718,1798.33,1602.02,58846.81,3024.2787839999996,82.2528
2013-03-08,5.919725277977683,2462.278,2835.7647,3480.304,1801.26,1604.22,58432.75,3015.338802,85.881502
2013-03-11,5.921312652310973,2463.018,2840.682426,3474.912,1801.9,1600.1701,58544.79,3044.588808,94.68975999999999
2013-03-12,5.9229004522986894,2463.747,2836.964215,3459.399,1801.58,1599.0799,58208.61,3050.002208,87.01213399999999
2013-03-13,5.924488678054973,2464.48,2830.928438,3438.228,1801.45,1593.1801,57385.9,3065.202536,92.516856
2013-03-14,5.926077329693993,2465.172,2834.700741,3447.877,1802.18,1591.37,57281.02,3082.2205910000002,93.005089
2013-03-15,5.9276664073299505,2465.858,2838.600064,3459.482,1801.16,1587.24,56869.28,3094.55596,93.09246
2013-03-18,5.9292559110770755,2466.531,2838.875064,3460.245,1803.42,1585.13,56972.96,3077.65909,102.31764000000001
2013-03-19,5.9308458410496305,2467.222,2842.981115,3467.401,1803.24,1575.2099,56361.24,3073.300066,117.38698600000001
2013-03-20,5.932436197361907,2467.916,2841.996828,3456.044,1804.27,1570.52,56030.03,3101.521158,128.322202
2013-03-21,5.9340269801282295,2468.603,2836.731499,3430.738,1803.06,1572.77,55576.67,3103.65724,142.25262999999998
2013-03-22,5.93561818946295,2469.284,2843.343737,3428.404,1803.82,1570.0601,55243.4,3126.0794309999997,140.29197299999998
2013-03-25,5.937209825480454,2469.971,2847.237209,3434.0,1804.94,1562.35,54873.12,3123.707139,148.16416
2013-03-26,5.938801888295156,2470.664,2847.90105,3434.791,1805.79,1570.4101,55671.39,3153.967713,158.32665
2013-03-27,5.9403943780215025,2471.392,2852.762146,3435.938,1806.78,1571.4399,56034.29,3142.735065,178.809228
2013-03-28,5.941991690665809,2472.084,2845.692279,3401.151,1808.05,1579.3199,56352.09,3172.745261,174.247342
2013-04-01,5.943591631348438,2472.758,2847.448394,3372.732,1804.67,1576.28,55902.18,3157.3017870000003,206.15220000000002
2013-04-02,5.945192002831095,2473.495,2853.15804,3386.439,1805.66,1571.77,54889.1,3170.33475,266.50800000000004
2013-04-03,5.9467906055087365,2474.192,2848.687801,3367.395,1802.41,1575.0601,55562.74,3145.911512,266.848392
2013-04-04,5.948389638034652,2474.873,2855.255179,3375.247,1802.57,1574.15,54648.15,3144.13969,274.108
2013-04-05,5.949989100524424,2475.57,2867.125302,3423.263,1804.18,1570.4101,55050.6,3083.8821120000002,282.9195
2013-04-08,5.951588993093664,2476.245,2866.761592,3414.981,1805.5,1568.28,55092.31,3113.010212,381.849468
2013-04-09,5.953189315858018,2476.924,2865.108251,3422.161,1806.67,1567.6701,55912.04,3107.886993,464.119525
2013-04-10,5.95479006893316,2477.637,2867.80743,3423.796,1809.94,1573.87,56186.56,3133.543928,358.583384
2013-04-11,5.956391252434796,2478.338,2865.462238,3415.271,1808.73,1574.9201,55400.91,3146.587076,196.729576
2013-04-12,5.957992866478663,2479.112,2857.587717,3397.869,1803.92,1571.1999,54962.65,3127.81011,216.546
2013-04-15,5.959594911180531,2479.886,2857.458833,3390.511,1797.66,1567.35,52949.93,3107.9799559999997,182.1911
2013-04-16,5.961195181606082,2480.623,2860.391838,3393.73,1801.47,1567.35,53990.83,3130.8749879999996,150.32304
2013-04-17,5.962795881736247,2481.329,2865.890319,3396.574,1801.65,1564.01,52881.96,3104.9512059999997,184.015188
2013-04-18,5.964450080569758,2482.031,2882.87556,3443.866,1809.87,1566.13,53165.91,3112.51059,255.4035
2013-04-19,5.96610473831111,2482.736,2883.539739,3454.491,1812.3,1565.9499,53928.92,3127.763275,237.3098
2013-04-22,5.967759855087611,2483.454,2889.12233,3461.098,1814.82,1555.1,54297.73,3157.8125,258.4859
2013-04-23,5.96941543102661,2484.175,2891.557008,3462.166,1817.89,1556.97,54884.75,3195.134964,294.220044
2013-04-24,5.971071466255485,2484.888,2890.122321,3454.449,1818.17,1551.6899,54984.23,3174.157295,313.658105
2013-04-25,5.972727960901653,2485.595,2885.380004,3441.259,1817.41,1550.8001,54963.32,3172.69774,259.75467000000003
2013-04-26,5.9743827051832215,2486.309,2893.021788,3443.17,1814.98,1550.4101,54252.04,3162.423088,273.42216
2013-04-29,5.976037907911692,2487.009,2897.430095,3447.135,1815.73,1547.52,54887.25,3199.1720749999995,290.08374999999995
2013-04-30,5.977693569214079,2487.713,2898.981792,3454.951,1817.81,1549.0,55910.37,3197.376598,267.68725
2013-05-02,5.97934968921743,2488.445,2906.661787,3483.73,1821.3,1540.78,55321.93,3209.2387919999996,191.76004799999998
2013-05-03,5.981006268048827,2489.177,2901.214532,3472.422,1822.86,1541.7901,55488.08,3244.6613159999997,204.43685599999998
2013-05-06,5.98266551880771,2489.906,2904.695088,3480.117,1824.38,1540.13,55429.88,3250.04275,219.998257
2013-05-07,5.984325229875937,2490.615,2907.992964,3485.954,1825.82,1539.75,56274.66,3264.439892,222.874777
2013-05-08,5.985983187180874,2491.336,2908.541469,3488.65,1826.89,1539.6701,55804.8,3274.3597950000003,224.41545000000002
2013-05-09,5.987643818636662,2492.042,2902.008471,3473.89,1830.07,1536.87,55447.56,3276.11338,226.575
2013-05-10,5.989302695356615,2492.757,2892.887831,3457.751,1831.35,1541.0501,55107.8,3300.72748,230.52764
2013-05-13,5.990959815626367,2493.457,2895.273235,3464.683,1829.86,1542.9101,54447.77,3280.1200289999997,237.49083299999998
2013-05-14,5.992617394388154,2494.181,2887.543969,3438.943,1830.38,1548.1999,54666.82,3335.007072,228.35039999999998
2013-05-15,5.994275431768834,2494.89,2886.751512,3452.781,1833.78,1547.2099,54936.41,3354.3849160000004,230.93524000000002
2013-05-16,5.995933927895296,2495.603,2889.436432,3463.465,1831.8,1552.87,54772.62,3345.1725960000003,238.128732
2013-05-17,5.997592882894466,2496.309,2887.612584,3451.442,1834.01,1552.9201,55164.27,3393.4681969999997,250.58186299999997
2013-05-20,5.999252296893306,2497.007,2882.058119,3437.353,1833.4,1552.4499,55700.77,3399.064971,249.68375999999998
2013-05-21,6.00091217001881,2497.716,2885.175237,3442.252,1835.02,1553.6801,56265.32,3404.25182,251.06244999999998
2013-05-22,6.002572502398011,2498.419,2881.104684,3432.671,1835.93,1552.5899,56429.27,3392.639825,254.54790000000003
2013-05-23,6.004233294157975,2499.128,2879.962456,3423.544,1832.43,1554.2099,56349.91,3373.147287,258.650672
2013-05-24,6.005894545425803,2499.843,2877.987637,3397.141,1830.19,1551.3101,56406.21,3384.4843199999996,270.82439999999997
2013-05-27,6.007556256328631,2500.595,2877.651596,3367.818,1829.62,1548.0501,56395.94,3393.39216,262.917951
2013-05-28,6.009218426993632,2501.318,2871.450529,3341.458,1831.15,1550.11,56036.26,3444.458494,267.330116
2013-05-29,6.010881057548013,2502.037,2879.573389,3364.832,1832.53,1551.27,54634.69,3478.8637799999997,275.525775
2013-05-31,6.0126551089833375,2502.747,2851.477165,3298.935,1827.35,1549.36,53506.08,3487.500564,272.02992
2013-06-03,6.014429684012203,2503.501,2850.753811,3296.938,1823.97,1545.4499,53944.36,3484.908248,258.454504
2013-06-04,6.016204782789142,2504.273,2856.42466,3322.385,1827.72,1538.2901,54017.9,3466.8456380000007,256.754582
2013-06-05,6.017980405468735,2505.036,2850.607269,3332.81,1823.97,1524.9201,52798.63,3426.1525500000002,258.73425000000003
2013-06-06,6.019756552205605,2505.781,2841.349894,3314.123,1820.51,1512.61,52884.83,3455.728288,253.14802799999998
2013-06-07,6.021533223154423,2506.552,2838.004265,3298.045,1819.63,1513.4101,51618.63,3503.68616,236.22560000000001
2013-06-10,6.0233104184699044,2507.315,2816.784055,3206.194,1817.52,1499.8299,51316.65,3527.2773509999997,226.08963
2013-06-11,6.025088138306812,2508.061,2811.064045,3187.958,1811.64,1460.47,49769.93,3467.8848380000004,230.32080000000002
2013-06-12,6.026866382819951,2508.859,2790.75668,3161.936,1811.76,1466.6701,49180.58,3476.2706160000002,233.60248800000002
2013-06-13,6.028645152164176,2509.613,2812.325213,3228.209,1814.88,1482.7901,50414.89,3470.065016,218.4218
2013-06-14,6.030424446494386,2510.379,2806.760853,3211.017,1812.13,1472.98,49332.34,3502.1870169999997,212.318998
2013-06-17,6.032204265965524,2511.134,2791.48382,3182.841,1814.7,1474.89,49088.65,3558.6836479999997,224.11126399999998
2013-06-18,6.033984610732581,2511.885,2763.236353,3138.79,1815.88,1460.9101,49464.94,3604.414601,238.17621500000004
2013-06-19,6.035765480950593,2512.64,2736.092,3069.598,1815.69,1450.36,47893.06,3625.1837149999997,240.35399999999998
2013-06-20,6.03754687677464,2513.403,2726.78509,3123.811,1820.51,1425.6701,48214.43,3585.338925,253.991325
2013-06-21,6.039328798359851,2514.16,2731.93504,3162.14,1817.03,1419.01,47056.04,3570.546546,244.265268
2013-06-24,6.041111245861399,2514.927,2770.670967,3202.194,1811.39,1399.88,45965.05,3503.27143,232.85512
2013-06-25,6.042894219434502,2515.69,2788.057668,3223.439,1812.26,1422.5,46893.04,3515.4220109999997,230.13625199999996
2013-06-26,6.044677719234426,2516.471,2787.726035,3225.982,1814.05,1430.8199,47171.98,3505.848642,225.208233
2013-06-27,6.04646174541648,2517.235,2798.187005,3248.367,1818.96,1432.98,47609.46,3547.26548,214.018937
2013-06-28,6.048246298136022,2517.994,2783.006114,3206.888,1823.77,1437.76,47457.13,3585.5382160000004,216.501078
2013-07-01,6.050031377548454,2518.755,2784.116958,3218.267,1824.96,1437.0401,47229.59,3600.3918240000003,198.86248
2013-07-02,6.051816983809224,2519.512,2801.167975,3233.529,1825.23,1428.6801,45228.95,3639.4275839999996,202.932
2013-07-03,6.053603117073825,2520.264,2799.740596,3225.49,1827.07,1432.78,45044.03,3665.6883720000005,173.13996
2013-07-04,6.0553897774977985,2521.019,2789.743266,3187.753,1829.47,1421.15,45763.16,3633.218631,174.260268
2013-07-05,6.057176965236729,2521.776,2791.427764,3180.778,1827.49,1423.97,45210.49,3677.790493,157.60124100000002
2013-07-08,6.058964680446248,2522.54,2804.627094,3194.091,1829.81,1425.02,45075.5,3713.673348,172.04879999999997
2013-07-09,6.060752923282035,2523.297,2805.742962,3195.126,1831.29,1425.02,45075.5,3734.4084319999997,173.756488
2013-07-10,6.062541693899812,2524.049,2811.331133,3186.042,1830.36,1419.15,45483.43,3742.3579899999995,197.01149999999998
2013-07-11,6.0644424825971,2524.822,2808.464759,3171.805,1829.13,1416.12,46626.26,3776.835096,223.45067999999998
2013-07-12,6.066343867248667,2525.625,2811.689505,3173.096,1830.35,1412.0501,45533.24,3809.662806,206.10666
2013-07-15,6.068245848041365,2526.445,2829.387078,3201.629,1825.33,1407.48,46738.9,3735.31825,219.745498
2013-07-16,6.070148425162101,2527.243,2834.784287,3203.44,1828.08,1410.47,46869.29,3777.7871619999996,223.003615
2013-07-17,6.072051598797841,2528.047,2845.145069,3229.227,1827.84,1406.12,47407.31,3741.5375690000005,204.7828
2013-07-18,6.073955369135612,2528.846,2848.408418,3256.894,1829.28,1410.3001,47656.92,3763.0716749999997,198.314325
2013-07-19,6.075859736362496,2529.647,2851.386509,3275.817,1831.87,1415.39,47400.23,3801.957021,207.38887
2013-07-22,6.077764700665637,2530.456,2855.460161,3290.966,1832.9,1419.8101,48574.09,3785.6098309999998,207.12757899999997
2013-07-23,6.079670262232236,2531.265,2863.304468,3306.037,1831.05,1430.9301,48819.52,3746.443743,198.96735599999997
2013-07-24,6.081576421249553,2532.069,2855.259891,3284.361,1835.38,1428.35,48374.23,3795.05094,203.51290999999998
2013-07-25,6.083483177904906,2532.868,2848.11819,3279.051,1836.05,1425.77,49066.75,3790.55465,205.265178
2013-07-26,6.085390532385674,2533.667,2844.70833,3271.44,1835.27,1429.62,49422.05,3818.223215,201.649314
2013-07-29,6.087298484879292,2534.453,2833.817478,3239.991,1836.42,1427.97,49212.33,3825.6991,214.10639999999998
2013-07-30,6.0892070355732555,2535.251,2826.38081,3224.055,1838.0,1429.65,48561.78,3849.383872,225.991136
2013-07-31,6.091116184655118,2536.063,2828.543388,3248.288,1839.48,1427.11,48234.49,3837.564345,221.389625
2013-08-01,6.093028125114319,2536.835,2805.863301,3217.044,1844.21,1424.6801,49140.78,3933.3112279999996,220.18541999999997
2013-08-02,6.094940665712511,2537.542,2822.081926,3237.203,1842.54,1418.52,48474.04,3910.699158,221.10008399999998
2013-08-05,6.096851612459432,2538.223,2827.263145,3248.66,1845.07,1421.89,48436.44,3936.835554,227.28921599999998
2013-08-06,6.098763158345485,2539.001,2825.284971,3236.239,1844.26,1411.9201,47421.85,3902.5931039999996,223.57420799999997
2013-08-07,6.10067530355852,2539.727,2825.108456,3237.525,1845.1,1409.4301,47446.71,3912.596649,224.633412
2013-08-08,6.102588048286444,2540.399,2828.726431,3246.737,1844.1,1406.49,48928.82,3878.062808,216.74000200000003
2013-08-09,6.104501392717222,2541.069,2833.25121,3255.757,1843.49,1414.8299,49874.9,3842.229672,213.098796
2013-08-12,6.1064153370388805,2541.826,2820.372528,3207.95,1843.81,1410.1,50299.49,3865.169466,218.53065599999996
2013-08-13,6.108329881439501,2542.582,2804.257011,3202.502,1848.82,1405.6801,50600.55,3921.4721520000007,230.65985500000002
2013-08-14,6.110245026107228,2543.355,2788.516746,3175.706,1849.09,1403.65,50895.92,3918.0261330000003,231.30765
2013-08-15,6.112160771230263,2544.1,2786.690396,3184.464,1848.25,1403.9201,50908.34,3888.4855919999995,231.85983599999997
2013-08-16,6.114077116996866,2544.823,2774.12288,3173.465,1851.83,1402.4499,51538.78,3961.4076919999998,235.603552
2013-08-19,6.115994063595358,2545.618,2756.181392,3152.676,1851.46,1389.62,51574.09,3971.448962,248.94238600000003
2013-08-20,6.117911611214116,2546.362,2781.934864,3201.56,1851.53,1390.4499,50507.02,3954.7344900000003,254.13121200000003
2013-08-21,6.119829760041579,2547.131,2760.281797,3160.584,1855.62,1381.5601,50405.2,4032.9097199999997,273.79499699999997
2013-08-22,6.121748510266245,2547.899,2759.330318,3168.718,1858.08,1379.1601,51397.66,4036.5202560000002,263.09880000000004
2013-08-23,6.123667862076668,2548.673,2792.450646,3214.076,1852.23,1374.86,52197.06,3907.2288000000003,253.10668800000005
2013-08-26,6.125587815661464,2549.453,2787.100344,3196.914,1852.6,1375.9201,51429.48,3941.148264,275.203372
2013-08-27,6.1275083712093075,2550.249,2787.218585,3197.893,1850.29,1370.4201,50091.55,3867.6616080000003,279.07756500000005
2013-08-28,6.129429528908932,2551.05,2797.990403,3201.226,1847.35,1362.63,49866.92,3835.452664,277.942232
2013-08-29,6.1314633962152145,2551.875,2774.244055,3165.249,1854.03,1366.5899,49921.88,3864.9344810000002,279.81298
2013-08-30,6.133497938399347,2552.732,2769.363477,3163.401,1856.93,1375.0699,50011.75,3895.449935,300.62071
2013-09-02,6.135533155685266,2553.585,2770.523625,3161.442,1857.54,1384.78,51835.15,3882.059581,307.62262
2013-09-03,6.137569048296985,2554.469,2770.889963,3159.793,1856.4,1386.97,51625.5,3868.0534530000004,305.925741
2013-09-04,6.139605616458591,2555.35,2774.378161,3158.305,1856.28,1386.8299,51716.16,3901.103492,287.766206
2013-09-05,6.141642860394245,2556.219,2775.933274,3153.933,1854.04,1385.22,52351.86,3847.3989680000004,284.740254
2013-09-06,6.1436807803281805,2557.074,2797.309309,3163.448,1849.51,1386.4201,53749.42,3817.6496050000005,271.93635000000006
2013-09-09,6.145719376484709,2557.931,2798.460137,3166.387,1849.62,1384.8299,54251.85,3804.8119599999995,280.22112
2013-09-10,6.147758649088214,2558.792,2797.506864,3170.316,1853.15,1384.0401,53979.03,3844.7175690000004,280.022215
2013-09-11,6.149798598363154,2559.649,2797.684092,3173.425,1852.81,1381.9599,53570.46,3845.8111840000006,288.265648
2013-09-12,6.151839224534063,2560.515,2788.074885,3161.064,1855.41,1377.5501,53307.09,3828.770448,289.07624
2013-09-13,6.153880527825548,2561.369,2791.149424,3160.442,1855.75,1375.76,53797.51,3848.785999,289.5727
2013-09-16,6.15592250846229,2562.226,2792.644173,3163.552,1856.88,1374.02,53821.63,3877.99744,288.565408
2013-09-17,6.157965166669048,2563.09,2798.145831,3164.485,1854.83,1372.65,54271.25,3846.2795120000005,286.221532
2013-09-18,6.160008502670652,2563.949,2835.520499,3221.65,1850.71,1376.2901,55702.9,3771.641616,278.274198
2013-09-19,6.162050299088947,2564.812,2836.695778,3216.151,1849.25,1378.5,55095.69,3792.248212,273.24338
2013-09-20,6.164090492322472,2565.675,2843.930443,3217.354,1848.19,1380.9499,54110.03,3779.585064,269.00568
2013-09-23,6.1661313610435755,2566.542,2841.750652,3209.715,1847.8,1379.49,54602.38,3741.154872,270.368917
2013-09-24,6.168172905475903,2567.402,2848.566251,3211.303,1847.35,1379.76,54431.05,3736.191162,274.367115
2013-09-25,6.170239921898257,2568.266,2838.625344,3198.052,1850.58,1388.39,54261.11,3778.9397480000002,277.55429200000003
2013-09-26,6.172287330909141,2569.116,2828.284188,3182.392,1853.48,1389.8399,53782.97,3814.363485,283.83119999999997
2013-09-27,6.174333197267844,2569.977,2828.106223,3174.563,1854.43,1392.47,53738.92,3809.313475,283.93937
2013-09-30,6.17637974174941,2570.838,2828.166259,3175.619,1850.02,1400.9301,52338.19,3727.8281949999996,281.745821
2013-10-01,6.17842696457861,2571.697,2824.587884,3168.613,1851.93,1402.0799,53179.46,3755.7810000000004,282.337236
2013-10-02,6.180472579962312,2572.555,2834.488545,3176.112,1847.24,1407.3101,53100.18,3712.1161049999996,247.091625
2013-10-03,6.182518872628812,2573.419,2841.787249,3179.924,1846.86,1406.0799,52489.86,3705.809816,262.969312
2013-10-04,6.184595209766996,2574.288,2842.853022,3178.035,1848.9,1412.63,52848.97,3739.21695,269.984514
2013-10-07,6.18666772946774,2575.15,2847.682793,3183.055,1848.64,1406.75,52417.1,3695.341764,272.743437
2013-10-08,6.188740943690562,2576.031,2854.024869,3192.266,1847.31,1406.74,52312.44,3660.53104,276.377888
2013-10-09,6.19082388822998,2576.895,2860.948368,3205.464,1848.04,1407.53,52547.71,3655.17788,278.0442
2013-10-10,6.1930223736091685,2577.754,2856.744387,3197.567,1847.36,1403.38,52996.64,3690.288568,275.328284
2013-10-11,6.195212659832043,2578.643,2854.125394,3196.586,1848.94,1405.86,53149.62,3705.4819200000006,275.97486000000004
2013-10-14,6.197410473475245,2579.559,2851.292984,3196.594,1849.97,1410.9399,54170.6,3731.5254800000002,296.51197999999994
2013-10-15,6.199609066814816,2580.465,2850.38843,3196.977,1850.42,1409.9,54980.64,3698.37468,320.4927
2013-10-16,6.201808440127359,2581.376,2852.57306,3197.769,1849.9,1409.5699,55973.03,3753.473662,306.724604
2013-10-17,6.204008593689579,2582.287,2854.450788,3202.111,1849.2,1406.48,55358.13,3730.952005,309.493679
2013-10-18,6.206202765408909,2583.195,2841.664601,3192.244,1853.82,1407.9499,55378.46,3783.99495,347.2078369999999
2013-10-21,6.208404477901966,2584.106,2835.707314,3185.12,1854.84,1410.1,56077.43,3794.8099660000003,416.705658
2013-10-22,6.210606971474546,2585.018,2842.77402,3195.856,1854.82,1417.1899,56460.38,3811.8451080000004,421.532496
2013-10-23,6.212803476842148,2585.932,2853.73679,3207.148,1852.43,1420.51,55440.03,3825.620028,420.091362
2013-10-24,6.215000759047802,2586.844,2850.601886,3204.766,1855.25,1421.0401,54877.15,3860.686245,410.974785
2013-10-25,6.2171988183662545,2587.758,2857.498672,3211.003,1854.0,1423.1,54154.15,3850.0248060000004,401.11125200000004
2013-10-28,6.2193976550723455,2588.674,2857.000284,3211.06,1853.74,1420.0501,55073.37,3839.109057,432.646246
2013-10-29,6.221597269441014,2589.582,2857.61154,3215.556,1855.83,1418.2099,54538.8,3871.71075,438.26730000000003
2013-10-30,6.223797661747297,2590.496,2859.569949,3217.434,1857.53,1419.48,54172.82,3862.001562,443.449794
2013-10-31,6.2259988322663276,2591.411,2847.973092,3204.528,1863.44,1423.1,54256.2,3934.473946,462.180966
2013-11-01,6.228200781273335,2592.331,2833.858576,3182.98,1867.2,1426.5401,54013.24,3969.3272480000005,469.07117600000004
2013-11-04,6.2303944781525145,2593.247,2837.402135,3176.673,1866.96,1425.13,54436.92,3971.3011590000006,531.384728
2013-11-05,6.232588947695609,2594.162,2822.209395,3159.333,1871.01,1421.3001,53831.85,4035.614627,586.4903109999999
2013-11-06,6.234784190174766,2595.083,2819.964651,3151.232,1870.92,1424.1601,53384.6,4051.766365,667.5783349999999
2013-11-07,6.236980205862229,2595.999,2810.489123,3116.525,1870.35,1422.88,52740.79,4029.2773300000003,722.025096
2013-11-08,6.239176995030337,2596.912,2805.122343,3105.53,1871.51,1420.76,52248.86,4094.8897469999997,753.1307549999999
2013-11-11,6.241374557951525,2597.823,2797.815931,3107.775,1875.78,1412.62,52623.87,4130.807157,816.001626
2013-11-12,6.2435728948983265,2598.735,2808.272039,3135.909,1875.65,1412.75,51804.33,4122.960156,862.6148159999999
2013-11-13,6.245772006143367,2599.656,2818.418452,3152.987,1877.34,1408.52,52230.29,4160.4354,955.4292810000002
2013-11-14,6.24797189195937,2600.578,2828.53099,3158.655,1880.6,1414.38,53451.6,4144.2109279999995,947.1219120000001
2013-11-18,6.250172552619156,2601.498,2840.008676,3170.853,1877.87,1413.85,54307.04,4056.203073,1565.874201
2013-11-19,6.252373988395639,2602.421,2829.862743,3149.421,1876.68,1411.8101,53032.91,4060.2527699999996,1173.9253199999998
2013-11-20,6.25457619956183,2603.347,2831.13954,3150.918,1876.68,1411.8101,53032.91,4038.3657899999994,1420.8875899999998
2013-11-21,6.2567791863908395,2604.272,2817.304918,3125.195,1881.45,1413.53,52688.02,4139.43425,1647.9828000000002
2013-11-22,6.258982949155869,2605.195,2814.572133,3124.902,1881.41,1413.0501,52800.74,4113.589468,1923.6152350000002
2013-11-25,6.26118748813022,2606.115,2808.670264,3104.578,1880.57,1408.52,52263.51,4116.684072,1904.7726
2013-11-26,6.263392803587289,2607.041,2815.421428,3111.9,1883.17,1406.5899,51446.91,4136.59015,2125.48798
2013-11-27,6.265598895800568,2607.963,2810.443723,3110.673,1888.28,1405.0501,51861.21,4211.7495149999995,2291.8836149999997
2013-11-28,6.267917042080037,2608.892,2819.34378,3111.872,1894.61,1406.25,51846.83,4188.255525,2446.3066499999995
2013-11-29,6.270236046027266,2609.873,2810.29916,3089.591,1896.0,1411.6701,52482.49,4218.552741,2656.1457
2013-12-02,6.272555907959576,2610.837,2793.58099,3064.005,1899.44,1407.1801,51244.87,4238.05797,2409.755667
2013-12-03,6.274876628194403,2611.807,2788.498162,3053.326,1900.02,1403.88,50348.89,4252.171805,2502.53155
2013-12-04,6.277198207049303,2612.778,2794.038271,3055.399,1900.43,1399.89,50215.79,4284.995180999999,2700.813
2013-12-05,6.2795206448419485,2613.746,2807.871674,3074.354,1896.83,1388.53,50787.63,4206.780201,2333.133
2013-12-06,6.281841681262695,2614.721,2812.792002,3079.264,1895.67,1386.4,50944.27,4208.928353,1287.471472
2013-12-09,6.284183991570388,2615.697,2821.477016,3092.23,1896.27,1378.0699,51165.38,4191.620822999999,2146.3754
2013-12-10,6.28650901396359,2616.674,2829.415123,3111.754,1894.75,1380.5401,50993.02,4157.9232919999995,2174.501018
2013-12-11,6.288834896568577,2617.645,2832.254712,3115.228,1896.77,1373.73,50067.99,4173.95924,2021.146
2013-12-12,6.29116163970361,2618.627,2838.709365,3124.458,1898.43,1370.13,50121.61,4144.7272,2085.55296
2013-12-13,6.293489243687068,2619.606,2839.509778,3125.182,1898.72,1364.76,50051.18,4136.318068,2026.7800099999997
2013-12-16,6.295835897021362,2620.585,2844.791599,3130.037,1898.18,1363.48,50279.61,4160.315698,1698.460632
2013-12-17,6.298165230386543,2621.564,2845.247139,3137.784,1897.06,1364.5401,50090.35,4130.139,1237.6734900000001
2013-12-18,6.3004954255584815,2622.536,2847.019765,3139.373,1902.56,1359.0699,50563.43,4220.98728,1315.915776
2013-12-19,6.30282648285603,2623.513,2836.020055,3121.839,1906.01,1363.1899,51633.43,4265.40816,1668.402522
2013-12-20,6.305158402598158,2624.493,2823.923199,3111.252,1909.57,1372.0899,51185.74,4341.602664,1431.3545190000002
2013-12-23,6.3074911851039515,2625.469,2826.467797,3117.389,1909.87,1360.3299,51356.1,4308.9380280000005,1534.560772
2013-12-24,6.309824830692617,2626.451,2827.754952,3119.366,1910.52,1360.3299,51356.1,4326.268536,1529.7875459999998
2013-12-26,6.312159339683477,2627.426,2822.894365,3109.785,1911.54,1363.0,51221.01,4335.378272,1662.630112
2013-12-27,6.314494712395974,2628.401,2829.842187,3124.365,1911.64,1372.5601,51266.56,4305.74562,1686.943152
2013-12-30,6.316830949149667,2629.38,2834.490868,3127.933,1916.9,1374.6999,51507.16,4343.452343999999,1700.841648
2014-01-02,6.319168050264234,2631.352,2832.151797,3122.335,1920.42,1376.3101,50341.25,4374.218646,1874.750409
2014-01-03,6.321506016059471,2632.331,2836.141252,3123.031,1917.24,1374.9101,50981.09,4352.067668,1905.6113959999998
2014-01-06,6.323844846855294,2633.314,2836.209474,3122.255,1916.85,1374.5401,50973.62,4347.347245999999,2176.3508979999997
2014-01-07,6.326184542971734,2634.297,2844.99136,3128.579,1915.77,1374.3399,50430.02,4360.3703000000005,1892.5669750000002
2014-01-08,6.328525104728943,2635.281,2839.499894,3119.263,1921.67,1370.3199,50576.64,4403.912283000001,2010.8313
2014-01-09,6.330866532447191,2636.265,2839.40338,3113.986,1921.65,1363.6701,49321.68,4394.049765,1944.57613
2014-01-10,6.3332088264468664,2637.249,2848.461428,3125.299,1917.9,1349.9201,49696.45,4345.229644999999,2025.6213099999998
2014-01-13,6.3355519870484756,2638.232,2849.464175,3121.691,1913.31,1348.0899,49426.9,4288.40016,1956.417562
2014-01-14,6.337896014572644,2639.219,2842.081896,3108.722,1917.3,1347.0699,49703.1,4321.735776,1958.985708
2014-01-15,6.340240909340117,2640.202,2847.725099,3113.844,1918.53,1347.01,50105.37,4361.622286000001,1994.1824700000002
2014-01-16,6.342701049617759,2641.189,2844.330188,3115.076,1919.16,1335.2099,49696.28,4358.884646,1921.70732
2014-01-17,6.345178128085676,2642.223,2854.705555,3126.897,1915.35,1332.0699,49181.86,4307.33862,1894.1092299999998
2014-01-20,6.347658458215944,2643.25,2846.568206,3114.612,1913.31,1329.0501,48708.41,4309.3611900000005,1923.8027080000002
2014-01-21,6.350139757907261,2644.278,2840.894,3103.014,1918.11,1318.76,48542.07,4351.92114,1942.1964580000001
2014-01-22,6.352603739136124,2645.315,2842.265851,3101.917,1921.66,1313.22,49299.66,4378.037265999999,1938.917624
2014-01-23,6.355068676438983,2646.35,2832.194813,3065.393,1922.5,1307.9,48320.64,4387.755462,1855.2080700000001
2014-01-24,6.3575345701868144,2647.382,2835.852119,3076.504,1917.52,1298.0799,47787.38,4292.3993040000005,1902.4716240000002
2014-01-27,6.360001420750738,2648.412,2829.348138,3063.397,1920.94,1289.27,47701.05,4316.363568,1848.136068
2014-01-28,6.362469228502017,2649.444,2823.80544,3049.042,1923.81,1286.9599,47840.93,4340.53875,1920.87909
2014-01-29,6.3649379938120605,2650.486,2822.639931,3048.543,1923.47,1272.36,47556.78,4324.435079999999,1918.4775399999999
2014-01-30,6.367407717052419,2651.52,2818.743629,3047.051,1918.28,1274.1701,47244.26,4321.844872,1925.426104
2014-01-31,6.369878398594789,2652.558,2815.205989,3050.08,1920.84,1282.0401,47638.99,4301.033151999999,1946.381632
2014-02-03,6.372350038811011,2653.597,2811.116772,3045.813,1915.96,1265.5401,46147.52,4250.559978,1968.826566
2014-02-04,6.374827226165099,2654.633,2825.020367,3056.902,1916.14,1256.7901,46964.22,4221.95808,1935.4088940000001
2014-02-05,6.377305376500998,2655.673,2838.640585,3073.699,1916.03,1250.37,46624.39,4207.964772,1888.3519379999998
2014-02-06,6.379784490193059,2656.712,2841.883174,3079.855,1918.83,1241.3001,47738.09,4223.9555740000005,1638.011496
2014-02-07,6.382264567615777,2657.749,2849.13534,3092.878,1921.19,1238.36,48073.6,4275.649686000001,1730.9883360000001
2014-02-10,6.384745609143792,2658.791,2847.884089,3091.0,1924.41,1231.3001,47710.82,4337.794384,1718.5459059999998
2014-02-11,6.3872276151518905,2659.819,2842.952808,3085.903,1928.65,1233.9101,48462.79,4368.309875,1606.7026600000002
2014-02-12,6.3897105860150045,2660.858,2837.952884,3082.854,1931.92,1234.49,48216.89,4413.52476,1594.8038800000002
2014-02-13,6.392194522108212,2661.903,2847.112215,3097.15,1927.62,1237.5,47812.83,4380.064071,1392.2716679999999
2014-02-14,6.394679423806736,2662.945,2852.802697,3104.86,1927.23,1243.78,48201.11,4392.303207,1557.992802
2014-02-17,6.397165291485947,2663.988,2862.636506,3117.147,1927.27,1247.78,47576.33,4394.509563,1535.63925
2014-02-18,6.399652125521359,2665.03,2871.424008,3129.127,1927.56,1251.4301,46599.76,4410.276884,1500.6000880000001
2014-02-19,6.402139926288634,2666.077,2870.395113,3126.624,1927.62,1256.9599,47150.83,4377.66175,1465.5322360000002
2014-02-20,6.40462869416358,2667.119,2884.837013,3150.159,1924.97,1259.5401,47288.61,4360.278600000001,1354.1469
2014-02-21,6.407118429522149,2668.166,2895.675633,3165.171,1922.24,1275.76,47380.24,4307.291625,1321.356267
2014-02-24,6.409609132740441,2669.205,2902.289651,3170.659,1920.34,1284.0,47393.5,4325.624532,1057.239096
2014-02-25,6.4121008041947025,2670.257,2910.95067,3172.345,1917.56,1296.49,46715.91,4319.794944,1428.0383520000003
2014-02-26,6.414607294399062,2671.302,2911.347444,3181.61,1921.62,1303.4599,46599.21,4334.096324,1364.147164
2014-02-27,6.41717005830532,2672.349,2918.059173,3205.714,1917.05,1316.1999,47606.75,4300.283939,1342.271889
2014-02-28,6.419733846087015,2673.418,2901.164965,3185.474,1921.64,1330.4201,47094.4,4357.621075,1328.553585
2014-03-05,6.422289477933804,2674.49,2901.054431,3185.257,1920.31,1339.5501,46589.0,4344.615866,1546.5062
2014-03-06,6.424846127152074,2675.559,2895.348115,3181.118,1923.05,1337.75,47093.13,4361.8423139999995,1535.7994199999998
2014-03-07,6.427403794146833,2676.632,2882.098999,3166.626,1929.15,1337.25,46244.07,4396.49164,1467.1983400000001
2014-03-10,6.429962479323245,2677.71,2880.086262,3149.738,1928.38,1327.47,45533.2,4412.475802,1476.7644500000001
2014-03-11,6.432522183086639,2678.775,2885.272793,3139.097,1930.3,1329.65,45697.62,4414.890557000001,1510.05932
2014-03-12,6.435082905842504,2679.841,2893.727974,3151.753,1927.97,1327.98,45861.81,4400.73192,1505.2990679999998
2014-03-13,6.437644647996491,2680.914,2891.648359,3159.649,1928.24,1323.4201,45443.83,4364.193858,1506.3150990000001
2014-03-14,6.440207409954412,2681.982,2888.116903,3154.439,1925.46,1321.5799,44965.66,4320.579771,1491.32785
2014-03-17,6.44277119212224,2683.051,2887.928061,3153.154,1927.24,1322.5401,45117.8,4366.577553,1439.9983
2014-03-18,6.445335994906112,2684.124,2881.840461,3144.466,1927.71,1323.2901,46150.96,4369.8315,1442.08524
2014-03-19,6.447911035542797,2685.194,2873.547457,3129.362,1932.34,1324.9,46567.23,4369.646191,1418.0209550000002
2014-03-20,6.450487104959716,2686.266,2871.620561,3141.154,1932.11,1323.39,47278.48,4357.852079,1354.4653360000002
2014-03-21,6.45306420356789,2687.338,2881.989997,3152.565,1930.55,1327.86,47380.94,4339.659000000001,1329.2257500000003
2014-03-24,6.455642331778499,2688.41,2892.11,3164.163,1928.79,1325.6601,47993.42,4314.647376000001,1352.9731050000003
2014-03-25,6.458221490002891,2689.487,2902.726016,3181.346,1924.84,1327.4399,48180.14,4312.007506,1322.0636000000002
2014-03-26,6.460801678652577,2690.564,2910.517934,3195.006,1923.87,1330.1999,47965.61,4266.075167999999,1293.298536
2014-03-27,6.463373659192832,2691.639,2925.685692,3217.618,1914.33,1332.8101,49646.79,4176.611551999999,1160.0745040000002
2014-03-28,6.46594666361282,2692.719,2913.232961,3209.59,1918.18,1332.9399,49768.06,4200.821868,1139.7456
2014-03-31,6.468520692320137,2693.804,2911.561511,3208.088,1922.3,1336.0699,50414.92,4253.95648,1058.184
2014-04-01,6.471095745722543,2694.89,2908.511117,3208.553,1925.02,1335.1701,50270.37,4262.972168,1090.273807
2014-04-02,6.473671824227958,2695.977,2912.976556,3214.926,1928.94,1336.6,51701.05,4290.073920000001,975.266368
2014-04-03,6.47630693234401,2697.06,2915.932344,3217.52,1932.31,1338.64,51408.21,4305.2623379999995,994.342662
2014-04-04,6.47894311308082,2698.166,2925.821919,3224.644,1921.82,1339.14,51081.78,4169.9682219999995,1017.8926659999998
2014-04-07,6.481580366875,2699.265,2931.808613,3230.899,1913.7,1340.2901,52155.28,4093.959256,1007.82438
2014-04-08,6.484218694163336,2700.374,2943.647241,3240.737,1906.71,1337.38,51629.07,4077.4603320000006,996.5334540000001
2014-04-09,6.486858095382795,2701.474,2938.803226,3243.143,1907.13,1336.22,51185.4,4094.2704420000005,937.96141
2014-04-10,6.48949857097052,2702.574,2935.402914,3240.95,1907.6,1336.2099,51127.48,4045.6075599999995,831.8182999999999
2014-04-11,6.492140121363834,2703.676,2931.273765,3243.117,1910.32,1337.62,51867.29,4028.289834,946.2994579999998
2014-04-14,6.494782747000235,2704.777,2925.377904,3241.465,1913.42,1343.5501,51596.55,4052.238296,944.166808
2014-04-15,6.497426448317401,2705.882,2927.090498,3247.329,1918.23,1346.13,50454.35,4114.45285,1155.542
2014-04-16,6.500071225753188,2706.992,2929.739136,3248.102,1922.5,1343.47,51200.56,4177.9062539999995,1182.5858759999999
2014-04-17,6.50271707974563,2708.098,2939.823894,3252.663,1922.18,1344.76,52111.85,4170.17757,1110.9665220000002
2014-04-22,6.50536401073294,2709.205,2940.528971,3255.732,1922.38,1344.88,51976.86,4205.869035,1110.301986
2014-04-23,6.508012019153509,2710.312,2951.71843,3267.644,1917.15,1345.9301,51569.69,4166.929041,1093.2192380000001
2014-04-24,6.510661105445905,2711.423,2955.352001,3271.683,1917.46,1347.0899,51817.45,4159.4304010000005,1055.062932
2014-04-25,6.5133112700488764,2712.535,2957.022746,3275.862,1920.86,1347.4399,51399.35,4181.655940000001,1038.098219
2014-04-28,6.51596251340135,2713.647,2957.549983,3271.131,1919.66,1349.62,51383.68,4156.490662,976.450578
2014-04-29,6.518614835942429,2714.759,2952.508081,3275.346,1921.12,1348.5899,51838.61,4200.509379,1001.437503
2014-04-30,6.521268238111399,2715.869,2955.4622,3285.677,1921.03,1350.76,51626.69,4206.2951649999995,1000.763121
2014-05-02,6.523922720347722,2716.984,2965.219159,3306.085,1919.95,1359.12,52980.31,4179.89308,1003.25522
2014-05-05,6.526578283091039,2718.092,2960.662235,3303.034,1923.66,1357.6601,53446.17,4230.873234,966.070266
2014-05-06,6.529234926781172,2719.202,2972.434175,3328.241,1918.24,1357.1,53779.74,4164.08174,953.4679699999999
2014-05-07,6.531892651858118,2720.315,2973.731951,3340.989,1919.41,1355.6,54052.74,4163.240286,991.839836
2014-05-08,6.534551458762056,2721.426,2967.870431,3331.373,1917.94,1358.0799,53422.37,4154.895576,978.67536
2014-05-09,6.537211347933345,2722.538,2974.409142,3324.931,1918.79,1358.24,53100.34,4156.512696,1000.782083
2014-05-12,6.539872319812521,2723.655,2972.956579,3316.936,1921.34,1357.77,54052.9,4199.752095000001,977.4805920000001
2014-05-13,6.542534374840301,2724.77,2976.285706,3322.132,1921.79,1357.74,53907.46,4202.662005,969.129495
2014-05-14,6.5451975134575795,2725.883,2986.059839,3344.604,1919.68,1361.4,54412.54,4158.7319130000005,987.2234510000001
2014-05-15,6.547861736105432,2727.0,2982.836635,3337.481,1921.0,1363.1999,53855.54,4151.04198,992.6467439999999
2014-05-16,6.550527043225113,2728.118,2986.728735,3338.425,1921.73,1360.47,53975.76,4159.835472,996.131136
2014-05-19,6.553193435258057,2729.236,2991.893867,3345.678,1921.8,1360.4301,53353.1,4160.37156,991.0754199999999
2014-05-20,6.555860912645879,2730.349,2992.934948,3352.241,1922.05,1358.5899,52366.19,4149.8167140000005,1084.478994
2014-05-21,6.558529475830372,2731.441,3002.470979,3375.378,1921.96,1359.8101,52203.37,4167.259816,1090.754096
2014-05-22,6.561199125253508,2732.555,3011.647094,3386.503,1926.26,1357.78,52806.22,4203.22029,1160.05051
2014-05-23,6.563869861357443,2733.664,3013.367242,3381.391,1927.81,1357.9101,52626.41,4225.448349,1183.8627840000001
2014-05-26,6.566541684584508,2734.781,3014.377908,3383.628,1928.97,1357.5601,52932.91,4227.348879,1294.1199829999998
2014-05-27,6.569214595377218,2735.89,3008.331458,3371.459,1932.41,1358.47,52173.98,4278.663388999999,1292.4767659999998
2014-05-28,6.571888594178266,2737.0,3018.171499,3390.837,1934.24,1361.01,52639.75,4263.58385,1274.020775
2014-05-29,6.574563681430526,2738.119,3029.070965,3415.169,1933.23,1364.6,52239.34,4270.338723,1264.667742
2014-05-30,6.577239857577052,2739.209,3034.322908,3425.826,1937.26,1369.25,51239.34,4311.297441,1375.9788959999998
2014-06-02,6.579917123061078,2740.275,3030.420778,3402.67,1941.35,1368.0501,51605.83,4382.771696000001,1491.918736
2014-06-03,6.582595478326019,2741.359,3022.784984,3383.51,1942.75,1366.52,52032.38,4388.614168,1532.242681
2014-06-04,6.585274923815471,2742.474,3025.23194,3382.236,1946.04,1368.0799,51832.98,4392.4817920000005,1478.6588160000001
2014-06-05,6.58795545997321,2743.536,3036.645022,3383.026,1945.32,1369.85,51558.79,4388.544336,1492.633384
2014-06-06,6.590637087243191,2744.621,3049.350348,3428.791,1946.57,1372.8101,53128.66,4380.5866240000005,1466.569815
2014-06-09,6.59332929658696,2745.717,3048.297867,3420.041,1945.7,1371.6999,54273.16,4348.990576,1440.2505600000002
2014-06-10,6.596013111277135,2746.702,3048.402002,3415.561,1944.67,1372.1601,54604.34,4334.65538,1433.94548
2014-06-11,6.598698018414081,2747.731,3051.804636,3429.498,1945.97,1372.3299,55102.44,4341.872704,1417.0851840000003
2014-06-12,6.6013840184424755,2748.858,3052.890215,3430.983,1945.72,1372.3299,55102.44,4315.72596,1321.49836
2014-06-13,6.604071111807182,2749.96,3065.20999,3455.148,1947.66,1375.8001,54806.64,4306.600688,1295.365591
2014-06-16,6.606759298953243,2751.054,3057.926776,3426.538,1947.56,1375.3001,54629.55,4331.90719,1325.226755
2014-06-17,6.609448580325881,2752.136,3052.291848,3410.896,1951.55,1376.4399,54299.95,4392.78138,1371.65418
2014-06-18,6.612138956370503,2753.242,3062.05299,3425.247,1948.85,1376.0601,55202.54,4359.760044,1348.531896
2014-06-20,6.614830427532693,2754.347,3058.334334,3421.274,1948.63,1374.37,54638.19,4377.396387,1325.7275470000002
2014-06-23,6.61752299425822,2755.484,3062.938906,3424.779,1948.15,1376.3399,54210.05,4358.95681,1303.66037
2014-06-24,6.6202166569930325,2756.602,3067.983664,3437.727,1949.61,1379.9499,54280.78,4338.315504,1302.019704
2014-06-25,6.622911416183261,2757.731,3073.83384,3445.626,1947.48,1381.8399,53425.74,4326.250334,1259.395354
2014-06-26,6.625607272275219,2758.849,3074.129972,3457.377,1947.48,1381.49,53506.75,4299.425174,1255.611753
2014-06-27,6.628304225715398,2759.97,3065.662618,3434.565,1947.12,1383.52,53157.3,4301.757952000001,1264.7338610000002
2014-06-30,6.6310022769504755,2761.072,3063.36877,3427.85,1949.16,1387.63,53168.22,4340.929335000001,1432.715065
2014-07-01,6.633701426427308,2762.193,3075.335192,3443.912,1948.98,1387.99,53171.49,4344.855976,1416.4839940000002
2014-07-02,6.636401674592935,2763.315,3070.632565,3431.156,1951.77,1390.5799,53028.78,4393.332038,1442.224678
2014-07-03,6.639103021894577,2764.429,3076.542115,3441.716,1953.45,1390.76,53874.58,4388.219488,1420.871274
2014-07-04,6.641805468779639,2765.54,3077.441202,3444.324,1954.43,1389.25,54055.9,4409.662240000001,1410.0684800000001
2014-07-07,6.644509015695705,2766.66,3080.770966,3449.991,1955.02,1386.0601,53801.83,4401.655605,1388.6587439999998
2014-07-08,6.647213663090544,2767.78,3082.314538,3455.305,1953.25,1391.0,53634.69,4343.72652,1382.07972
2014-07-09,6.649919411412105,2768.916,3083.618673,3456.763,1953.64,1391.0,53634.69,4365.87279,1381.22182
2014-07-10,6.65262626110852,2770.046,3080.836883,3451.908,1952.24,1388.36,54592.75,4364.340152000001,1372.93627
2014-07-11,6.655334212628104,2771.175,3080.05509,3449.961,1951.7,1387.1999,54785.93,4369.579456,1407.276544
2014-07-14,6.658043266419354,2772.299,3087.606761,3456.155,1951.53,1390.27,55743.98,4370.77497,1375.2322560000002
2014-07-15,6.66075342293095,2773.426,3089.013072,3449.952,1953.1,1391.8199,55973.61,4378.905648,1379.703234
2014-07-16,6.663464682611754,2774.557,3095.377087,3457.636,1954.45,1389.6899,55717.36,4406.417209,1377.515439
2014-07-17,6.6661770459108105,2775.693,3100.475598,3458.089,1956.95,1392.9499,55637.51,4421.8265839999995,1406.926346
2014-07-18,6.668890513277348,2776.821,3111.905779,3493.413,1959.28,1394.02,57012.9,4405.298118000001,1400.4083340000002
2014-07-21,6.6716050851607775,2777.942,3120.216091,3510.987,1958.48,1399.73,57633.92,4383.234867,1378.690302
2014-07-22,6.674320762010692,2779.072,3129.926876,3533.793,1961.38,1404.87,57983.32,4389.353537,1376.069736
2014-07-23,6.6770375442768675,2780.194,3123.106106,3514.327,1960.9,1404.0601,57419.96,4409.969994,1376.0279999999998
2014-07-24,6.679755432409265,2781.321,3112.156984,3499.105,1959.04,1406.35,57977.56,4417.887954000001,1341.491395
2014-07-25,6.682474426858027,2782.453,3116.646627,3510.918,1961.55,1407.14,57821.08,4412.291702,1337.0648500000002
2014-07-28,6.685194528073479,2783.587,3115.094879,3503.271,1961.12,1402.9399,57695.72,4398.127475,1316.1422750000002
2014-07-29,6.687915736506131,2784.72,3109.745129,3492.375,1961.94,1408.6999,57118.81,4395.943425,1299.35782
2014-07-30,6.690638052606675,2785.857,3102.852326,3477.384,1964.48,1408.5699,56877.97,4423.989192,1267.9331280000001
2014-07-31,6.693361476825989,2786.994,3098.609296,3466.477,1963.71,1409.4201,55829.41,4370.650746,1327.401768
2014-08-01,6.69608600961513,2788.127,3088.121163,3448.322,1958.14,1410.03,55902.87,4345.641095,1354.4477189999998
2014-08-04,6.698814062016307,2789.266,3094.249231,3465.434,1958.95,1402.1899,56616.33,4380.1784099999995,1325.71674
2014-08-05,6.701543225853313,2790.404,3075.572026,3437.939,1958.17,1397.5601,56202.1,4380.959115,1322.4714749999998
2014-08-06,6.704273501578958,2791.541,3089.086795,3478.18,1959.53,1393.9,56487.18,4364.3214720000005,1319.746776
2014-08-07,6.707004889646236,2792.679,3083.153057,3465.28,1958.25,1392.72,56188.05,4382.46315,1357.9055999999998
2014-08-08,6.709737390508327,2793.818,3095.523371,3479.277,1958.76,1390.25,55572.93,4410.592605999999,1350.220088
2014-08-11,6.712471004618593,2794.958,3102.572045,3485.959,1961.44,1391.8199,56613.32,4407.267768,1309.060374
2014-08-12,6.715205732430585,2796.098,3106.565757,3480.981,1961.02,1389.8001,56442.34,4402.37525,1298.049022
2014-08-13,6.717941574398035,2797.241,3097.585062,3458.955,1959.73,1392.6999,55581.19,4441.831024,1238.849015
2014-08-14,6.72067853097486,2798.383,3104.756422,3479.999,1961.01,1391.48,55780.41,4431.415470000001,1164.3010500000003
2014-08-15,6.723419022059436,2799.529,3120.759996,3524.036,1962.77,1397.15,56963.65,4418.240094,1122.605325
2014-08-18,6.726158210203213,2800.673,3130.618222,3549.337,1964.94,1394.97,57560.72,4451.005876,1032.602482
2014-08-19,6.728898514319631,2801.816,3132.243486,3547.681,1966.78,1396.9,58449.29,4452.06072,1085.9649120000001
2014-08-20,6.731647202073747,2802.956,3127.538337,3535.92,1968.38,1393.0501,58878.24,4493.48562,1163.14302
2014-08-21,6.734392165853337,2804.099,3117.278928,3521.566,1968.02,1399.3399,58992.11,4520.488292999999,1185.9994080000001
2014-08-22,6.737135824565628,2805.245,3130.405196,3549.786,1971.93,1398.1,58407.32,4529.17752,1177.4631539999998
2014-08-25,6.739887877178605,2806.392,3137.695203,3564.057,1976.81,1396.11,59735.17,4572.23992,1156.7680950000001
2014-08-26,6.742641053977554,2807.539,3143.291005,3579.004,1976.51,1394.49,59821.45,4523.04523,1153.0031599999998
2014-08-27,6.745388073369355,2808.691,3151.392044,3613.934,1978.29,1400.5799,60950.57,4494.2696399999995,1161.72147
2014-08-28,6.748143496943446,2809.843,3154.481103,3619.787,1976.38,1405.6601,60290.87,4476.890754,1139.3231150000001
2014-08-29,6.750892758085536,2810.995,3159.764006,3633.531,1981.06,1413.1,61288.15,4479.935994,1139.0084700000002
2014-09-01,6.753643139304107,2812.148,3166.825187,3649.003,1982.87,1413.51,61141.27,4499.769357,1082.328207
2014-09-02,6.756394641055491,2813.302,3178.443221,3681.466,1987.77,1418.0699,61895.98,4492.11518,1072.864135
2014-09-03,6.759147263796203,2814.452,3174.399154,3674.601,1986.15,1418.1801,61837.04,4471.6092,1065.26805
2014-09-04,6.761901007982947,2815.603,3165.33902,3663.649,1986.9,1420.6701,60800.02,4480.928715,1092.61401
2014-09-05,6.764655874072609,2816.75,3166.346222,3656.016,1986.93,1415.76,60681.98,4503.6950719999995,1073.191744
2014-09-08,6.767411862522265,2817.904,3152.662761,3622.358,1986.37,1412.3101,59192.75,4538.49195,1065.203475
2014-09-09,6.7701689737891755,2819.057,3137.524455,3591.661,1984.23,1413.9599,58676.34,4542.790024000001,1080.638646
2014-09-10,6.772934520113279,2820.213,3137.892526,3595.878,1985.93,1412.52,58198.66,4567.5357030000005,1105.991388
2014-09-11,6.775693881366118,2821.362,3148.889575,3605.393,1987.25,1414.9201,58337.29,4589.74061,1092.649856
2014-09-12,6.778454366810325,2822.512,3123.427554,3532.026,1987.99,1414.03,56927.81,4643.582398,1102.6502759999998
2014-09-15,6.7812159769039075,2823.664,3131.374146,3540.263,1987.37,1417.65,57948.76,4648.221351,1114.234974
2014-09-16,6.783978712105058,2824.818,3143.000514,3564.665,1986.93,1418.49,59114.66,4661.62136,1081.7914799999999
2014-09-17,6.786742572872156,2825.971,3144.01189,3566.376,1991.96,1422.02,59108.19,4716.699705,1048.194765
2014-09-18,6.78950755966377,2827.122,3132.785078,3552.729,1994.55,1424.14,58374.48,4756.262992,987.120368
2014-09-19,6.792273672938652,2828.274,3131.638203,3561.067,1998.21,1418.6601,57788.7,4760.426160000001,938.8013130000002
2014-09-22,6.795040913155744,2829.43,3114.803904,3521.545,1998.08,1416.89,56818.11,4781.9085620000005,965.0425660000001
2014-09-23,6.797816619418359,2830.585,3119.009512,3536.314,1999.41,1418.9599,56540.5,4783.630902,1081.665084
2014-09-24,6.800593459529226,2831.742,3132.648122,3562.849,2001.23,1419.4201,56824.42,4762.94805,1021.0914
2014-09-25,6.80337143395151,2832.898,3122.1446,3556.266,2004.32,1420.4101,55962.08,4774.013517,989.3622690000001
2014-09-26,6.806143195507416,2834.057,3128.933003,3566.511,2006.72,1424.1,57212.38,4799.091855,985.763987
2014-09-29,6.808916086306698,2835.216,3086.705524,3479.219,2009.19,1418.12,54625.35,4841.06106,918.4259940000002
2014-09-30,6.8116901068094196,2836.379,3099.270062,3505.141,2008.75,1421.4399,54115.98,4824.4185689999995,953.196248
2014-10-01,6.814465257475835,2837.543,3090.920108,3486.674,2010.6,1421.51,52858.43,4828.42296,951.3394499999999
2014-10-02,6.817241538766383,2838.702,3094.954942,3504.536,2007.33,1420.1601,53518.57,4855.69415,940.2657
2014-10-03,6.820018951141692,2839.856,3115.013593,3543.073,2009.05,1412.1899,54539.55,4839.0661,881.92035
2014-10-06,6.822797495062576,2841.015,3137.60545,3585.076,1999.02,1414.5799,57115.9,4767.242765999999,808.782842
2014-10-07,6.825584539611335,2842.172,3154.264038,3617.796,1992.21,1418.9201,57436.33,4637.4671499999995,792.4746200000001
2014-10-08,6.828372722639922,2843.334,3156.975376,3620.932,1992.28,1416.1701,57058.48,4680.839086000001,833.5164400000001
2014-10-09,6.831162044613394,2844.496,3157.284037,3628.82,1991.28,1416.88,57267.53,4625.004506,878.631166
2014-10-10,6.833952505996999,2845.655,3145.521317,3618.501,1987.22,1419.3199,55311.59,4629.98977,869.70345
2014-10-13,6.836736726587467,2846.814,3165.54665,3664.572,1986.64,1419.0799,57956.53,4488.689982,930.8320109999999
2014-10-14,6.8395294651729115,2847.972,3165.561128,3650.525,1986.78,1421.24,58015.46,4507.04331,977.4741690000001
2014-10-15,6.842315957872318,2849.133,3152.709641,3628.014,1985.23,1419.86,56135.27,4567.756725,961.061175
2014-10-16,6.845110975517949,2850.294,3136.805893,3629.119,1988.47,1416.78,54298.33,4606.232927999999,947.552232
2014-10-17,6.847907134900339,2851.456,3152.503598,3647.457,1986.86,1419.97,55723.79,4595.015304,929.34864
2014-10-20,6.850704436485875,2852.617,3138.436833,3607.557,1989.74,1416.4499,54302.57,4693.194249,949.5287780000001
2014-10-21,6.853502880741136,2853.784,3132.665991,3548.554,1992.67,1410.61,52432.43,4818.839344,959.880587
2014-10-22,6.85630246813289,2854.946,3135.090644,3547.911,1993.93,1409.5899,52411.03,4793.107992,955.557368
2014-10-23,6.859103199128098,2856.11,3118.762536,3525.363,2001.32,1405.25,50713.26,4877.05,899.125
2014-10-24,6.861905074193911,2857.274,3136.733188,3569.19,1996.65,1405.53,51940.73,4869.604445999999,887.5976829999998
2014-10-27,6.8647080937976686,2858.442,3137.126035,3532.521,2007.18,1395.13,50503.66,4945.8577190000005,887.195044
2014-10-28,6.867512258406904,2859.611,3152.60445,3569.823,2002.18,1397.6601,52330.03,4884.2155250000005,875.64274
2014-10-29,6.870317568489342,2860.781,3145.292122,3544.811,2000.78,1396.1999,51049.32,4880.4226,840.0836400000002
2014-10-30,6.873185445151956,2861.951,3133.742697,3550.302,1991.31,1400.47,52336.83,4795.1386,835.67848
2014-10-31,6.876047164643899,2863.155,3138.379674,3578.057,2005.3,1402.4599,54628.6,5000.526095,848.3834019999999
2014-11-03,6.878910075641371,2864.348,3127.831577,3556.999,2013.7,1398.4499,53947.21,5035.444855,817.3012049999999
2014-11-04,6.881774178640465,2865.548,3118.610894,3536.343,2015.09,1396.22,54383.59,5021.1955499999995,817.401025
2014-11-05,6.884646837635855,2866.744,3128.121324,3558.922,2021.11,1391.9499,53698.42,5074.911203,852.0841039999999
2014-11-06,6.887520695765289,2867.946,3111.575089,3523.926,2029.74,1386.47,52637.06,5219.803457999999,898.479174
2014-11-07,6.890395753529322,2869.144,3109.737553,3516.96,2030.38,1383.8299,53222.85,5210.85884,878.777215
2014-11-10,6.893272011428718,2870.34,3115.083148,3532.472,2029.68,1377.1801,52725.38,5202.65865,934.0108000000001
2014-11-11,6.896149469964448,2871.542,3106.229633,3519.329,2032.91,1366.53,52474.27,5214.033984,940.488333
2014-11-12,6.899028129637695,2872.74,3101.973859,3506.044,2033.19,1361.4,52978.89,5234.226000000001,1094.7384
2014-11-13,6.901907990949849,2873.931,3094.328247,3486.12,2040.94,1352.2099,51846.03,5279.213570999999,1047.724551
2014-11-14,6.904789054402511,2875.129,3107.365832,3498.721,2043.58,1349.87,51772.4,5306.59173,1031.364675
2014-11-17,6.9076713204974896,2876.334,3107.028314,3498.613,2043.45,1347.11,51256.99,5325.395616,1006.631568
2014-11-18,6.910554789736804,2877.531,3117.583121,3515.014,2042.65,1345.11,52061.86,5299.18386,978.145971
2014-11-19,6.913439462622684,2878.735,3129.734815,3557.64,2040.26,1341.4301,53402.81,5266.849376,968.3946520000001
2014-11-20,6.916325339657566,2879.943,3131.223815,3559.074,2040.38,1341.4301,53402.81,5279.673,920.6988400000001
2014-11-21,6.919212421344098,2881.148,3167.146312,3630.66,2033.22,1344.02,56084.04,5191.559649999999,890.12542
2014-11-24,6.922100708185139,2882.359,3172.500809,3634.641,2037.5,1351.52,55406.91,5269.545624,963.659616
2014-11-25,6.924990200683757,2883.568,3180.247383,3651.963,2036.16,1354.24,55560.81,5229.999306,953.6829839999999
2014-11-26,6.927880899343228,2884.772,3192.530658,3668.646,2033.84,1357.0799,55098.47,5184.562395999999,916.93992
2014-11-27,6.930772804667041,2885.981,3193.394245,3671.797,2035.58,1356.64,54721.32,5246.7472960000005,934.7468480000001
2014-11-28,6.933658501231992,2887.192,3189.768968,3654.794,2042.95,1361.51,54724.0,5303.498156000001,969.017827
2014-12-01,6.936545399285565,2888.403,3177.836657,3620.897,2039.79,1354.97,52276.58,5257.422431999999,968.3310629999999
2014-12-02,6.939433499328012,2889.615,3169.338347,3583.732,2043.46,1351.0799,51612.47,5309.586915000001,974.7153410000001
2014-12-03,6.9423302270536364,2890.826,3169.423796,3599.291,2040.09,1343.4499,52320.48,5296.594222,966.257628
2014-12-04,6.945351945708263,2892.039,3175.849187,3605.97,2047.73,1341.8101,51426.87,5368.759104000001,966.3621280000001
2014-12-05,6.948374979596152,2893.303,3176.581884,3618.215,2051.86,1343.8399,51992.89,5370.227412,979.6912360000001
2014-12-08,6.951399329289771,2894.569,3168.770442,3607.8,2054.43,1336.1701,50274.07,5357.836154999999,956.25586
2014-12-09,6.954420059868314,2895.832,3170.782785,3594.815,2050.46,1331.27,50193.47,5346.26281,915.043525
2014-12-10,6.95744210310533,2897.097,3170.014886,3574.01,2048.85,1331.1801,49548.08,5301.597924000001,916.9089720000001
2014-12-11,6.960470399355128,2898.364,3156.065086,3551.88,2053.98,1330.02,49861.81,5393.6245,928.3744999999999
2014-12-12,6.96350001370115,2899.629,3155.496056,3542.537,2051.9,1321.8001,48001.98,5316.1861499999995,946.32165
2014-12-15,6.966530946717113,2900.894,3142.796223,3520.591,2051.61,1320.72,47018.68,5363.445591000001,938.5079549999999
2014-12-16,6.969563198976981,2902.161,3124.789697,3517.537,2051.2,1304.15,47007.51,5402.5457639999995,912.939696
2014-12-17,6.972596771054967,2903.431,3127.031212,3520.048,2050.55,1312.5601,48713.64,5465.197639,871.682855
2014-12-18,6.975631663525536,2904.698,3134.41362,3532.221,2051.62,1318.1999,48495.7,5488.024875,829.075875
2014-12-19,6.978667876963401,2905.969,3136.204493,3546.277,2053.66,1323.4599,49650.98,5508.550195,836.0258779999999
2014-12-22,6.981705411943528,2907.24,3148.891285,3561.856,2055.28,1319.5501,50120.86,5539.932661999999,878.322962
2014-12-23,6.984739312030288,2908.511,3147.548328,3563.055,2062.89,1324.39,50889.81,5611.6563670000005,902.831549
2014-12-24,6.987774530498331,2909.783,3149.092922,3565.19,2063.34,1324.39,50889.81,5596.718004,865.2831209999999
2014-12-26,6.99081106792056,2911.051,3150.027663,3566.279,2061.88,1329.78,50144.63,5575.136006999999,879.4417589999999
2014-12-29,6.993853888345982,2912.324,3145.508057,3560.393,2064.9,1332.78,50593.82,5654.573736,849.9834000000001
2014-12-30,6.996893067553163,2913.594,3156.504829,3582.98,2060.24,1336.72,50007.41,5529.98637,824.493894
2015-01-02,6.999933567435669,2916.144,3161.744227,3588.292,2065.13,1346.52,48512.22,5544.99662,847.9140930000001
2015-01-05,7.002975388567398,2917.418,3168.857524,3597.936,2066.05,1352.7901,47516.82,5467.083306,733.0553010000001
2015-01-06,7.0060185315225,2918.692,3186.648649,3627.959,2061.02,1347.4301,48000.92,5408.248566,773.4788460000001
2015-01-07,7.0090629968753735,2919.968,3184.325453,3623.384,2063.36,1351.0,49462.91,5434.8819300000005,794.427951
2015-01-08,7.012108785200666,2921.243,3185.195409,3627.772,2066.41,1352.4499,49943.3,5490.035322,782.263609
2015-01-09,7.015155897073275,2922.521,3199.874606,3654.495,2061.05,1355.0601,48840.25,5384.393692,763.127692
2015-01-12,7.018204333068349,2923.797,3191.478235,3635.024,2059.46,1358.6801,48139.74,5423.161588,723.66397
2015-01-13,7.021254093761284,2925.075,3203.478712,3649.616,2058.14,1358.9599,48041.67,5345.654471999999,623.73852
2015-01-14,7.024305179727728,2926.355,3206.736037,3652.691,2057.55,1359.88,47645.87,5263.694717,479.112497
2015-01-15,7.027357591543579,2927.634,3215.743827,3661.858,2058.15,1371.12,48026.31,5265.630475,546.1519000000001
2015-01-16,7.030411329784984,2928.913,3226.314345,3679.673,2062.61,1376.51,49016.52,5295.323124,546.3091479999999
2015-01-19,7.033466395028342,2930.194,3217.013881,3673.011,2064.13,1379.2901,47758.01,5353.280478000001,573.1510890000001
2015-01-20,7.036522787850302,2931.474,3232.315728,3702.144,2063.0,1375.6801,47876.66,5285.125405000001,551.834458
2015-01-21,7.039580508827763,2932.757,3238.17215,3706.454,2065.08,1374.6701,49224.08,5285.54412,585.4851
2015-01-22,7.042769509194067,2934.039,3234.427588,3689.654,2063.83,1379.1701,49442.62,5311.37336,597.0548479999999
2015-01-23,7.045957418812404,2935.365,3241.977373,3712.758,2071.02,1378.63,48775.3,5293.490418,611.462099
2015-01-26,7.049146771438029,2936.702,3243.352478,3703.432,2072.07,1376.0699,48576.55,5314.903433,701.7587570000001
2015-01-27,7.052337567724121,2938.04,3245.118436,3702.003,2067.01,1372.38,48591.23,5221.62624,673.4561279999999
2015-01-28,7.055529808324151,2939.378,3243.806169,3698.748,2065.54,1370.51,47694.54,5158.56524,607.89941
2015-01-29,7.058723493891888,2940.72,3243.728988,3710.318,2074.3,1372.9101,47762.24,5263.132874999999,609.6250679999999
2015-01-30,7.061918625081398,2942.058,3233.3572,3696.884,2084.6,1372.0601,46907.68,5353.755164,616.342412
2015-02-02,7.06511520254704,2943.397,3219.229182,3677.805,2090.79,1372.9599,47650.73,5511.262119999999,619.89256
2015-02-03,7.068315770384945,2944.737,3231.694466,3685.046,2094.32,1373.2901,48963.66,5525.035853,614.105486
2015-02-04,7.071517788112088,2946.077,3226.160972,3673.622,2100.82,1370.6701,49301.05,5597.003816,616.805168
2015-02-05,7.07472125638528,2947.418,3220.8056,3664.503,2103.18,1368.99,49233.85,5662.442408,600.583704
2015-02-06,7.077926175861635,2948.759,3218.367008,3650.766,2110.84,1367.75,48792.27,5717.7008989999995,621.3483289999999
2015-02-09,7.081132547198562,2950.101,3203.32206,3645.793,2108.57,1364.0899,49382.58,5670.697844,612.3026
2015-02-10,7.084340371053768,2951.444,3196.285339,3632.805,2116.6,1358.3001,48510.28,5858.867457,622.25631
2015-02-11,7.087549648085259,2952.787,3175.826488,3609.295,2119.81,1359.1899,48239.67,5932.750893,629.232459
2015-02-12,7.090760378951338,2954.131,3195.721762,3636.101,2117.69,1364.4499,49532.72,5896.614432,627.35948
2015-02-13,7.093972564310607,2955.475,3197.190732,3637.332,2121.13,1365.62,50635.92,5943.289057999999,663.91135
2015-02-18,7.097186204821965,2956.821,3190.168785,3631.304,2124.3,1366.02,51280.36,5961.621424,662.919764
2015-02-19,7.100401301144611,2958.166,3187.671986,3639.834,2130.35,1366.5601,51294.03,6012.96966,690.640788
2015-02-20,7.103617853938043,2959.513,3180.38695,3638.483,2133.36,1362.61,51237.7,6054.239670000001,702.421476
2015-02-23,7.106835863862055,2960.86,3191.384142,3644.645,2135.2,1364.0501,51280.64,6073.078242,692.097054
2015-02-24,7.110055331576743,2962.207,3206.915616,3653.097,2132.11,1367.98,51874.17,5983.8467279999995,676.997124
2015-02-25,7.1132762577425,2963.555,3207.211745,3652.807,2139.43,1363.37,51811.02,6064.875726,682.759727
2015-02-26,7.11649864302002,2964.904,3212.674064,3662.045,2144.41,1368.39,51760.54,6134.6547359999995,687.3636
2015-02-27,7.119722488070295,2966.254,3235.456417,3716.97,2145.44,1369.4201,51583.09,5974.465050000001,723.5504430000001
2015-03-02,7.122947793554616,2967.604,3225.958389,3698.697,2153.01,1364.52,51020.81,6129.84405,789.9876
2015-03-03,7.126174560134574,2968.954,3226.991939,3700.294,2155.64,1359.53,51304.1,6178.746292000001,830.641504
2015-03-04,7.129402788472061,2970.306,3217.316075,3682.871,2165.6,1355.85,50468.05,6250.051899,813.37373
2015-03-05,7.132760951067514,2971.657,3204.857105,3666.49,2171.26,1354.25,50365.2,6309.843328,840.685776
2015-03-06,7.1361206954582945,2973.062,3188.878571,3667.17,2177.65,1355.1899,49981.19,6346.754892000001,837.29265
2015-03-09,7.139482022389476,2974.468,3157.003289,3627.171,2185.94,1355.4201,49181.01,6492.812231999999,902.5921679999999
2015-03-10,7.142844932606482,2975.928,3174.540384,3644.01,2182.2,1343.9201,48293.4,6339.757824,909.2994659999999
2015-03-11,7.146209426855087,2977.345,3174.105266,3650.599,2190.14,1345.47,48905.58,6377.382192,920.70439
2015-03-12,7.149575505881418,2978.738,3160.927469,3638.548,2196.02,1344.52,48880.4,6540.384509999999,937.55167
2015-03-13,7.152943170431953,2980.135,3162.804004,3657.548,2209.1,1341.75,48595.81,6670.6752400000005,936.8962399999999
2015-03-16,7.156312421253521,2981.538,3163.654892,3660.579,2211.5,1333.1801,48848.21,6754.918383,941.6749409999999
2015-03-17,7.1596832590933035,2982.946,3188.221563,3695.938,2214.14,1333.1801,50285.12,6719.837488,931.2554159999999
2015-03-18,7.163055684698834,2984.357,3205.06588,3703.06,2212.57,1334.15,51526.19,6740.6547,845.736252
2015-03-19,7.166429698817997,2985.766,3179.2466,3661.912,2219.76,1335.4101,50953.53,6877.87684,845.8793999999999
2015-03-20,7.169805302199031,2987.178,3190.325753,3672.65,2215.24,1333.1701,51966.58,6810.84948,850.249636
2015-03-23,7.173185005022382,2988.587,3201.609733,3683.136,2208.91,1331.98,51908.46,6591.885208000001,834.47136
2015-03-24,7.176566300970049,2989.995,3202.759637,3683.53,2205.12,1330.4399,51506.07,6566.473400000001,777.867296
2015-03-25,7.179949190793001,2991.404,3207.896891,3683.159,2208.48,1331.99,51858.3,6597.83326,781.508956
2015-03-26,7.183333675242557,2992.816,3200.89815,3682.8,2207.74,1332.24,50579.85,6543.697375000001,791.6787
2015-03-27,7.186719755070393,2994.228,3196.71931,3676.398,2211.88,1338.25,50094.66,6698.1088979999995,807.762645
2015-03-30,7.190104915676623,2995.64,3203.380941,3687.685,2214.36,1340.0899,51243.45,6737.094831999999,799.316336
2015-03-31,7.193491670795054,2997.054,3215.322506,3706.43,2214.8,1347.63,51150.16,6611.871486,780.6132359999999
2015-04-01,7.1968800211767485,2998.47,3230.976936,3734.657,2214.17,1354.0799,52321.76,6520.360633,778.192374
2015-04-02,7.2002699675731225,2999.885,3231.229722,3734.605,2209.41,1356.1,53123.02,6453.669208,787.038161
2015-04-06,7.203661510735948,3001.303,3236.601621,3742.12,2210.44,1360.77,53737.26,6504.434243999999,795.8679960000001
2015-04-07,7.20705465141735,3002.722,3242.391614,3743.541,2212.21,1361.9399,53729.16,6493.514442000001,797.299356
2015-04-08,7.210449390369806,3004.142,3257.713402,3775.97,2207.5,1364.5401,53661.11,6347.92129,750.4140010000001
2015-04-09,7.2138457283461515,3005.561,3247.922191,3770.019,2207.1,1364.4,53802.66,6394.410203999999,742.7701979999999
2015-04-10,7.217243666099574,3006.982,3259.536578,3789.193,2215.32,1365.7901,54214.11,6464.465118,722.664747
2015-04-13,7.220643204383616,3008.404,3254.670099,3786.706,2218.85,1365.5501,54239.77,6530.892516,702.769392
2015-04-14,7.224044343952176,3009.826,3269.303157,3815.589,2213.48,1362.0799,53981.92,6420.396256000001,668.770854
2015-04-15,7.227447085559508,3011.249,3273.53752,3831.182,2212.72,1370.1701,54918.74,6380.350281000001,667.010601
2015-04-16,7.230851429960218,3012.673,3267.172953,3827.845,2208.89,1372.27,54674.21,6358.122295,691.664295
2015-04-17,7.234257377909271,3014.097,3255.244511,3818.962,2209.73,1372.39,53954.79,6328.452143999999,679.041048
2015-04-20,7.237664930161987,3015.522,3248.263277,3789.634,2202.66,1372.52,53761.27,6370.09312,680.40868
2015-04-22,7.241074087474041,3016.948,3253.119623,3792.371,2201.25,1375.39,54617.36,6347.278356,703.6037369999999
2015-04-23,7.244484850601463,3018.375,3251.913364,3790.517,2195.22,1381.3101,55684.85,6276.669858,697.19982
2015-04-24,7.247897220300641,3019.803,3246.417685,3790.196,2191.39,1384.53,56594.22,6249.726728000001,682.937192
2015-04-27,7.251313734092347,3021.23,3261.480456,3809.478,2189.85,1384.4301,55534.5,6151.508748,652.598037
2015-04-28,7.25473439632013,3022.66,3260.999767,3810.141,2192.53,1385.97,55812.03,6210.4156920000005,659.024847
2015-04-29,7.258156672176905,3024.09,3270.248611,3820.93,2197.57,1390.1701,55325.29,6237.961479999999,670.5619839999999
2015-04-30,7.261705693044899,3025.522,3252.640783,3796.826,2197.41,1397.0601,56229.38,6286.561344000001,713.1467520000001
2015-05-04,7.265256449277627,3027.006,3245.74014,3796.744,2206.99,1398.9301,57353.98,6527.43063,733.1933700000001
2015-05-05,7.268814027403145,3028.49,3248.749135,3801.379,2199.35,1403.0501,58051.61,6385.807652,717.259578
2015-05-06,7.272373347567945,3029.975,3249.831825,3806.148,2196.09,1409.6999,57103.14,6313.047235,710.1666
2015-05-07,7.27593441062505,3031.461,3247.064276,3806.492,2193.51,1404.49,56921.39,6318.4968,717.7909199999999
2015-05-08,7.279497217427902,3032.947,3264.91354,3835.995,2197.71,1405.78,57149.33,6293.06979,729.527409
2015-05-11,7.28306176883036,3034.435,3260.349795,3827.084,2205.02,1407.24,57197.1,6446.730993,742.8960810000001
2015-05-12,7.286628065686704,3035.923,3260.755158,3821.119,2200.95,1407.86,56792.05,6339.132487999999,728.943462
2015-05-13,7.29019610885163,3037.411,3268.659414,3827.576,2203.21,1408.76,56372.04,6378.32996,739.2063999999999
2015-05-14,7.293765899180252,3038.901,3280.377736,3874.165,2208.27,1409.23,56656.57,6349.30074,708.8670539999999
2015-05-15,7.297337437528104,3040.391,3291.156277,3897.7,2210.65,1413.51,57248.63,6353.543163,710.292561
2015-05-18,7.300910724751139,3041.882,3282.720306,3867.184,2215.06,1413.5699,56204.23,6398.245999999999,697.4004
2015-05-19,7.304485761705728,3043.378,3286.08624,3863.419,2217.07,1411.4599,55498.82,6466.47537,704.53137
2015-05-20,7.308062549248664,3044.871,3300.141619,3896.476,2218.99,1410.63,54901.02,6382.864624999999,702.3448
2015-05-21,7.311641088237155,3046.364,3302.447183,3900.526,2222.46,1414.03,55112.05,6474.070406000001,715.550033
2015-05-22,7.3152213795288334,3047.858,3315.769161,3916.18,2232.15,1415.4201,54377.29,6578.667458,741.177679
2015-05-25,7.318803423981748,3049.351,3311.750262,3904.145,2233.96,1417.8513,54609.25,6586.108668,729.748746
2015-05-26,7.3223872224543705,3050.846,3312.760274,3898.258,2241.52,1412.7718,53629.78,6634.753019999999,744.76222
2015-05-27,7.325972775805591,3052.342,3308.826574,3885.25,2244.25,1415.7555,54236.25,6666.66546,739.572015
2015-05-28,7.32956008489472,3053.838,3320.434213,3906.223,2247.62,1414.2518,53976.28,6706.574217,746.555784
2015-05-29,7.333149150581492,3055.335,3320.249026,3894.458,2245.96,1417.5464,52760.48,6698.760593,750.014265
2015-06-01,7.336739973726058,3056.833,3314.662179,3891.762,2247.6,1419.7846,53031.32,6690.594159,703.299234
2015-06-02,7.340332555188993,3058.333,3307.720202,3878.773,2237.78,1422.7989,54236.43,6607.900079999999,705.049407
2015-06-03,7.343926895831292,3059.833,3303.500208,3878.078,2238.89,1425.7282,53522.91,6624.226938000001,711.156464
2015-06-05,7.347654159048733,3061.333,3300.810327,3875.112,2240.57,1431.4669,52973.38,6576.090426,706.617936
2015-06-08,7.3513833139640745,3062.888,3312.201727,3898.929,2237.87,1428.6303,52809.64,6472.590712,711.2353919999999
2015-06-09,7.35511436153741,3064.442,3315.156425,3905.437,2235.28,1429.4557,52815.99,6442.016535000001,711.6985890000001
2015-06-10,7.358847302729321,3065.997,3293.09285,3896.785,2237.66,1433.7136,53876.45,6563.80308,712.3154340000001
2015-06-11,7.3625821385008745,3067.554,3286.427324,3894.43,2236.56,1432.7971,53688.52,6515.955628,706.94624
2015-06-12,7.366318869813627,3069.112,3295.304864,3904.911,2237.46,1434.8744,53347.53,6530.482035000001,716.9431500000001
2015-06-15,7.370057497629623,3070.671,3279.7326,3889.574,2236.91,1437.0136,53137.53,6519.263268,737.894668
2015-06-16,7.373798022911394,3072.231,3286.823385,3894.669,2234.48,1441.5341,53702.15,6474.391664999999,760.7593199999999
2015-06-17,7.377540446621962,3073.791,3291.720399,3906.364,2232.37,1444.3098,53248.54,6420.624992,765.147608
2015-06-18,7.381284769724836,3075.352,3294.283688,3911.279,2232.14,1451.1608,54238.59,6492.479268,762.3591560000001
2015-06-19,7.385030993184014,3076.914,3290.059291,3919.787,2238.99,1448.6625,53749.41,6536.3270219999995,762.1827119999999
2015-06-22,7.388779117963984,3078.477,3306.006777,3930.44,2245.01,1451.3479,53863.68,6536.467435,761.276684
2015-06-23,7.392529145029724,3080.04,3312.411099,3931.375,2249.82,1449.9594,53772.43,6532.5522599999995,751.480308
2015-06-24,7.3962810753467005,3081.604,3310.433955,3928.075,2248.57,1452.5255,53842.54,6530.483118,746.339158
2015-06-25,7.400034909880871,3083.17,3299.437931,3899.79,2249.53,1452.8858,53175.67,6574.7642940000005,752.640084
2015-06-26,7.403790649598682,3084.735,3309.280477,3908.267,2250.99,1453.3135,54016.97,6576.192657,755.0062110000001
2015-06-29,7.407548295467072,3086.302,3309.972237,3888.355,2243.37,1455.5468,53014.21,6414.898464,796.640328
2015-06-30,7.41130784845347,3087.87,3318.94519,3884.032,2242.57,1460.4644,53080.88,6401.830330000001,809.7899100000002
2015-07-01,7.415069309525795,3089.438,3313.005975,3870.584,2251.92,1466.8303,52757.54,6542.211064,815.17042
2015-07-02,7.418832679652458,3091.007,3331.91924,3891.171,2251.56,1467.4764,53106.19,6431.164626,792.1668269999999
2015-07-03,7.422597959802362,3092.577,3337.901242,3898.679,2261.0,1466.4812,52519.41,6508.836198000001,799.885002
2015-07-06,7.4263651509449,3094.147,3337.320013,3888.498,2260.62,1465.8895,52149.37,6490.941376000001,859.514144
2015-07-07,7.430134254049959,3095.722,3339.638174,3889.346,2266.8,1469.8023,52343.71,6631.773642000001,847.3008960000001
2015-07-08,7.433905270087916,3097.294,3340.910657,3881.099,2268.05,1471.6549,51781.75,6621.623804000001,867.222165
2015-07-09,7.437678200029643,3098.867,3342.520956,3883.449,2269.57,1471.6549,51781.75,6590.85903,868.50603
2015-07-10,7.4414530448465035,3100.441,3351.000537,3885.785,2272.88,1470.5583,52590.72,6561.911537999999,907.3020869999999
2015-07-13,7.445229805510354,3102.023,3352.971368,3883.652,2272.2,1474.1768,53119.47,6580.986239999999,907.3774559999999
2015-07-14,7.449008482993544,3103.62,3357.429643,3883.367,2274.64,1473.0453,53239.18,6620.626735,911.4643619999999
2015-07-15,7.452789078268917,3105.196,3359.355271,3891.609,2277.78,1477.5424,52902.28,6617.44674,913.0468769999999
2015-07-16,7.45657159230981,3106.773,3355.760557,3901.258,2284.85,1479.8651,53069.75,6705.958672,877.9376480000001
2015-07-17,7.4603560260900545,3108.356,3362.268753,3897.713,2293.74,1478.8153,52341.8,6779.940984,887.1525869999999
2015-07-20,7.464142380583976,3109.935,3375.203709,3912.832,2301.23,1476.8456,51600.08,6801.557224000001,886.9942900000001
2015-07-21,7.467930656766393,3111.515,3384.400461,3926.795,2297.91,1476.7259,51474.28,6721.286436,885.764448
2015-07-22,7.471720855612621,3113.098,3380.150603,3909.646,2303.44,1477.3522,50915.79,6814.116865000001,891.2838429999999
2015-07-23,7.47551297809847,3114.68,3338.779317,3833.082,2299.52,1472.2003,49806.63,6906.40361,909.89153
2015-07-24,7.479307025200244,3116.26,3332.102393,3821.124,2300.64,1467.9073,49245.85,6978.05761,966.8920640000001
2015-07-27,7.483102997894743,3117.84,3332.156787,3824.67,2298.53,1468.2427,48735.54,6954.920668,992.056041
2015-07-28,7.4869008971592645,3119.417,3328.909907,3826.809,2302.65,1466.2307,49601.6,7026.412275,992.2069529999999
2015-07-29,7.4907007239715995,3120.999,3333.8549,3827.383,2300.36,1467.5209,50245.14,7024.490098,970.93653
2015-07-30,7.494630420478402,3122.585,3363.157928,3848.878,2317.38,1466.668,49897.4,7108.824319000001,969.1813240000001
2015-07-31,7.49856217854329,3124.238,3373.222477,3855.866,2326.23,1470.7379,50864.77,7197.447024000001,973.952959
2015-08-03,7.502495999247776,3125.879,3355.72882,3828.024,2327.36,1472.1231,50138.05,7239.916432,979.647612
2015-08-04,7.506431883673941,3127.522,3354.207007,3835.449,2325.9,1466.8484,50058.49,7266.123052,990.3395409999999
2015-08-05,7.510369832904436,3129.158,3335.4979,3806.047,2327.19,1464.136,50287.27,7318.152384000001,985.690833
2015-08-06,7.514309848022476,3130.8,3288.471781,3755.888,2319.67,1455.9988,50011.32,7368.093228000001,985.9558030000001
2015-08-07,7.518251930111847,3132.448,3278.682384,3738.513,2312.21,1451.3738,48577.32,7286.245747,980.7955860000001
2015-08-10,7.5221960802569034,3134.095,3295.781054,3757.4,2313.01,1454.8851,49353.0,7239.220871999999,912.153252
2015-08-11,7.526142299542567,3135.745,3307.485484,3762.388,2316.46,1453.026,49072.34,7241.101215000001,924.9466449999999
2015-08-12,7.53009058905433,3137.395,3327.7428,3781.968,2312.51,1452.1319,48388.05,7260.914235000001,939.44093
2015-08-13,7.534040949878254,3139.045,3325.210031,3782.379,2318.59,1452.3558,48009.57,7330.824393,933.757419
2015-08-14,7.537993383100971,3140.696,3328.538299,3787.466,2319.43,1451.0756,47508.41,7282.74228,928.16192
2015-08-17,7.54194788980968,3142.35,3321.845459,3797.062,2323.5,1453.438,47217.43,7318.59364,897.6802799999999
2015-08-18,7.545904471092153,3144.0,3326.520107,3817.571,2326.0,1450.9161,47450.58,7272.328252,869.313946
2015-08-19,7.5498631280367325,3145.716,3328.571847,3810.559,2326.75,1448.084,46588.39,7263.245886000001,793.204386
2015-08-20,7.553823861732332,3147.38,3337.354029,3800.72,2315.98,1451.1017,46649.23,7039.350767,816.513927
2015-08-21,7.557786673268436,3149.07,3327.233238,3768.29,2308.07,1451.7114,45719.64,6897.720822,815.943372
2015-08-24,7.5617515637351,3150.721,3301.022095,3745.711,2295.85,1451.1708,44336.47,6725.439204,764.369908
2015-08-25,7.565718534222951,3152.373,3298.206564,3746.628,2300.72,1449.3294,44544.86,6755.518891999999,817.4872
2015-08-26,7.56968758582319,3154.039,3317.877529,3763.349,2315.01,1449.7193,46038.08,6979.626368,815.898112
2015-08-27,7.573658719627589,3155.696,3326.056218,3749.526,2314.05,1456.0055,47715.27,7061.3609160000005,806.475726
2015-08-28,7.577631936728492,3157.356,3323.358776,3760.5,2315.9,1458.0213,47153.87,7123.933453,836.6960210000001
2015-08-31,7.58160723821882,3159.014,3293.370812,3735.785,2309.67,1458.1289,46625.52,7138.897164000001,834.038118
2015-09-01,7.5855846251920624,3160.677,3268.820536,3711.412,2305.87,1452.2102,45477.06,7076.843145,839.303946
2015-09-02,7.589564098742285,3162.334,3234.405203,3663.376,2309.34,1450.4081,46463.96,7329.467573999999,861.9982799999999
2015-09-03,7.593545659964127,3163.999,3244.742383,3672.35,2314.04,1449.9308,47365.87,7296.640861000001,850.220795
2015-09-04,7.597529309952801,3165.663,3220.757927,3622.431,2313.96,1447.4881,46497.72,7383.24846,888.07887
2015-09-08,7.601515049804096,3167.343,3239.239161,3660.186,2319.25,1447.8128,46762.07,7523.737023000001,932.573433
2015-09-09,7.605502880614374,3169.012,3242.334021,3673.446,2320.7,1442.8961,46657.1,7339.357567999999,905.0428159999999
2015-09-10,7.609492803480573,3170.681,3209.031536,3648.391,2318.27,1431.7984,46503.99,7516.121271,922.0510499999999
2015-09-11,7.613484819500207,3172.346,3216.666667,3667.035,2326.41,1425.2351,46400.5,7596.127175,929.25265
2015-09-14,7.617478929771365,3174.009,3235.103057,3704.723,2330.85,1425.9519,47281.52,7451.981268,882.815372
2015-09-15,7.621475135392712,3175.677,3232.831373,3712.038,2337.46,1430.0794,47364.07,7640.372624999999,887.5638749999999
2015-09-16,7.625473437463491,3177.353,3230.812207,3720.509,2338.17,1430.751,48553.1,7639.243866,873.4568039999999
2015-09-17,7.629473837083519,3179.022,3217.972307,3720.136,2339.13,1433.0288,48551.08,7758.99372,909.270478
2015-09-18,7.633476335353191,3180.712,3180.452874,3658.676,2334.91,1425.0023,47264.08,7723.645138,920.038504
2015-09-21,7.637480933373482,3182.387,3167.857946,3645.537,2335.62,1417.515,46590.2,7838.572147,906.530548
2015-09-22,7.641487632245939,3184.073,3145.78256,3639.973,2337.66,1412.9491,46264.61,7868.874096,931.3894799999999
2015-09-23,7.645496433072692,3185.782,3091.212039,3623.08,2334.25,1404.2553,45340.11,8102.07804,961.88043
2015-09-24,7.649507336956447,3187.45,3158.807845,3777.72,2345.57,1393.3389,45291.96,7607.22888,925.4705899999999
2015-09-25,7.653520345000487,3189.119,3177.565218,3743.193,2337.96,1398.4194,44831.46,7679.97351,932.9266650000001
2015-09-28,7.657535458308678,3190.781,3125.135727,3646.546,2327.31,1388.223,43956.63,7735.203761999999,977.6651039999999
2015-09-29,7.661552677985462,3192.452,3156.278361,3677.827,2332.22,1393.1592,44131.82,7650.912672,963.3435840000001
2015-09-30,7.66557200513586,3194.129,3194.925529,3710.204,2337.3,1400.4253,45059.34,7578.550413,935.423229
2015-10-01,7.669593440865475,3195.81,3190.660877,3716.548,2338.24,1408.4877,45313.27,7714.133436,954.1319100000001
2015-10-02,7.6736169862804875,3197.489,3228.358595,3771.777,2347.5,1410.7714,47033.46,7673.723199999999,934.362
2015-10-05,7.67764264248766,3199.169,3228.175977,3760.332,2346.91,1410.6391,47598.07,7772.346075,937.2345150000001
2015-10-06,7.681670410594336,3200.853,3237.160197,3765.503,2345.3,1410.5834,47735.11,7632.195616,949.05176
2015-10-07,7.685700291708438,3202.536,3213.955593,3738.068,2342.7,1416.2836,48914.32,7755.196631,952.346213
2015-10-08,7.689732286938471,3204.218,3230.391782,3758.243,2340.4,1418.4698,49106.56,7618.81912,922.69056
2015-10-09,7.693766397393523,3205.92,3195.048799,3735.37,2331.18,1420.9109,49338.41,7588.478718,920.8359
2015-10-13,7.697802624183259,3207.606,3177.290047,3713.913,2335.73,1418.0824,47362.64,7800.565539,971.172726
2015-10-14,7.701840968417932,3209.299,3186.192457,3715.443,2332.09,1419.3252,46710.44,7603.239424,967.485376
2015-10-15,7.7058814312083745,3210.993,3210.415489,3744.402,2336.11,1416.2891,47161.15,7689.453683999999,967.9731380000001
2015-10-16,7.709924013666001,3212.687,3207.802397,3743.61,2339.81,1415.4939,47236.11,7980.566683,1022.4621440000001
2015-10-19,7.71396871690281,3214.374,3204.661043,3729.016,2345.1,1416.0673,47447.31,7903.616224,1025.8930080000002
2015-10-20,7.718015542031385,3216.068,3211.891868,3738.044,2344.83,1417.8684,47076.55,7930.766081,1055.875961
2015-10-21,7.7220644901648905,3217.761,3207.386231,3741.038,2348.25,1415.8183,47025.87,7954.421706000001,1058.5329330000002
2015-10-22,7.726118265139647,3219.441,3214.075485,3777.623,2358.62,1419.3358,47772.14,8019.156570000001,1076.4566399999999
2015-10-23,7.730174168184114,3221.126,3207.157961,3771.805,2360.28,1417.7405,47596.59,8045.5640650000005,1078.299052
2015-10-26,7.734232200415443,3222.835,3212.978117,3786.722,2361.96,1421.136,47209.32,8091.478905999999,1117.9022049999999
2015-10-27,7.7382923629513725,3224.528,3232.106042,3808.382,2367.65,1421.9854,47042.95,8033.006675999999,1148.788896
2015-10-28,7.742354656910226,3226.219,3223.796293,3809.893,2365.49,1423.9772,46740.85,8162.398679999999,1179.483888
2015-10-29,7.746419083410918,3227.914,3220.354833,3802.596,2360.13,1431.2566,45628.35,8041.930149,1206.707128
2015-10-30,7.750485643572945,3229.609,3220.436431,3805.754,2358.27,1430.1789,45868.82,8019.675648,1246.633464
2015-11-03,7.754554338516394,3231.305,3237.789487,3841.083,2349.5,1437.5301,48053.67,7952.642426,1488.913
2015-11-04,7.758625169361941,3233.01,3253.435085,3868.658,2361.36,1437.5984,47710.1,7990.6700789999995,1565.8187639999999
2015-11-05,7.762698137230848,3234.707,3249.735301,3858.301,2357.89,1438.9891,48046.76,7938.1553859999985,1523.7608179999997
2015-11-06,7.766773243244969,3236.405,3249.818116,3854.631,2363.85,1441.0498,46918.52,7912.304639999999,1394.867844
2015-11-09,7.770850488526742,3238.106,3246.077531,3862.459,2364.39,1439.2659,46194.92,7897.148994,1430.968352
2015-11-10,7.774929874199199,3239.796,3246.070601,3867.541,2368.4,1443.7454,46206.57,7801.453871999999,1252.2605399999998
2015-11-11,7.779011401385957,3241.498,3255.061802,3896.393,2369.61,1444.4306,47065.01,7803.867499999999,1156.589577
2015-11-12,7.7830950712112275,3243.195,3259.60254,3901.648,2370.57,1442.6981,46883.58,7715.35287,1231.2314999999999
2015-11-13,7.78718088479981,3244.903,3255.694552,3904.018,2375.78,1442.8527,46517.04,7787.490176,1281.580742
2015-11-16,7.791268843277093,3246.604,3259.994563,3910.485,2380.21,1453.3643,46846.88,7841.13261,1261.53027
2015-11-17,7.795358947769059,3248.314,3262.294433,3915.187,2380.91,1456.2814,47247.8,7819.968072000001,1281.856318
2015-11-18,7.799451199402279,3250.02,3269.411053,3920.991,2384.08,1455.1946,47435.58,7844.261984,1269.151728
2015-11-19,7.8035455993039164,3251.723,3292.595481,3944.169,2384.19,1462.109,48138.89,7737.425947999999,1219.2568919999999
2015-11-20,7.807642148601726,3253.431,3294.412963,3948.173,2387.11,1462.109,48138.89,7746.642360000001,1191.26916
2015-11-23,7.811740848424055,3255.139,3304.015978,3949.524,2388.09,1461.8216,48150.27,7787.779857,1210.9820579999998
2015-11-24,7.815841699899843,3256.849,3297.878057,3928.858,2380.45,1463.808,48284.19,7727.728859999999,1187.04609
2015-11-25,7.819944704158622,3258.56,3279.482917,3895.328,2383.37,1457.8031,46866.63,7822.81815,1228.9592000000002
2015-11-26,7.824049862330516,3260.283,3265.411302,3874.246,2381.77,1452.5454,47145.63,7818.640409999999,1308.44051
2015-11-27,7.828157175546244,3261.996,3243.163022,3849.997,2382.84,1447.9339,45872.91,8040.026137,1383.119452
2015-11-30,7.8322666449371185,3263.709,3238.392564,3845.014,2393.17,1452.6629,45120.36,8048.0660849999995,1457.72817
2015-12-01,7.836378271635044,3265.438,3253.021281,3856.564,2393.25,1445.5301,45046.75,8095.125500000001,1389.8500000000001
2015-12-02,7.840492056772521,3267.153,3267.673615,3872.163,2394.13,1453.4818,44914.53,7978.248066,1385.549724
2015-12-03,7.844608001482643,3268.869,3262.54245,3869.227,2379.06,1440.7692,46393.26,7704.931503999999,1355.605112
2015-12-04,7.848726106899101,3270.587,3266.424757,3874.132,2383.31,1441.7473,45360.76,7848.857556000001,1359.86976
2015-12-07,7.8528463741561785,3272.305,3263.488191,3875.805,2388.84,1447.5578,45222.7,7826.39976,1483.53696
2015-12-08,7.856968804388755,3274.024,3265.416982,3875.775,2392.29,1447.8219,44443.26,7831.32405,1503.1995000000002
2015-12-09,7.861093398732306,3275.743,3274.125416,3887.185,2384.93,1449.2788,46108.03,7678.9845239999995,1560.4957220000001
2015-12-10,7.865220158322904,3277.464,3251.622529,3878.66,2388.54,1447.2349,45630.71,7825.973882,1589.5013880000001
2015-12-11,7.869349084297216,3279.194,3249.903828,3877.017,2396.0,1442.9214,45262.72,7795.720143,1745.385645
2015-12-14,7.873480177792508,3280.913,3241.622496,3871.94,2393.64,1441.0169,44747.31,7831.580202,1706.227383
2015-12-15,7.877613439946641,3282.635,3244.465078,3860.953,2396.43,1441.2855,44872.47,7910.04011,1792.11816
2015-12-16,7.881748871898075,3284.358,3231.428848,3858.583,2401.02,1371.5956,45015.84,8046.828512000001,1775.5991040000001
2015-12-17,7.885886474785866,3286.084,3248.275831,3872.666,2396.43,1395.7509,45261.48,7917.632664000001,1763.067168
2015-12-18,7.890026249749669,3287.81,3238.412548,3868.624,2405.77,1400.5847,43910.6,7988.707315,1838.930278
2015-12-21,7.894168197929736,3289.535,3217.734973,3866.608,2414.19,1400.0301,43199.95,8107.2368799999995,1743.3878559999998
2015-12-22,7.89831232046692,3291.263,3223.40956,3872.639,2412.54,1405.2741,43469.52,8132.635742,1742.459796
2015-12-23,7.9024586185026715,3292.992,3235.642252,3885.253,2413.5,1406.4204,44014.93,8135.779748,1753.006348
2015-12-24,7.90660709317904,3294.721,3237.538496,3888.185,2414.06,1406.4204,44014.93,8124.4225799999995,1786.47498
2015-12-28,7.910757745638675,3296.449,3241.318017,3897.375,2405.23,1416.3328,43764.34,7936.8561,1617.899074
2015-12-29,7.914910577024824,3298.179,3240.790806,3903.387,2412.03,1415.6124,43653.97,8032.653564,1657.848855
2015-12-30,7.919065588481338,3299.912,3238.561835,3900.595,2420.28,1409.0176,43349.96,8167.191552000001,1690.665966
2016-01-04,7.923222781152667,3303.374,3244.121685,3909.808,2428.14,1398.2156,42141.04,8129.335006000001,1756.7661540000001
2016-01-05,7.92738215618386,3305.109,3272.638601,3930.838,2432.61,1392.1584,42419.32,8083.780364,1734.03384
2016-01-06,7.931543714720569,3306.84,3286.888129,3943.558,2436.09,1397.1826,41773.14,8019.752669999999,1735.9086
2016-01-07,7.935707457909048,3308.577,3277.959383,3931.083,2436.14,1386.6439,40694.72,7858.050269,1841.5213760000001
2016-01-08,7.939873386896151,3310.31,3279.670255,3924.073,2432.06,1381.8353,40612.21,7735.786344,1820.900016
2016-01-11,7.944041502829335,3312.049,3278.906904,3928.884,2432.05,1373.4461,39950.49,7797.403978,1819.6523280000001
2016-01-12,7.948211806856659,3313.788,3282.735462,3934.087,2434.78,1378.0669,39513.83,7809.00304,1800.7173999999998
2016-01-13,7.952384300126786,3315.528,3285.702875,3941.008,2428.24,1372.9434,38944.44,7589.852256,1721.8382159999999
2016-01-14,7.956558983788979,3317.266,3276.795923,3936.834,2428.75,1353.1629,39500.11,7686.783447999999,1728.390361
2016-01-15,7.960735858993108,3319.007,3270.536508,3936.038,2432.04,1349.1474,38569.13,7612.139939000001,1567.947073
2016-01-18,7.964914926889644,3320.748,3276.968724,3944.88,2429.92,1353.1204,37937.27,7583.934988999999,1548.262871
2016-01-19,7.969096188629663,3322.489,3272.340225,3933.835,2431.94,1344.2577,38057.02,7646.289519,1544.3933570000002
2016-01-20,7.973279645364846,3324.233,3260.707304,3918.634,2437.86,1331.8159,37645.48,7618.604675,1668.133225
2016-01-21,7.977462507599601,3325.978,3279.490579,3934.185,2451.12,1333.7643,37717.11,7765.279651999999,1690.58812
2016-01-22,7.981647564205713,3327.725,3301.414983,3939.166,2455.78,1327.604,38031.22,7805.70446,1551.5214019999999
2016-01-25,7.985834816334371,3329.473,3303.468539,3943.747,2456.14,1327.604,38031.22,7675.755536,1600.1857439999999
2016-01-26,7.990024265137369,3331.217,3330.328258,3959.001,2453.88,1316.6041,37497.48,7712.366582000001,1592.726882
2016-01-27,7.994215911767103,3332.965,3333.434617,3946.922,2451.14,1308.9972,38376.37,7739.677680000001,1622.16936
2016-01-28,7.998409757376575,3334.712,3362.153327,3967.48,2455.97,1305.9836,38630.19,7705.028519999999,1555.484985
2016-01-29,8.002605803119392,3336.463,3379.233097,3978.16,2455.26,1322.959,40405.99,7759.213784,1500.4623199999999
2016-02-01,8.006804050149768,3338.212,3408.536491,4006.062,2455.92,1327.1263,40570.04,7688.865948000001,1467.49669
2016-02-02,8.011004499622517,3339.96,3389.522941,3977.105,2448.19,1326.0363,38596.17,7594.99273,1490.35913
2016-02-03,8.015207152693065,3341.708,3389.729058,3992.387,2439.99,1341.5774,39588.82,7451.21688,1436.41624
2016-02-04,8.01941201051744,3343.46,3378.319256,3966.715,2427.96,1339.9517,40821.73,7450.908955,1504.7689159999998
2016-02-05,8.023619074252277,3345.204,3379.545614,3992.78,2433.7,1338.0509,40592.09,7344.60333,1503.572208
2016-02-10,8.027828345054822,3346.96,3387.747553,4008.319,2433.67,1341.1826,40376.58,7276.88387,1483.9363799999999
2016-02-11,8.03203982408292,3348.708,3372.373087,4007.056,2433.92,1339.8794,39318.3,7302.6019,1497.706525
2016-02-12,8.036253512495033,3350.43,3381.721656,4038.282,2441.56,1336.444,39808.05,7462.290125999999,1527.1287539999998
2016-02-15,8.040469411450223,3352.094,3389.184957,4046.516,2447.85,1330.3309,40092.89,7454.085094,1583.450449
2016-02-16,8.044687522108164,3353.784,3399.189685,4044.556,2462.32,1339.683,40947.7,7711.219439999999,1649.6960399999998
2016-02-17,8.048907845629138,3355.516,3421.363781,4047.183,2459.22,1336.7422,41630.82,7687.04839,1669.9648049999998
2016-02-18,8.053130383174034,3357.25,3413.252559,4031.094,2465.43,1334.8168,41477.63,7727.704202,1691.6227079999999
2016-02-19,8.057355135904352,3358.891,3430.29303,4035.863,2468.97,1338.6847,41543.41,7713.119381999999,1683.9293109999999
2016-02-22,8.061582104982199,3360.562,3443.348568,4054.441,2459.24,1338.7222,43234.86,7676.74845,1725.344775
2016-02-23,8.065811291570293,3362.294,3438.491686,4055.31,2462.03,1335.4202,42520.94,7605.539422,1664.828816
2016-02-24,8.070042696831964,3363.902,3449.502083,4067.956,2465.98,1346.2126,42084.56,7637.56946,1675.6901799999998
2016-02-25,8.07427632193115,3365.696,3441.515574,4065.346,2467.44,1352.2551,41887.9,7721.90105,1674.667755
2016-02-26,8.078512168032399,3367.429,3437.784876,4064.748,2474.05,1359.8795,41593.08,7793.563635,1696.136772
2016-02-29,8.082750236300871,3369.113,3452.27982,4068.086,2476.5,1361.0571,42793.86,7760.415349000001,1742.7127330000003
2016-03-01,8.086990527902337,3370.859,3475.140589,4083.371,2478.63,1360.0183,44121.79,7781.839725,1696.83323
2016-03-02,8.09123304400318,3372.425,3482.374063,4100.046,2475.43,1369.5013,44893.48,7736.229525,1666.9238899999998
2016-03-03,8.095477785770395,3374.098,3498.926298,4154.861,2465.21,1376.8804,47193.39,7571.73056,1594.9861440000002
2016-03-04,8.09972475437159,3375.835,3516.588703,4192.704,2463.1,1393.3307,49084.87,7503.1624839999995,1542.995564
2016-03-07,8.10397395097498,3377.444,3500.889116,4158.479,2461.28,1393.9069,49246.1,7576.6616,1559.0793500000002
2016-03-08,8.108225376749402,3379.202,3528.595132,4196.053,2464.83,1394.6487,49102.14,7431.131670000001,1544.4511200000002
2016-03-09,8.112479032864298,3380.964,3555.65377,4221.797,2465.84,1402.6481,48665.09,7337.38551,1517.559555
2016-03-10,8.11673492048973,3382.68,3571.245142,4240.763,2467.08,1407.1391,49571.11,7216.369347,1509.381394
2016-03-11,8.120993040796368,3384.445,3592.621076,4272.688,2471.3,1413.5036,49638.68,7250.562245,1501.069575
2016-03-14,8.1252533949555,3386.176,3588.63994,4245.359,2469.34,1423.5131,48867.34,7395.315788000001,1515.138226
2016-03-15,8.129515984139028,3387.925,3560.945884,4185.126,2474.95,1417.6856,47130.02,7594.814682,1563.734718
2016-03-16,8.133780809519466,3389.648,3563.155489,4187.535,2472.25,1415.6263,47763.43,7586.262684,1559.112786
2016-03-17,8.138047872269949,3391.285,3605.040483,4284.035,2471.46,1431.6885,50913.79,7402.444284,1517.679012
2016-03-18,8.142317173564221,3392.955,3614.380039,4305.22,2474.75,1444.1073,50814.66,7429.317583999999,1470.871344
2016-03-21,8.146588714576644,3394.698,3623.127435,4322.25,2477.48,1439.1416,51171.55,7423.099119999999,1486.211832
2016-03-22,8.1508624964822,3396.3,3649.151256,4366.568,2484.78,1453.7364,51010.2,7338.89894,1492.4122519999999
2016-03-23,8.155138520456479,3398.165,3630.648887,4312.044,2483.61,1458.8581,49690.05,7506.091034,1541.086864
2016-03-24,8.159416787675696,3399.932,3609.528323,4281.807,2477.25,1455.1728,49657.39,7486.354974,1529.894226
2016-03-28,8.163697299316679,3401.603,3643.757112,4324.393,2483.56,1469.4831,50838.23,7390.4174,1530.94344
2016-03-29,8.167980056556873,3403.267,3660.768121,4338.863,2486.7,1479.8919,51154.99,7476.742883000001,1509.7489679999999
2016-03-30,8.172265060574343,3405.024,3648.661766,4312.505,2479.08,1478.6341,51248.93,7443.6356749999995,1491.395945
2016-03-31,8.176552312547772,3406.772,3619.363137,4284.146,2466.6,1485.7554,50055.27,7400.233871999999,1497.65868
2016-04-01,8.180841813656457,3408.516,3639.693444,4305.801,2473.15,1487.4448,50561.53,7366.6601200000005,1480.7385599999998
2016-04-04,8.185133565080319,3410.194,3621.396349,4271.678,2467.45,1481.3212,48779.98,7487.035281,1518.3303
2016-04-05,8.189427567999896,3411.929,3626.527226,4275.827,2470.95,1478.4125,49053.62,7527.043668,1552.907976
2016-04-06,8.193723823596345,3413.688,3618.566547,4263.657,2467.01,1481.2436,48096.24,7526.569054,1536.262677
2016-04-07,8.198022333051442,3415.462,3612.620419,4263.216,2466.62,1475.7341,48513.1,7533.831136000001,1557.0112
2016-04-08,8.202323097547584,3417.256,3650.33931,4303.6,2474.51,1483.0026,50292.93,7350.47448,1505.3467319999997
2016-04-11,8.206626118267788,3419.042,3668.291248,4325.615,2472.41,1481.1286,50165.47,7131.445876,1477.215352
2016-04-12,8.210931396395694,3420.827,3675.645051,4337.15,2478.14,1488.8731,52001.86,7191.2793599999995,1483.69056
2016-04-13,8.215238933115558,3422.629,3705.522544,4380.412,2494.16,1497.0511,53149.84,7285.1381280000005,1485.42064
2016-04-14,8.21954872961226,3424.426,3715.927375,4379.209,2497.32,1499.6368,52411.02,7255.155852000001,1480.2359960000001
2016-04-15,8.223860787071303,3426.219,3724.320005,4395.65,2501.27,1512.7746,53227.74,7348.514141,1517.889343
2016-04-18,8.228175106678808,3428.019,3746.617049,4413.516,2507.22,1515.8147,52894.08,7571.667402,1549.372968
2016-04-19,8.232491689621524,3429.823,3744.878919,4386.006,2505.83,1515.2919,53710.05,7416.664320000001,1527.392256
2016-04-20,8.236810537086816,3431.606,3750.207238,4373.585,2507.2,1520.8173,53630.93,7419.79008,1562.800344
2016-04-22,8.241131650262677,3433.409,3749.882453,4366.139,2507.87,1522.9844,52907.88,7455.646068,1598.936976
2016-04-25,8.245455030337721,3435.217,3761.653887,4378.084,2509.47,1526.9939,51861.71,7427.730483,1666.78245
2016-04-26,8.249780678501187,3437.014,3760.475961,4383.643,2510.32,1537.0629,53082.5,7383.07349,1655.7822700000002
2016-04-27,8.254108595942936,3438.765,3781.611873,4415.478,2519.75,1543.6266,54477.78,7389.803565,1601.3034
2016-04-28,8.258438783853455,3440.511,3771.293528,4406.019,2515.08,1549.8914,54311.96,7240.217698999999,1568.5435089999999
2016-04-29,8.262771243423852,3442.284,3792.43245,4452.353,2525.06,1554.1733,53910.51,7094.51203,1563.485765
2016-05-02,8.267105975845865,3444.046,3793.441048,4449.531,2523.44,1558.1981,53561.54,7288.959717,1562.2326090000001
2016-05-03,8.271442982311854,3445.837,3787.934458,4447.317,2519.8,1553.1953,52260.19,7344.359178,1604.0792040000001
2016-05-04,8.275782264014804,3447.623,3778.756608,4448.903,2521.9,1547.0548,52552.8,7277.3737599999995,1587.33972
2016-05-05,8.28012382214833,3449.416,3786.878391,4470.744,2525.97,1552.0932,51671.04,7247.951735000001,1585.8241150000001
2016-05-06,8.284467657906667,3451.227,3786.20882,4462.842,2529.75,1558.9399,51717.82,7207.807132,1619.10598
2016-05-09,8.288813772484682,3453.031,3777.86495,4450.503,2529.29,1551.7353,50990.07,7239.177516,1625.033932
2016-05-10,8.293162167077865,3454.836,3802.208841,4487.42,2541.89,1564.0416,53070.91,7246.173395999999,1580.058564
2016-05-11,8.297512842882336,3456.652,3818.010131,4508.527,2549.66,1569.8351,52764.46,7125.070798,1561.782276
2016-05-12,8.30186580109484,3458.473,3826.080428,4537.953,2556.18,1582.7729,53241.32,7193.010528,1577.534112
2016-05-13,8.306221042912751,3460.29,3821.356346,4545.415,2554.7,1592.3629,51804.31,7229.445164,1611.3042599999999
2016-05-16,8.310578569534075,3462.066,3816.08022,4550.019,2556.06,1603.5253,51802.92,7231.656672,1585.697472
2016-05-17,8.314938382157438,3463.885,3808.063429,4539.772,2552.58,1607.4986,50839.45,7141.2826430000005,1582.5021780000002
2016-05-18,8.319300481982102,3465.716,3791.084062,4498.094,2549.31,1606.6221,50561.7,7306.353366,1622.424858
2016-05-19,8.323664870207955,3467.54,3802.069188,4516.167,2549.67,1598.1906,50132.53,7272.7426,1579.5089
2016-05-20,8.328031548035515,3469.373,3814.860046,4519.531,2555.41,1602.1244,49722.75,7224.782096000001,1554.4236680000001
2016-05-23,8.33240051666593,3471.199,3797.421545,4471.482,2544.86,1596.1241,49330.42,7316.827704,1580.196706
2016-05-24,8.336771777300978,3473.022,3794.565036,4470.076,2546.19,1600.1029,49345.19,7414.648289999999,1588.710345
2016-05-25,8.341145331143068,3474.853,3784.94283,4462.799,2544.73,1601.0463,49482.86,7490.613874,1605.7304339999998
2016-05-27,8.34552117939524,3476.68,3774.910544,4443.792,2542.6,1602.6063,49051.49,7574.038197999999,1699.112387
2016-05-30,8.349899323261162,3478.421,3794.816691,4459.206,2550.32,1609.5144,48964.34,7494.483823999999,1896.7749999999999
2016-05-31,8.354279763945138,3480.217,3789.823589,4447.979,2546.64,1612.3619,48471.71,7571.912864,1883.950966
2016-06-01,8.358662502652102,3482.024,3800.762568,4460.719,2550.27,1617.4371,49012.65,7558.217798999999,1929.436773
2016-06-02,8.363047540587619,3483.842,3814.854125,4478.309,2556.1,1619.2852,49887.24,7567.357070000001,1927.6584599999999
2016-06-03,8.367434878957887,3485.668,3839.461566,4507.68,2558.65,1619.807,50619.5,7404.681075,2033.7801249999998
2016-06-06,8.371824518969738,3487.481,3849.380034,4514.586,2562.64,1629.4824,50431.8,7359.731489999999,2029.4466299999997
2016-06-07,8.376216461830635,3489.32,3845.509114,4507.626,2563.39,1620.8283,50487.86,7267.83933,1987.7968799999996
2016-06-08,8.380610708748677,3491.16,3857.562596,4524.502,2570.11,1634.7101,51629.29,7122.574232,1948.7321689999999
2016-06-09,8.385007260932593,3492.97,3853.736703,4524.887,2569.66,1636.7651,51118.46,7192.208904,1956.448908
2016-06-10,8.38940611959175,3494.766,3833.315686,4509.302,2562.21,1642.7398,49422.16,7195.179489000001,1987.4646460000001
2016-06-13,8.39380728593615,3496.584,3836.157602,4520.595,2560.76,1639.2171,49660.79,7239.494826,2402.649
2016-06-14,8.398210761176426,3498.411,3834.677403,4527.569,2559.05,1632.8614,48648.29,7225.2265800000005,2400.7031399999996
2016-06-15,8.402616546523847,3500.243,3831.438097,4527.698,2558.38,1635.4622,48914.74,7197.633900000001,2409.426624
2016-06-16,8.407024643190319,3502.075,3831.400339,4524.338,2557.68,1633.8887,49411.62,7202.31334,2643.41422
2016-06-17,8.411435052388383,3503.908,3839.932031,4525.44,2560.09,1632.7419,49533.84,7076.737373999999,2577.455979
2016-06-20,8.415847775331216,3505.742,3843.119558,4525.592,2562.75,1634.1119,50329.36,7072.2171,2515.343112
2016-06-21,8.420262813232632,3507.587,3860.398926,4529.574,2567.15,1633.0421,50837.8,7131.922380000001,2225.5462700000003
2016-06-22,8.424680167307082,3509.427,3856.933565,4527.839,2567.31,1632.5309,50156.3,7043.607375,2064.024025
2016-06-23,8.429099838769654,3511.272,3864.724968,4548.149,2573.58,1631.1363,51559.82,7051.303512,2046.6037079999999
2016-06-24,8.43352182883607,3513.116,3865.529361,4548.78,2569.76,1629.944,50105.26,6879.314865,2218.529325
2016-06-27,8.437946138722697,3514.961,3888.161325,4575.705,2577.26,1629.3454,49245.53,6786.431842,2180.807901
2016-06-28,8.442372769646534,3516.809,3894.755795,4566.089,2579.1,1632.7645,50006.56,6725.408879,2138.393909
2016-06-29,8.446801722825219,3518.658,3877.979135,4535.962,2574.25,1635.5922,51001.91,6668.086477,2056.99988
2016-06-30,8.45123299947703,3520.509,3882.070479,4533.792,2579.34,1638.1643,51526.93,6742.797636,2137.246402
2016-07-01,8.455666600820885,3522.36,3892.05183,4548.065,2584.14,1647.4407,52233.04,6803.674134999999,2191.462808
2016-07-04,8.460102528076343,3524.214,3897.582761,4544.012,2583.92,1645.9866,52568.66,6875.8053199999995,2209.693768
2016-07-05,8.464540782463597,3526.068,3889.369415,4529.796,2580.71,1646.3729,51842.27,6899.7337800000005,2213.213784
2016-07-06,8.468981365203486,3527.927,3882.551455,4528.408,2578.87,1643.7441,51901.81,6991.680954,2248.147768
2016-07-07,8.473424277517486,3529.783,3888.436395,4528.202,2580.83,1645.6455,52014.66,7064.678250000001,2092.90125
2016-07-08,8.477869520627715,3531.642,3908.614024,4552.893,2591.9,1651.7329,53140.74,7028.03103,2180.1117900000004
2016-07-11,8.482317095756931,3533.499,3913.574586,4562.469,2597.69,1654.8763,53960.11,7072.503588,2152.335627
2016-07-12,8.486767004128536,3535.358,3907.471853,4569.331,2597.35,1654.5604,54256.41,7092.592583999999,2200.933504
2016-07-13,8.491219246966573,3537.217,3913.648905,4586.166,2601.69,1655.4816,54598.29,7024.670547999999,2161.9391840000003
2016-07-14,8.495673825495723,3539.078,3918.479776,4605.291,2606.55,1661.6565,55480.87,7032.836625000001,2149.358384
2016-07-15,8.500130740941318,3540.94,3918.910075,4625.046,2612.6,1673.4872,55578.24,7094.614505999999,2195.6239189999997
2016-07-18,8.504589994529324,3542.802,3922.738434,4633.506,2615.81,1685.3103,56484.21,7051.4934379999995,2190.23931
2016-07-19,8.509051587486354,3544.665,3921.878206,4619.388,2615.2,1700.4315,56698.06,7029.0393300000005,2180.3932
2016-07-20,8.513515521039666,3546.53,3929.165072,4626.664,2618.86,1709.8503,56578.05,7082.7413879999995,2169.391452
2016-07-21,8.517981796417159,3548.395,3920.211775,4617.035,2613.76,1715.0289,56641.49,7084.219723,2174.5047400000003
2016-07-22,8.522450414847377,3550.261,3915.879424,4607.223,2615.81,1725.0284,57002.08,7081.462674,2141.17687
2016-07-25,8.52692137755951,3552.129,3913.651872,4606.583,2616.07,1731.1578,56872.73,7129.311696,2156.533938
2016-07-26,8.531394685783392,3553.997,3919.763629,4620.663,2617.66,1728.2002,56782.75,7106.450597999999,2149.1216
2016-07-27,8.5358703407495,3555.867,3921.468292,4634.02,2619.16,1735.3666,56852.84,7067.600618,2143.917362
2016-07-28,8.540348343688962,3557.737,3918.577668,4646.513,2618.17,1736.1515,56667.12,7144.488538,2159.7488
2016-07-29,8.544828695833544,3559.609,3930.70927,4647.474,2620.76,1735.9964,57308.21,7062.243759999999,2136.835597
2016-08-01,8.549311398415666,3561.482,3940.639141,4657.313,2624.08,1735.0031,56755.76,7087.792600000001,2013.7214000000001
2016-08-02,8.55379645266839,3563.354,3934.165391,4654.12,2618.61,1741.9986,56162.38,7031.4863940000005,1853.489682
2016-08-03,8.558283859825424,3565.229,3931.948335,4661.262,2622.99,1742.4806,57076.91,7006.35202,1842.29248
2016-08-04,8.562773621121128,3567.104,3944.2133,4674.256,2630.59,1750.1824,57593.89,6910.8831,1831.4917919999998
2016-08-05,8.567265737790505,3568.979,3956.395445,4692.136,2641.43,1750.7194,57661.14,6908.5652629999995,1826.875227
2016-08-08,8.571760211069208,3570.855,3951.673897,4686.666,2637.88,1753.1588,57635.43,6921.490593,1883.8448460000002
2016-08-09,8.576257042193538,3572.734,3963.781784,4705.167,2643.65,1751.0179,57689.41,6861.7904739999985,1843.1229529999998
2016-08-10,8.580756232400443,3574.612,3964.323356,4715.233,2646.54,1751.3714,56919.78,6801.669484999999,1861.3305100000002
2016-08-11,8.585257782927522,3576.484,3965.100105,4731.255,2650.38,1748.6821,58299.57,6872.560918,1854.1976240000001
2016-08-12,8.589761695013024,3578.372,3967.003517,4734.085,2650.12,1752.6901,58298.41,6974.326865,1872.742718
2016-08-15,8.594267969895846,3580.253,3970.320697,4731.443,2652.16,1755.3306,59145.98,6977.598885,1810.323957
2016-08-16,8.598776608815534,3582.138,3970.714787,4725.505,2650.03,1753.9414,58855.43,6974.87193,1855.8670319999999
2016-08-17,8.603287613012284,3584.022,3969.304732,4731.152,2650.38,1740.3363,59323.83,6995.324431999999,1837.546088
2016-08-18,8.607800983726946,3585.907,3965.640173,4727.834,2647.8,1740.2947,59166.02,7084.413886,1860.135632
2016-08-19,8.612316722201019,3587.783,3974.044973,4734.162,2655.7,1748.3339,59098.92,6996.464319,1843.40898
2016-08-22,8.616834829676653,3589.673,3971.56336,4729.378,2655.37,1746.9768,57781.24,6985.975847999999,1875.482172
2016-08-23,8.62135530739665,3591.537,3973.519614,4723.976,2654.84,1745.9314,58020.04,7073.30936,1878.9923360000003
2016-08-24,8.625878156604463,3593.368,3972.085884,4708.27,2653.86,1748.7266,57717.88,7015.794000000001,1867.662
2016-08-25,8.6304033785442,3595.164,3972.919855,4703.879,2652.82,1751.8681,57722.14,7027.2887089999995,1862.2491370000002
2016-08-26,8.634930974460618,3596.98,3959.360282,4679.016,2647.13,1758.5511,57716.25,7082.566312,1886.820952
2016-08-29,8.63946094559913,3598.787,3966.185164,4696.927,2654.07,1762.6428,58610.39,7042.6274,1851.4360000000001
2016-08-30,8.643993293205801,3600.648,3963.3263,4680.888,2654.14,1762.7759,58575.42,7054.545816,1864.748196
2016-08-31,8.64852801852735,3602.518,3975.296443,4688.673,2660.09,1767.115,57901.11,7004.135985,1846.766383
2016-09-01,8.65306512281115,3604.399,3993.534439,4700.947,2665.32,1760.5122,58236.27,7075.266912,1863.9364799999998
2016-09-02,8.657604607305228,3606.23,4004.553166,4715.127,2671.66,1773.8068,59616.4,7099.9768619999995,1870.209687
2016-09-05,8.662146473258266,3608.071,4001.409017,4712.675,2669.29,1773.9999,59566.34,7157.310336,1995.791616
2016-09-06,8.666690721919602,3609.933,4010.512117,4717.357,2674.79,1771.5771,60129.44,6987.9900800000005,1953.20344
2016-09-08,8.67123735453923,3611.851,4011.838123,4708.638,2676.73,1777.1926,60231.66,7004.37243,2009.1852700000002
2016-09-09,8.675786372367794,3613.729,3992.345525,4681.795,2662.31,1774.0381,57999.73,6964.747692,2032.1334880000002
2016-09-12,8.680337776656602,3615.6,4004.127404,4694.004,2668.72,1770.6518,58586.11,7011.266495999999,1970.9120079999998
2016-09-13,8.684891568657614,3617.493,3982.748394,4662.321,2655.4,1766.5176,56820.77,7046.817260000001,2016.52371
2016-09-14,8.689447749623447,3619.385,3991.028432,4661.855,2654.82,1772.7284,57059.46,7110.275496,2039.8597280000001
2016-09-15,8.694006320807377,3621.275,4000.101564,4661.891,2662.9,1770.8892,57909.49,7090.467246,2003.780322
2016-09-16,8.698567283463337,3623.157,4006.959038,4663.894,2666.38,1768.798,57079.76,6978.7955839999995,1979.820064
2016-09-19,8.703130638845915,3624.958,4009.646744,4667.458,2667.08,1775.3756,57350.38,7000.698023999999,1994.121564
2016-09-20,8.70769638821036,3626.84,4013.967787,4664.946,2671.4,1775.8617,57736.46,6974.1197680000005,1982.925527
2016-09-21,8.71226453281258,3628.734,4031.962563,4688.347,2681.92,1775.6569,58393.92,6932.366976,1907.8494879999998
2016-09-22,8.716835073909138,3630.642,4051.745384,4715.757,2692.42,1781.4039,58994.17,7012.043626,1921.501827
2016-09-23,8.721408012757262,3632.55,4055.351983,4724.714,2692.85,1790.8296,58697.0,7024.41905,1953.49
2016-09-26,8.725983350614834,3634.458,4054.548903,4725.042,2688.23,1793.6674,58053.53,6953.3640000000005,1964.5416000000002
2016-09-27,8.730561088740401,3636.326,4069.641053,4739.575,2695.87,1801.2139,58382.49,6986.509577999999,1950.14034
2016-09-28,8.735141228393166,3638.052,4072.646744,4754.508,2699.79,1803.3321,59355.77,6981.605960999999,1943.295167
2016-09-29,8.739723770832994,3639.784,4066.302038,4749.887,2693.9,1810.0017,58350.57,7011.178009,1976.830636
2016-09-30,8.744308717320411,3641.569,4069.084065,4762.311,2697.06,1816.0531,58367.05,7071.378951,1976.315187
2016-10-03,8.748896069116604,3643.433,4089.086148,4797.233,2711.14,1816.5661,59461.23,6936.371399999999,1966.07551
2016-10-04,8.753485827483424,3645.309,4083.450792,4784.071,2707.02,1810.739,59339.23,7007.371665,1985.1433700000002
2016-10-05,8.75807799368338,3647.178,4098.888928,4806.426,2718.12,1815.7313,60254.34,6956.4903300000005,1973.79659
2016-10-06,8.762672568979646,3649.018,4103.914052,4801.333,2721.26,1814.9148,60644.24,6975.397714000001,1974.8513500000001
2016-10-07,8.767269554636059,3650.933,4114.5563,4800.539,2725.02,1815.6483,61108.98,6931.381442,1988.7163020000003
2016-10-10,8.771868951917117,3652.849,4117.479279,4804.036,2728.65,1820.1678,61668.33,6939.723083999999,1978.6129859999999
2016-10-11,8.776470762087982,3654.764,4113.394382,4802.95,2728.22,1818.7272,61021.85,6824.929293,2036.9733930000002
2016-10-13,8.781074986414481,3656.689,4116.732345,4807.336,2731.73,1818.4606,61118.58,6777.670410000001,2018.919768
2016-10-14,8.785681626163104,3658.611,4117.297916,4808.835,2733.0,1826.1821,61767.22,6838.1205820000005,2047.2236220000002
2016-10-17,8.790290682601006,3660.537,4120.716165,4818.091,2736.75,1831.3474,62696.11,6813.7313,2041.3958200000002
2016-10-18,8.794902156996006,3662.461,4126.469024,4822.495,2741.42,1838.5846,63782.21,6818.905199999999,2016.60612
2016-10-19,8.799516050616589,3664.39,4138.022363,4843.862,2748.34,1842.7806,63505.61,6794.397294,1991.3700420000002
2016-10-20,8.804055808942262,3666.323,4136.261408,4843.362,2752.1,1845.5221,63837.85,6726.163074,1975.217913
2016-10-21,8.808597909374654,3668.222,4124.306359,4831.358,2748.43,1848.6442,64108.08,6758.571539999999,1990.2679449999998
2016-10-24,8.81314235312208,3670.121,4134.252956,4842.759,2756.41,1853.9075,64059.89,6716.667393,2024.869176
2016-10-25,8.81768914139348,3672.021,4127.746927,4820.083,2750.98,1857.5196,63866.2,6670.585499999999,2035.824
2016-10-26,8.822238275398417,3673.914,4119.737331,4799.943,2746.48,1863.7176,63825.69,6718.024143,2102.548158
2016-10-27,8.826789756347079,3675.816,4116.398894,4785.942,2747.13,1869.3677,64249.5,6753.417944,2156.557354
2016-10-28,8.831343585450277,3677.712,4119.580535,4782.104,2745.4,1879.0044,64307.63,6806.000486999999,2203.233852
2016-10-31,8.835899763919448,3679.594,4124.327029,4792.865,2749.23,1885.9198,64924.52,6790.7104850000005,2242.660763
2016-11-01,8.840458292966652,3681.493,4114.77465,4790.403,2736.35,1889.3216,63326.42,6824.656695999999,2352.653446
2016-11-03,8.845019173804577,3683.398,4113.726202,4794.822,2732.99,1880.6333,61750.17,6771.4357199999995,2253.7735599999996
2016-11-04,8.849582407646535,3685.303,4122.986947,4799.495,2739.53,1881.6119,61598.39,6746.5998899999995,2261.16153
2016-11-07,8.854147995706464,3687.211,4136.368566,4813.282,2751.43,1874.9784,64051.65,6833.866272,2266.39209
2016-11-08,8.85871593919893,3689.105,4142.809506,4815.253,2757.24,1872.3125,64157.68,6782.833111999999,2255.629002
2016-11-09,8.863286239339123,3690.991,4123.046416,4783.531,2746.46,1868.5988,63258.27,6979.542064,2314.103136
2016-11-10,8.867858897342861,3692.878,4083.435866,4699.6,2714.24,1856.1041,61200.96,7356.860616,2409.304986
2016-11-11,8.87243391442659,3694.775,4077.368935,4685.569,2708.08,1848.1807,59183.51,7366.705575,2433.29829
2016-11-14,8.877011291807383,3696.681,4036.463824,4624.575,2685.74,1838.8668,59657.46,7433.59416,2428.025772
2016-11-16,8.88159103070294,3698.583,4071.720117,4673.497,2704.67,1837.1823,60759.32,7459.720298,2539.218967
2016-11-17,8.886173132331592,3700.493,4065.867461,4676.697,2705.71,1840.7054,59770.47,7481.481384,2525.639638
2016-11-18,8.890757597912295,3702.409,4070.066792,4680.393,2711.68,1837.8933,59961.76,7380.27675,2514.0769499999997
2016-11-21,8.895344428664634,3704.318,4105.12894,4720.213,2729.03,1829.2726,61070.27,7367.639905999999,2471.744682
2016-11-22,8.899933625808828,3706.23,4109.36147,4725.699,2730.82,1837.0733,61954.47,7392.626052,2509.769262
2016-11-23,8.90452519056572,3708.145,4109.670167,4722.637,2736.95,1831.5488,61985.91,7475.544103999999,2508.270325
2016-11-24,8.909119124156785,3710.042,4108.681107,4714.854,2736.5,1830.6856,61395.53,7487.670063999999,2500.723946
2016-11-25,8.91371542780413,3711.914,4095.149699,4696.303,2728.44,1830.156,61559.08,7554.60622,2517.883508
2016-11-28,8.91831410273049,3713.845,4109.441702,4715.19,2729.96,1832.677,62855.5,7458.3265,2477.177125
2016-11-29,8.92291515015923,3715.742,4118.29712,4731.194,2732.13,1835.0922,60986.52,7479.30905,2481.0709500000003
2016-11-30,8.92751857131435,3717.658,4127.99699,4734.384,2742.67,1837.1322,61906.36,7444.511017,2516.455382
2016-12-01,8.93204643018335,3719.576,4083.323712,4657.41,2720.1,1836.2996,59506.54,7590.558444,2606.608606
2016-12-02,8.93657658549181,3721.469,4081.188057,4656.904,2714.26,1839.2594,60316.13,7620.971759999999,2691.0432
2016-12-05,8.94110903840444,3723.347,4116.843136,4694.485,2730.95,1832.162,59831.73,7547.8246850000005,2580.56583
2016-12-06,8.945643790086539,3725.219,4116.846053,4681.731,2730.11,1835.8104,61088.25,7544.367969,2583.64328
2016-12-07,8.950180841703995,3727.044,4127.213874,4704.092,2734.55,1835.4981,61414.4,7604.900549999999,2600.4969899999996
2016-12-08,8.954720194423292,3728.91,4145.260474,4738.657,2750.45,1837.0059,60676.57,7580.891250000001,2601.82125
2016-12-09,8.959261849411499,3730.67,4145.663811,4733.769,2754.31,1848.0725,60500.62,7637.8892590000005,2606.684542
2016-12-12,8.963805807836284,3732.443,4148.484995,4742.209,2754.7,1851.655,59178.62,7533.958176,2595.773322
2016-12-13,8.968352070865903,3734.29,4145.850627,4753.65,2752.11,1843.103,59280.57,7574.823167999999,2605.866944
2016-12-14,8.972900639669206,3736.147,4150.591998,4758.823,2756.76,1842.6514,58212.12,7598.285488,2623.3926370000004
2016-12-15,8.977451515415634,3737.999,4146.634929,4762.076,2761.55,1848.5656,58396.16,7611.957153,2613.706821
2016-12-16,8.982004699275222,3739.862,4156.419945,4763.984,2770.07,1848.9452,58389.04,7654.179879,2646.2709959999997
2016-12-19,8.986560192418601,3741.721,4165.114867,4774.757,2774.67,1845.4416,57111.0,7623.142329,2663.027334
2016-12-20,8.991117996016992,3743.563,4171.322289,4780.756,2776.87,1846.9736,57582.89,7608.18138,2657.0805199999995
2016-12-21,8.995678111242214,3745.44,4193.215642,4799.207,2786.44,1857.6911,57646.52,7545.314579999999,2749.17423
2016-12-22,9.000240539266674,3747.319,4201.918097,4814.822,2793.89,1857.478,57255.22,7441.271552,2835.401712
2016-12-23,9.00480528126338,3749.188,4205.487144,4812.687,2794.78,1852.4097,57937.11,7402.366921,2957.559152
2016-12-26,9.009372338405932,3751.078,4211.790578,4817.004,2797.84,1860.5646,58620.26,7425.231199999999,2946.2599999999998
2016-12-27,9.013941711868524,3752.944,4214.156945,4822.874,2800.21,1861.2286,58696.69,7424.9098,3049.086425
2016-12-28,9.01851340282595,3754.823,4215.501675,4840.133,2803.59,1858.2794,59781.63,7372.762848,3169.941984
2016-12-29,9.023087412453597,3756.719,4219.063488,4870.242,2804.15,1864.6182,60227.28,7318.867114000001,3150.0680509999997
2017-01-02,9.027663741927446,3760.542,4237.271488,4902.95,2814.53,1872.4292,59588.7,7356.79538,3326.5821
2017-01-03,9.032242392424077,3762.43,4239.036588,4893.288,2815.25,1873.8993,61813.83,7371.81495,3344.6007000000004
2017-01-04,9.036823365120668,3764.354,4229.189618,4878.09,2808.5,1874.0334,61589.06,7314.766975,3516.564358
2017-01-05,9.04140666119499,3766.256,4243.317078,4892.559,2808.57,1873.4242,62070.98,7258.7579000000005,3107.157866
2017-01-06,9.045992281825416,3768.097,4242.188017,4877.835,2814.35,1879.7248,61665.37,7337.340352,2894.230784
2017-01-09,9.050580228190913,3769.906,4248.356698,4876.83,2814.74,1873.8089,61700.29,7260.4800000000005,2872.032
2017-01-10,9.055170501471048,3771.769,4261.150824,4882.655,2817.49,1882.4029,62131.8,7246.63971,2905.842159
2017-01-11,9.059763102845984,3773.63,4260.273889,4873.581,2815.99,1883.2624,62446.26,7274.425572,2522.863581
2017-01-12,9.064119852324511,3775.504,4303.33079,4956.387,2836.53,1892.0558,63953.93,7236.573412000001,2637.905099
2017-01-13,9.068478696920295,3777.321,4300.836876,4964.982,2836.13,1903.6542,63651.52,7320.246448,2673.35874
2017-01-16,9.072839637640856,3779.138,4308.080388,4980.361,2840.78,1907.9761,63831.28,7371.880775999999,2699.99379
2017-01-17,9.0772026754942,3780.963,4310.306903,4982.729,2835.99,1912.0123,64354.34,7282.648367999999,2886.611904
2017-01-18,9.081567811488819,3782.841,4306.686726,4961.876,2838.81,1916.5071,64149.57,7322.528659,2822.662056
2017-01-19,9.085935046633685,3784.697,4318.839515,4963.146,2847.09,1918.6405,63950.86,7247.203535,2904.7529649999997
2017-01-20,9.09030438193826,3786.529,4328.755155,4962.211,2852.65,1921.6518,64521.18,7210.046464,2853.341184
2017-01-23,9.09467581841249,3788.375,4330.023897,4959.78,2850.8,1928.7239,65748.63,7168.4519199999995,2916.621944
2017-01-24,9.099049357066805,3790.224,4331.469849,4974.423,2854.55,1926.8705,65840.09,7229.645956,2847.980852
2017-01-25,9.103424998912125,3792.056,4333.057698,4976.607,2855.99,1926.8705,65840.09,7280.086974999999,2835.98945
2017-01-26,9.107802744959852,3793.896,4324.227307,4966.018,2857.77,1922.7749,66190.63,7290.580991999999,2902.004736
2017-01-27,9.112182596221874,3795.726,4334.510217,4979.235,2863.51,1923.8066,66033.98,7207.62129,2889.56295
2017-01-30,9.116564553710571,3797.561,4330.641205,4960.393,2857.42,1926.5156,64301.73,7131.46194,2885.195214
2017-01-31,9.120948618438804,3799.389,4336.221144,4962.98,2857.34,1934.6966,64670.78,7175.250082,3027.977134
2017-02-01,9.125334791419926,3801.229,4340.20387,4979.147,2861.68,1933.7527,64836.13,7130.888310000001,3063.665234
2017-02-02,9.12972307366777,3803.072,4349.232813,4995.523,2860.25,1941.8243,64578.21,7119.4451899999995,3153.050996
2017-02-03,9.134113466196666,3804.91,4363.483364,5010.209,2868.72,1947.3343,64953.93,7174.842660000001,3159.4454100000003
2017-02-06,9.138505970021425,3806.758,4367.762342,5018.451,2866.96,1947.442,63992.93,7148.660591999999,3197.0592779999997
2017-02-07,9.14290058615735,3808.598,4377.235905,5031.622,2872.36,1949.0414,64198.9,7155.097524,3283.1484570000002
2017-02-08,9.147297315620227,3810.448,4385.281615,5067.124,2878.3,1952.5889,64835.4,7149.273852,3304.24958
2017-02-09,9.151696159426335,3812.298,4386.545119,5082.468,2883.07,1955.5233,64964.89,7216.709489999999,3056.3297999999995
2017-02-10,9.156097118592442,3814.145,4393.897947,5090.383,2890.99,1954.3654,66124.52,7215.57794,3127.955062
2017-02-13,9.160500194135802,3815.994,4395.467692,5093.975,2894.22,1965.0101,66967.64,7241.788799999999,3117.86496
2017-02-14,9.164905387074159,3817.847,4396.39258,5098.484,2895.36,1977.4548,66712.88,7210.499268,3119.363442
2017-02-15,9.169312698425749,3819.699,4401.554143,5098.978,2898.96,1979.1089,67975.58,7181.4223250000005,3104.0985360000004
2017-02-16,9.173722129209294,3821.552,4390.429119,5081.536,2891.2,1977.2524,67814.24,7251.266745999999,3208.361622
2017-02-17,9.17813368044401,3823.401,4400.591419,5088.577,2895.2,1985.0911,67748.42,7286.479955999999,3281.5130259999996
2017-02-20,9.182547353149598,3825.252,4404.632827,5090.428,2899.3,1990.8884,68532.86,7260.146964,3285.8652689999994
2017-02-21,9.186963148346253,3827.104,4413.187197,5110.18,2907.45,1995.0228,69052.02,7324.39917,3454.672155
2017-02-22,9.19138106705466,3828.955,4416.544577,5124.987,2906.02,2009.3164,68589.55,7243.22471,3461.86915
2017-02-23,9.195557814439152,3830.805,4437.088487,5158.638,2911.91,2010.4922,67461.39,7241.768316,3566.3367599999997
2017-02-24,9.19973645982119,3832.558,4430.482256,5154.008,2904.68,2028.8596,66662.1,7361.717198000001,3660.987616
2017-03-01,9.203917004063262,3834.308,4439.579601,5167.548,2915.89,2033.8444,66988.88,7411.902260000001,3790.52742
2017-03-02,9.20809944802825,3836.057,4431.873208,5150.425,2913.32,2030.4544,65854.93,7510.908336,3966.6622020000004
2017-03-03,9.212283792579424,3837.81,4448.848878,5163.224,2923.62,2040.7316,66785.53,7426.040231999999,3980.474979
2017-03-06,9.216470038580448,3839.566,4456.454244,5166.355,2925.74,2038.0223,66341.37,7451.34747,4007.9880500000004
2017-03-07,9.220658186895381,3841.32,4453.633167,5168.562,2924.45,2043.2894,65742.33,7386.771570999999,3883.0305
2017-03-08,9.22484823838867,3843.072,4444.882857,5158.197,2921.02,2038.2858,64718.02,7490.6466,3693.6523
2017-03-09,9.22904019392516,3844.833,4437.693649,5148.341,2917.43,2037.0497,64585.23,7551.02991,3831.15298
2017-03-10,9.233234054370083,3846.582,4466.636119,5176.693,2930.28,2041.1944,64675.46,7454.47194,3457.849464
2017-03-13,9.237429820589071,3848.337,4473.140758,5182.325,2935.98,2038.0323,65534.3,7483.0762159999995,3901.59
2017-03-14,9.241627493448144,3850.094,4459.460283,5157.403,2926.92,2037.5368,64699.46,7495.16487,3970.9212060000004
2017-03-15,9.245827073813718,3851.86,4476.392667,5179.068,2931.6,2038.084,66234.88,7404.801144000001,3885.373908
2017-03-16,9.2500285625526,3853.62,4472.289694,5184.22,2930.11,2047.4001,65782.85,7427.2860820000005,3582.05665
2017-03-17,9.254231960531996,3855.381,4475.554746,5197.856,2928.85,2043.9751,64209.94,7351.4085749999995,3390.6585010000003
2017-03-20,9.258437268619502,3857.149,4475.86459,5196.191,2926.82,2042.579,64884.27,7291.537186999999,3145.2159799999995
2017-03-21,9.26264448768311,3858.916,4485.675658,5202.469,2927.3,2035.8065,62980.37,7238.0993579999995,3373.716024
2017-03-22,9.266853618591202,3860.684,4479.384752,5196.889,2924.63,2040.027,63521.34,7250.839375,3116.244625
2017-03-23,9.271064662212563,3862.454,4478.499829,5178.154,2925.0,2035.4675,63530.79,7366.3144,3262.1460000000006
2017-03-24,9.275277619416366,3864.231,4494.803742,5201.093,2932.65,2034.2184,63853.77,7286.2618299999995,2986.46029
2017-03-27,9.279492491072181,3866.002,4501.240908,5213.858,2934.08,2025.1554,64308.39,7320.981135000001,3200.6918450000003
2017-03-28,9.283709278049976,3867.78,4494.27396,5200.207,2935.07,2023.3934,64640.45,7408.032513,3235.660953
2017-03-29,9.287927981220108,3869.56,4500.849469,5206.837,2937.74,2016.8436,65528.29,7366.489487,3242.574468
2017-03-30,9.292148601453334,3871.335,4500.371054,5199.044,2935.89,2026.0861,65265.98,7459.862612,3261.843088
2017-03-31,9.296371139620808,3873.116,4502.599024,5207.857,2937.4,2032.8193,64984.07,7377.356927999999,3355.612056
2017-04-03,9.300595596594075,3874.895,4507.952611,5211.75,2938.74,2014.598,65211.48,7347.786600000001,3594.18045
2017-04-04,9.30482197324508,3876.672,4514.640365,5208.627,2942.46,2017.5211,65768.91,7300.682928,3522.835638
2017-04-05,9.309050270446162,3878.456,4512.794462,5199.938,2941.82,2016.9106,64774.77,7343.321654999999,3520.780917
2017-04-06,9.31328048907006,3880.247,4495.411643,5170.356,2932.9,2021.4993,64222.72,7410.769815,3769.5908950000003
2017-04-07,9.317512629989904,3882.031,4504.432042,5182.936,2938.84,2024.9462,64593.11,7411.70661,3773.40866
2017-04-10,9.321746694079225,3883.815,4521.816782,5203.557,2946.51,2024.3753,64649.82,7382.153687999999,3767.86858
2017-04-11,9.325982682211949,3885.596,4521.424581,5198.956,2945.12,2026.397,64359.79,7384.513994000001,3848.5259100000003
2017-04-12,9.3302205952624,3887.382,4516.2981,5208.208,2939.13,2028.3732,63891.68,7330.485673,3801.556427
2017-04-13,9.334128651460931,3889.17,4510.525391,5197.781,2931.7,2029.7847,62826.28,7328.506965,3681.670467
2017-04-17,9.338038344587881,3890.814,4516.710129,5203.162,2937.95,2027.9828,64334.93,7279.112188000001,3699.7812720000006
2017-04-18,9.341949675328895,3892.463,4524.578692,5218.959,2941.96,2028.7629,64158.84,7278.823863,3743.752959
2017-04-19,9.345862644369902,3894.108,4521.010234,5212.587,2938.86,2027.3424,63406.97,7368.9765720000005,3802.2478200000005
2017-04-20,9.349777252397121,3895.752,4521.844159,5204.688,2939.51,2026.0569,63760.62,7416.184320000001,3903.58296
2017-04-24,9.35369350009706,3897.401,4527.681787,5205.597,2943.08,2028.6233,64389.02,7426.578615,3928.612071
2017-04-25,9.35761138815651,3899.045,4512.591124,5181.773,2940.62,2023.5286,65148.35,7517.433392000001,4033.0423840000003
2017-04-26,9.361530917262552,3900.692,4513.824063,5179.729,2939.82,2026.3699,64861.92,7576.81132,4107.59048
2017-04-27,9.365452088102556,3902.341,4513.322958,5177.385,2938.48,2025.2179,64676.55,7605.604803,4291.610649
2017-04-28,9.369374901364177,3903.989,4524.345103,5191.094,2945.05,2035.8581,65403.25,7573.411299999999,4145.046615
2017-05-02,9.37329935773536,3905.638,4535.747348,5204.862,2952.51,2039.8614,66721.75,7536.728723,4537.002455
2017-05-03,9.377225457904341,3907.289,4533.177586,5207.231,2954.44,2045.829,66093.78,7562.252458,4802.750554
2017-05-04,9.381153202559638,3908.945,4527.947841,5197.978,2951.86,2038.6129,64862.61,7619.223472000001,4790.201894
2017-05-05,9.385082592390061,3910.601,4538.084394,5203.373,2958.06,2047.1655,65709.73,7621.584614,4858.323806
2017-05-08,9.389013628084708,3912.254,4540.855728,5198.937,2958.53,2046.7303,65526.04,7674.41693,5301.673675
2017-05-09,9.392946310332967,3913.941,4550.492673,5206.942,2965.23,2050.4231,66277.67,7646.893876000001,5462.304048000001
2017-05-10,9.396880639824511,3915.616,4561.1537,5231.807,2970.63,2051.2104,67349.73,7600.828025000001,5626.55695
2017-05-11,9.400816617249307,3917.271,4572.996617,5258.249,2976.69,2049.0251,67537.62,7518.5416000000005,5717.4376
2017-05-12,9.404754243297607,3918.943,4581.403179,5277.87,2979.47,2059.6055,68221.94,7467.01979,5283.66058
2017-05-15,9.408693518659954,3920.603,4592.949455,5309.55,2987.37,2067.6221,68474.19,7470.734736,5347.705374
2017-05-16,9.412634444027178,3922.267,4603.560275,5350.223,2995.06,2072.817,68684.5,7433.194520999999,5478.624183
2017-05-17,9.416577020090402,3923.96,4597.07961,5340.118,2985.5,2072.246,67540.25,7399.895685,5703.623835
2017-05-18,9.420521247541037,3925.637,4386.736928,4938.512,2869.7,2009.936,61597.05,7974.605547999999,6347.539535999999
2017-05-19,9.424467127070782,3927.305,4422.653645,5045.694,2891.59,2034.798,62639.31,7748.720382,6305.219336
2017-05-22,9.428414659371626,3928.971,4382.224951,5018.501,2880.83,2027.809,61673.49,7820.305732,7021.981358
2017-05-23,9.43236384513585,3930.633,4438.86971,5087.197,2894.76,2032.606,62662.48,7843.0732419999995,7247.130217999999
2017-05-24,9.436314685056022,3932.328,4484.178793,5099.647,2903.95,2041.606,63257.36,7881.5904199999995,7984.8146400000005
2017-05-25,9.440267179825003,3934.095,4482.877189,5104.696,2904.34,2041.565,63226.79,7906.214659,8071.438297999999
2017-05-26,9.444221330135944,3935.823,4510.914712,5126.718,2911.74,2054.0,64085.41,7875.5732,7395.961999999999
2017-05-29,9.448177136682284,3937.608,4528.123659,5139.724,2917.24,2056.986,63760.94,7868.084158000001,7512.398109
2017-05-30,9.452134600157754,3939.349,4521.11482,5114.135,2911.96,2055.801,63962.27,7861.502071,7330.529514000001
2017-05-31,9.456093721256375,3941.187,4535.619934,5129.411,2915.58,2056.753,62711.47,7781.91388,7376.33026
2017-06-01,9.45971862022348,3943.071,4515.91699,5096.539,2908.72,2068.534,62288.52,7899.153036,7835.73383
2017-06-02,9.463344908759357,3944.818,4509.011404,5076.937,2909.02,2077.3599,62510.7,7915.269964000001,7888.529516
2017-06-05,9.46697258739668,3946.607,4506.18029,5056.708,2908.96,2063.156,62450.45,8031.8217,8781.559500000001
2017-06-06,9.470601656668332,3948.312,4528.208794,5079.66,2914.61,2065.494,62954.69,7963.100806999999,9411.277027
2017-06-07,9.4742321171074,3949.953,4528.391597,5084.957,2915.21,2068.097,63170.73,7955.637857999999,8955.315935999999
2017-06-08,9.47786396924717,3951.697,4530.596143,5086.561,2914.8,2057.074,62755.57,7937.562706,8967.088844
2017-06-09,9.481497213621141,3953.407,4553.10671,5089.775,2921.03,2064.684,62210.56,8016.816159,9344.430216
2017-06-12,9.485131850763011,3955.108,4558.969287,5095.417,2921.21,2058.745,61700.23,8062.902471,8626.352124
2017-06-13,9.488767881206682,3956.831,4551.927884,5093.353,2920.77,2054.454,61828.99,8090.004285,8955.908405
2017-06-14,9.492405305486264,3958.523,4564.339013,5123.595,2921.99,2061.952,61922.93,7984.431792,8359.627248
2017-06-16,9.496044124136068,3960.15,4584.083568,5146.995,2929.56,2064.156,61626.41,8012.362950000001,8181.952450000001
2017-06-19,9.499684337690613,3961.857,4600.031016,5162.879,2936.05,2065.107,62014.03,8054.2184879999995,8447.202476
2017-06-20,9.503325946684622,3963.522,4584.026123,5143.103,2928.95,2065.388,60766.16,8109.704731000001,9149.943751
2017-06-21,9.506968951653024,3965.139,4587.006027,5148.088,2932.59,2072.659,60761.74,8125.9256430000005,8872.122501
2017-06-22,9.51061335313095,3966.908,4585.371494,5137.189,2932.74,2077.223,61272.21,8136.5859,8929.255474
2017-06-23,9.514259151653738,3968.583,4584.292813,5133.298,2934.6,2071.715,61087.14,8150.749240000001,9051.098992
2017-06-26,9.517906347756933,3970.239,4590.168957,5130.268,2937.53,2070.143,62188.09,8041.125976000001,7738.644576000001
2017-06-27,9.521554941976282,3971.837,4582.877539,5115.302,2939.41,2070.343,61675.46,8018.551134,8144.759677999999
2017-06-28,9.52520493484774,3973.453,4599.953919,5136.253,2944.58,2062.677,62017.97,8006.195407,8507.720474
2017-06-29,9.528856326907464,3975.131,4593.361415,5130.064,2943.62,2065.199,62238.95,7994.204859999999,8452.045464
2017-06-30,9.53250911869182,3976.735,4607.52063,5137.847,2950.16,2074.144,62899.97,8014.7015519999995,8276.268
2017-07-03,9.536163310737379,3978.356,4623.775725,5150.549,2955.6,2072.76,63279.58,8019.619416000001,8444.6674
2017-07-04,9.539818903580917,3979.941,4622.637532,5144.397,2955.56,2067.28,63231.59,8039.780199000001,8524.746747000001
2017-07-05,9.543475897759416,3981.556,4626.667326,5145.695,2957.73,2055.248,63154.17,7999.894298,8587.091683
2017-07-06,9.547134293810062,3983.156,4633.051144,5145.821,2960.53,2053.219,62470.33,7948.560375000001,8568.44748
2017-07-07,9.550794092270252,3984.748,4625.23349,5134.934,2959.17,2052.866,62322.4,7958.470687999999,8252.797392
2017-07-10,9.554455293677583,3986.322,4631.405642,5139.401,2961.57,2053.933,63025.47,7903.226593999999,7763.585332
2017-07-11,9.558117898569861,3987.9,4636.73332,5148.641,2965.8,2051.863,63832.15,7894.372491000001,7580.001018000001
2017-07-12,9.561781907485098,3989.465,4659.758972,5181.266,2972.4,2061.232,64835.55,7837.946000000001,7641.52016
2017-07-13,9.565447320961514,3991.03,4655.852756,5179.811,2972.53,2054.412,65178.35,7863.164309,7509.361587
2017-07-14,9.56911413953753,3992.611,4670.8509,5206.944,2979.01,2059.263,65436.18,7820.4786,6865.779000000001
2017-07-17,9.57278236375178,3994.169,4683.185417,5225.379,2982.73,2057.462,65212.31,7825.229394,6917.949042
2017-07-18,9.5764519941431,3995.725,4690.518744,5241.715,2985.4,2060.91,65337.67,7766.669404,7412.742272
2017-07-19,9.580123031250535,3997.285,4705.295193,5271.916,2990.95,2061.596,65179.92,7789.843287,7100.769499999999
2017-07-20,9.583795475613334,3998.84,4709.958359,5284.328,2998.74,2057.946,64938.02,7719.390104999999,8517.934788
2017-07-21,9.587469327770956,4000.396,4711.197555,5299.0,2999.62,2059.732,64684.18,7772.182236000001,8300.147700000001
2017-07-24,9.591144588263063,4001.956,4712.78689,5292.94,2998.28,2058.409,65099.55,7772.559778999999,8685.475469
2017-07-25,9.594821257629528,4003.509,4708.577072,5286.661,2997.56,2052.484,65667.63,7859.190351,7831.905131
2017-07-26,9.598499336410427,4005.06,4710.393535,5278.882,2996.42,2053.693,65010.57,7775.430539999999,7855.32402
2017-07-27,9.601831263485074,4006.609,4733.198444,5328.935,3010.5,2063.516,65277.38,7798.810710000001,8140.167385
2017-07-28,9.605164347171568,4008.01,4739.224085,5332.12,3015.89,2064.995,65497.13,7742.864409999999,8630.971365
2017-07-31,9.608498587871402,4009.408,4744.562445,5343.237,3018.91,2066.191,65920.36,7723.63998,9025.587486
2017-08-01,9.611833985986209,4010.816,4747.93319,5355.7,3023.15,2063.637,66516.23,7741.813005,8569.157036999999
2017-08-02,9.615170541917765,4012.226,4756.281281,5370.325,3028.5,2067.29,67135.99,7714.161952,8378.728736000001
2017-08-03,9.618508256067981,4013.622,4767.613539,5396.85,3032.62,2071.434,66777.13,7700.036752,8663.382314999999
2017-08-04,9.62184712883891,4015.017,4767.176462,5404.121,3031.1,2073.947,66897.98,7756.440828,8868.691200000001
2017-08-07,9.625187160632743,4016.417,4760.942249,5391.873,3030.9,2078.555,67939.66,7756.565114999999,10446.543185
2017-08-08,9.628528351851813,4017.821,4759.2787,5396.121,3030.85,2074.501,67898.94,7737.83738,10778.139775
2017-08-09,9.63187070289859,4019.221,4749.698067,5392.442,3026.58,2070.99,67671.06,7807.264913999999,10608.516689999999
2017-08-10,9.635214214175686,4020.625,4739.432873,5375.893,3021.59,2071.413,66992.09,7742.048213,10873.783097
2017-08-11,9.638558886085853,4022.022,4745.961144,5374.196,3024.69,2076.92,67358.59,7796.843684000001,11459.155285
2017-08-14,9.64190471903198,4023.429,4747.358454,5372.311,3029.04,2071.655,68284.66,7864.550096000001,13596.380306
2017-08-15,9.645251713417098,4024.83,4750.685566,5388.376,3031.14,2066.693,68355.13,7813.060161,12907.37916
2017-08-16,9.648599869644377,4026.232,4754.456901,5397.848,3033.62,2073.493,68594.3,7780.716775,13714.69905
2017-08-17,9.651949188117126,4027.636,4736.603545,5368.621,3026.19,2066.125,67976.8,7715.524751000001,13748.564011999999
2017-08-18,9.655299669238797,4029.041,4751.041279,5388.154,3032.71,2062.454,68714.66,7633.690960000001,12660.3988
2017-08-21,9.65865131341298,4030.451,4740.981422,5373.399,3031.49,2067.348,68634.65,7684.576864999999,12651.639355
2017-08-22,9.662004121043404,4031.857,4745.962211,5374.83,3038.28,2065.879,70011.25,7754.346118,12878.043018
2017-08-23,9.665358092533943,4033.261,4762.295045,5383.909,3044.37,2066.558,70477.63,7678.196064,12988.536791999999
2017-08-24,9.668713228288604,4034.665,4774.429828,5395.707,3050.08,2072.508,71132.8,7678.365354,13329.4788
2017-08-25,9.67206952871154,4036.071,4777.919472,5395.395,3053.71,2072.993,71073.65,7717.59495,13675.405769999998
2017-08-28,9.675426994207042,4037.478,4778.233412,5397.241,3054.88,2081.694,71016.59,7741.396927999999,13744.824528
2017-08-29,9.678785625179541,4038.89,4781.18762,5397.792,3056.68,2078.421,71329.85,7740.33783,14545.430982000002
2017-08-30,9.68214542203361,4040.304,4787.231169,5397.875,3057.22,2082.334,70886.26,7765.738641,14456.510901
2017-08-31,9.68550638517396,4041.712,4799.248982,5414.987,3060.96,2084.0,70835.05,7783.473015,14931.111249
2017-09-01,9.688868515005446,4043.122,4797.382458,5414.884,3063.36,2098.299,71923.11,7777.357620000001,15327.821340000002
2017-09-04,9.692231811933059,4044.536,4800.321259,5420.605,3064.89,2102.29,72128.83,7779.091205,13701.729487999999
2017-09-05,9.695596276361934,4045.948,4816.366492,5442.521,3065.3,2112.582,72150.88,7661.61002,13897.849167999999
2017-09-06,9.698961908697347,4047.359,4835.722262,5461.678,3077.87,2125.098,73412.41,7643.174,14164.675000000001
2017-09-08,9.70197430927657,4048.776,4842.057526,5485.088,3080.91,2150.548,73078.85,7598.9266959999995,13113.036360000002
2017-09-11,9.704987645477289,4050.048,4832.544613,5478.904,3083.37,2165.475,74319.22,7721.351763000001,13010.492151
2017-09-12,9.708001917590098,4051.318,4830.218645,5469.077,3083.7,2151.795,74538.55,7802.997888,13064.851719999999
2017-09-13,9.711017125905682,4052.591,4833.496845,5469.792,3084.82,2158.048,74787.57,7832.639787,12220.463044999999
2017-09-14,9.714033270714818,4053.86,4846.520799,5475.401,3089.87,2162.566,74656.68,7787.58221,10582.395625
2017-09-15,9.71705035230837,4055.147,4843.454688,5470.889,3095.68,2178.032,75756.52,7776.715392,11579.023872
2017-09-18,9.720068370977293,4056.418,4849.536605,5474.026,3099.68,2190.973,75990.41,7852.637094,12565.373472000001
2017-09-19,9.723087327012635,4057.695,4860.400775,5482.99,3104.11,2191.353,75974.18,7860.8544,12247.83616
2017-09-20,9.726107220705533,4058.977,4869.966894,5488.202,3106.43,2204.806,76004.15,7863.081576,12404.830649000001
2017-09-21,9.729128052347212,4060.28,4886.485282,5504.68,3110.87,2202.801,75604.34,7845.382439999999,11443.6665
2017-09-22,9.73214982222899,4061.581,4886.929529,5506.915,3112.23,2213.914,75389.75,7816.93528,11293.572400000001
2017-09-25,9.735172530642277,4062.884,4874.504749,5503.996,3103.56,2210.335,74443.48,7888.696601999999,12453.357207
2017-09-26,9.738196177878569,4064.176,4885.562429,5518.7,3106.82,2213.373,74318.72,7905.245124000001,12373.910325
2017-09-27,9.741220764229457,4065.52,4876.996351,5512.395,3105.4,2214.781,73796.71,8004.728015999999,13264.168683
2017-09-28,9.744246289986618,4066.816,4880.328733,5511.89,3106.68,2214.032,73567.25,7987.01092,13251.439
2017-09-29,9.747272755441825,4068.131,4888.431905,5513.042,3113.35,2221.053,74293.51,7966.972128,13190.743875
2017-10-02,9.750300160886939,4069.438,4891.15572,5518.561,3115.51,2225.073,74359.83,7977.350304,13851.164628
2017-10-03,9.753328506613908,4070.729,4881.211496,5510.951,3123.73,2234.809,76762.91,7966.691856,13463.865768
2017-10-04,9.756357792914777,4072.034,4878.819593,5514.926,3124.65,2237.731,76591.44,7950.739419999999,13159.978519999999
2017-10-05,9.759388020081678,4073.379,4862.251446,5501.848,3123.31,2238.936,76617.53,8048.463159000001,13709.449270000001
2017-10-06,9.762419188406835,4074.726,4876.199833,5531.526,3126.44,2232.715,76054.72,8044.155882,13692.54276
2017-10-09,9.765451298182562,4076.031,4867.981387,5523.533,3123.64,2234.449,75726.8,8113.362658999999,15435.166076999998
2017-10-10,9.768484349701264,4077.324,4877.671456,5533.033,3131.59,2232.753,76897.21,8110.2700079999995,15494.996070000001
2017-10-11,9.771518343255439,4078.618,4879.626705,5528.412,3132.76,2241.08,76659.8,8112.631476,15324.766065000002
2017-10-13,9.77455327913767,4079.912,4882.133931,5530.772,3133.85,2238.325,76989.79,8030.740918,17660.288656
2017-10-16,9.777589157640637,4081.206,4876.646442,5525.947,3131.7,2234.929,76891.84,8106.951508,17999.870480999998
2017-10-17,9.78062597905711,4082.532,4886.178173,5538.366,3128.73,2235.07,76201.25,8088.85728,17627.05665
2017-10-18,9.783663743679945,4083.798,4890.182675,5542.118,3134.21,2232.497,76591.09,8120.987082000001,17461.076607000003
2017-10-19,9.786702451802094,4085.079,4902.367159,5552.335,3133.57,2232.085,76283.16,8125.95636,18078.659172
2017-10-20,9.7897421037166,4086.354,4899.07443,5560.335,3138.87,2195.466,76390.52,8223.933135,19075.382264999997
2017-10-23,9.792782699716593,4087.656,4895.84649,5547.218,3132.56,2199.444,75413.13,8297.966798,19123.064312
2017-10-24,9.795824240095298,4088.954,4893.235457,5529.09,3136.24,2202.84,76350.2,8342.735849,18163.837496
2017-10-25,9.798866725146029,4090.248,4902.214976,5534.414,3140.07,2209.949,76671.13,8271.613105,18371.608038000002
2017-10-26,9.801639412474577,4091.541,4872.455223,5500.591,3128.75,2211.997,75896.35,8442.919,19264.786399999997
2017-10-27,9.804412884362732,4092.724,4878.505011,5505.615,3130.14,2215.689,75975.71,8351.310092,18616.704075999998
2017-10-30,9.807187141032491,4093.901,4869.088031,5491.598,3121.42,2222.852,74800.34,8440.426098,20010.34776
2017-10-31,9.809962182705918,4095.077,4873.132023,5491.996,3121.27,2226.258,74308.49,8424.448038,20862.552185
2017-11-01,9.812738009605138,4096.25,4864.412585,5468.696,3119.52,2221.112,73823.74,8425.995312000001,21494.886000000002
2017-11-03,9.815514621952335,4097.423,4846.775259,5441.995,3112.33,2209.905,73915.42,8576.360544,23956.468964999996
2017-11-06,9.818292019969764,4098.598,4864.895486,5462.881,3115.26,2212.185,74310.79,8427.909438,23182.548714
2017-11-07,9.821070203879735,4099.765,4859.418301,5455.843,3104.62,2210.063,72414.88,8479.423783999999,23156.658804
2017-11-08,9.823849173904625,4100.927,4871.934825,5465.146,3116.99,2212.985,74363.13,8432.513314000002,23599.225689000003
2017-11-09,9.826628930266873,4102.092,4871.536015,5465.441,3108.9,2215.086,72930.69,8401.048848,23144.408192
2017-11-10,9.829409473188981,4103.254,4856.223706,5446.464,3102.58,2207.942,72165.64,8479.75674,21613.413354
2017-11-13,9.832190802893516,4104.417,4854.311253,5439.851,3103.84,2209.153,72475.17,8476.207328,21336.508304
2017-11-14,9.834972919603103,4105.581,4846.400235,5429.035,3095.13,2208.72,70826.59,8549.211937,21849.492589999998
2017-11-16,9.837755823540435,4106.744,4861.388388,5455.66,3107.22,2208.783,72511.79,8473.400844,25863.594162
2017-11-17,9.840539514928265,4107.909,4874.999377,5475.403,3115.17,2211.48,73437.28,8404.98792,25101.967296
2017-11-20,9.84332399398941,4109.073,4876.754335,5477.657,3116.49,2211.48,73437.28,8415.19426,26870.58536
2017-11-21,9.846109260946749,4110.238,4884.766727,5499.228,3126.26,2216.659,74594.62,8458.543135000002,26472.916625
2017-11-22,9.848895316023228,4111.406,4886.182418,5493.493,3124.96,2217.914,74518.79,8375.842708,26458.204384
2017-11-23,9.85168215944185,4112.574,4896.907802,5498.729,3127.6,2220.656,74486.58,8369.0903,26315.547275
2017-11-24,9.854469791425686,4113.74,4891.408111,5486.642,3129.52,2223.066,74157.38,8411.802166,26664.341682
2017-11-27,9.857258212197868,4114.907,4892.543012,5483.258,3126.12,2211.33,74058.91,8392.961346,31142.376958
2017-11-28,9.860047421981593,4116.078,4900.482187,5488.781,3128.45,2215.35,74139.72,8442.518447999999,31959.410937999997
2017-11-29,9.862837421000117,4117.244,4883.688776,5463.578,3115.32,2209.022,72700.45,8519.496294,33069.59049
2017-11-30,9.865628209476764,4118.41,4876.438125,5450.22,3111.86,2213.076,71970.99,8653.085713999999,31551.939419000002
2017-12-01,9.868419787634918,4119.572,4886.260009,5454.233,3110.48,2205.563,72264.45,8609.145426,35513.026275000004
2017-12-04,9.871212155698029,4120.743,4901.082685,5457.439,3115.05,2203.303,73090.17,8565.774632,37320.982453
2017-12-05,9.874005313889606,4121.91,4910.129367,5465.827,3113.11,2205.384,72546.17,8526.117768,38185.58268
2017-12-06,9.876799262433225,4123.076,4912.868054,5460.701,3113.79,2207.238,73268.35,8505.951377,43178.070925
2017-12-07,9.879411083230183,4124.242,4904.097678,5442.403,3108.29,2197.864,72487.45,8684.629932,52862.626872
2017-12-08,9.882023594697033,4125.337,4911.049125,5451.294,3110.94,2205.639,72731.84,8733.5107,51528.207200000004
2017-12-11,9.884636797016416,4126.429,4911.839771,5452.878,3111.59,2193.467,72800.04,8787.542963999998,56650.79352
2017-12-12,9.887250690371019,4127.524,4906.489716,5441.026,3114.54,2193.575,73813.53,8843.246734,57253.741468
2017-12-13,9.889865274943581,4128.62,4915.930023,5452.448,3109.29,2194.368,72914.34,8834.004874999999,55574.759999999995
2017-12-14,9.892480550916888,4129.715,4908.098016,5442.095,3105.72,2190.231,72428.93,8844.983752,55043.206944000005
2017-12-15,9.895096518473773,4130.815,4915.54693,5449.514,3110.9,2194.891,72607.7,8835.257039,58212.89322799999
2017-12-18,9.897713177797119,4131.912,4914.324095,5451.757,3119.71,2194.181,73115.45,8846.860176,61412.894928
2017-12-19,9.900330529069857,4133.009,4907.451973,5445.789,3120.39,2196.715,72680.37,8824.985917,55831.503929
2017-12-20,9.902948572474964,4134.105,4927.016616,5465.054,3126.67,2191.378,73367.03,8832.147625,53436.693544999995
2017-12-21,9.905567308195469,4135.205,4931.572823,5475.056,3135.04,2190.373,75133.43,8877.067619000001,50874.240840000006
2017-12-22,9.908186736414448,4136.304,4934.883897,5465.262,3136.49,2187.077,75186.53,8955.915584,47526.25584
2017-12-26,9.910806857315025,4137.4,4948.527714,5486.959,3142.86,2203.369,75707.73,8871.3828,52705.380000000005
2017-12-27,9.913427671080374,4138.496,4952.868884,5486.2,3145.84,2217.013,76072.54,8898.250540000001,50383.20663
2017-12-28,9.916049177893715,4139.592,4961.027897,5493.609,3152.16,2226.457,76402.08,8904.357528,46184.285136
2018-01-02,9.918671377938317,4141.788,4991.180056,5523.561,3170.15,2238.051,77891.04,8793.462639,48225.88674
2018-01-03,9.9212942713975,4142.888,4997.280678,5538.938,3174.19,2247.445,77995.16,8786.24481,48756.362355
2018-01-04,9.923917858454628,4143.985,4999.099714,5551.77,3182.03,2248.292,78647.42,8800.666892,48288.66758
2018-01-05,9.926542139293117,4145.084,4991.88068,5547.31,3183.06,2244.813,79071.47,8857.63135,54096.21196000001
2018-01-08,9.929167114096431,4146.185,4998.139119,5557.228,3182.29,2242.592,79378.53,8894.062499,48345.36733
2018-01-09,9.931792783048083,4147.283,4994.764926,5562.407,3180.25,2240.927,78863.54,8940.316855,47293.482959999994
2018-01-10,9.934419146331633,4148.381,4997.518634,5576.26,3180.83,2243.408,78200.57,8891.623341999999,46896.281795999996
2018-01-11,9.93704620413069,4149.479,5003.867272,5592.93,3189.52,2246.555,79365.44,8896.598376,43278.095508
2018-01-12,9.93967395662891,4150.578,5007.019449,5605.969,3194.23,2251.564,79349.12,8931.292319999999,44064.662189999995
2018-01-15,9.942302404010002,4151.678,5011.110518,5610.986,3201.07,2250.376,79752.38,8959.990592,44753.709756000004
2018-01-16,9.944931546457719,4152.778,5008.370693,5612.955,3200.35,2258.708,79831.77,8952.288648000002,34565.568
2018-01-17,9.947561384155865,4153.877,5007.872583,5613.008,3207.32,2262.372,81189.16,9032.090368,36664.796532
2018-01-18,9.950191917288292,4154.975,5005.917612,5619.232,3208.02,2264.625,80962.65,8985.873345,37271.06325
2018-01-19,9.9528231460389,4156.068,5007.37166,5618.996,3213.38,2267.669,81219.5,8982.28086,36329.958882000006
2018-01-22,9.95545507059164,4157.161,5005.98857,5615.174,3216.1,2263.347,81675.42,9077.119176999999,33175.2514
2018-01-23,9.958087691130507,4158.251,5001.625,5607.835,3213.02,2259.999,80678.34,9197.077722,35572.01336999999
2018-01-24,9.960721007839549,4159.346,5023.329931,5652.391,3235.46,2265.379,83680.0,8915.55068,35232.408540000004
2018-01-25,9.963355020902862,4160.447,5025.523742,5654.415,3235.9,2265.379,83680.0,8893.950625,35261.0489
2018-01-26,9.965989730504589,4161.54,5040.241348,5688.536,3254.25,2279.136,85530.84,9044.369333999999,34236.013878000005
2018-01-29,9.968625136828924,4162.64,5035.414088,5685.458,3249.85,2275.42,84698.02,9003.743209,35361.4471
2018-01-30,9.971261240060107,4163.733,5031.268337,5679.648,3247.44,2278.142,84482.46,8979.278801999999,32090.14552
2018-01-31,9.973898040382428,4164.83,5034.741022,5682.271,3251.9,2285.233,84912.7,8999.200089,31748.885738999998
2018-02-01,9.976535537980228,4165.923,5034.8854,5690.689,3257.2,2275.992,85495.24,8946.805392,28832.25168
2018-02-02,9.979173733037891,4167.02,5020.987544,5674.005,3247.85,2272.803,84041.34,8892.953748,27591.971999999998
2018-02-05,9.981812625739856,4168.116,5017.96793,5657.371,3228.32,2267.362,81861.09,8617.531608000001,23100.550284
2018-02-06,9.984452216270608,4169.208,5026.680697,5662.556,3235.4,2267.615,83894.04,8718.238872,25116.92808
2018-02-07,9.98709250481468,4170.307,5032.535138,5662.235,3231.06,2267.094,82766.73,8772.514358,26456.671463000002
2018-02-08,9.989640711467285,4171.403,5037.158305,5646.965,3221.02,2267.28,81532.53,8479.101200000001,26843.993388
2018-02-09,9.992189568294817,4172.459,5032.246341,5626.79,3212.06,2268.572,80898.7,8650.016055,28241.705564999997
2018-02-14,9.994739075463169,4173.521,5051.871262,5646.415,3241.17,2268.429,83542.84,8702.272161,29950.884611999998
2018-02-15,9.997289233138275,4174.548,5059.172485,5672.745,3249.43,2269.921,84290.56,8825.32656,31904.078985000004
2018-02-16,9.999840041486111,4175.6,5075.440515,5689.739,3254.74,2277.593,84524.58,8826.163487999998,32588.921280000002
2018-02-19,10.002391500672697,4176.648,5076.200603,5690.559,3257.39,2279.828,84792.71,8834.360148,35830.631094
2018-02-20,10.004943610864094,4177.688,5084.627489,5684.05,3262.06,2282.653,85803.95,8836.808658,38082.251409
2018-02-21,10.007496372226408,4178.732,5089.929561,5680.889,3267.78,2284.854,86051.82,8823.084046,33598.876808
2018-02-22,10.010049784925782,4179.78,5088.882887,5679.091,3268.88,2287.549,86686.45,8793.818712,32247.807018000003
2018-02-23,10.012603849128407,4180.843,5093.500503,5692.473,3270.63,2294.877,87293.24,8897.68051,32127.936387
2018-02-26,10.015158565000513,4181.896,5100.877874,5712.087,3275.64,2297.991,87652.64,8963.93204,33475.429469999995
2018-02-27,10.017713932708375,4182.903,5100.567589,5716.558,3273.84,2296.516,86935.44,8920.007712,34960.97736
2018-02-28,10.020269952418307,4183.913,5109.743592,5713.444,3271.09,2311.41,85353.59,8813.705691,34224.327554
2018-03-01,10.022826624296668,4184.99,5112.911237,5718.139,3263.6,2303.745,85377.79,8706.444005000001,35551.088125
2018-03-02,10.025383948509859,4186.043,5127.185622,5723.884,3273.55,2297.102,85761.34,8755.71275,35884.83933
2018-03-05,10.027941925224322,4187.114,5138.665061,5732.621,3279.17,2295.398,86022.83,8824.280514,37477.231169
2018-03-06,10.030500554606544,4188.188,5142.945922,5734.839,3281.16,2294.792,85653.02,8759.99332,34647.81385
2018-03-07,10.033059836823053,4189.267,5143.99727,5734.784,3281.81,2296.471,85483.55,8844.92116,32240.853461000002
2018-03-08,10.03561977204042,4190.343,5148.508827,5736.173,3279.36,2301.442,84984.61,8942.463152999999,30462.267926999997
2018-03-09,10.038180360425256,4191.417,5148.946829,5734.346,3288.21,2307.548,86371.41,9072.793263000001,29318.858556
2018-03-12,10.04074160214422,4192.494,5153.105331,5734.484,3291.69,2312.85,86900.43,9078.21124,29415.5743
2018-03-13,10.043303497364008,4193.566,5160.561673,5743.32,3291.07,2316.951,86383.84,9017.399379,29553.275827999998
2018-03-14,10.04586604625136,4194.646,5155.755645,5750.258,3287.69,2317.861,86050.96,8965.229436,27077.896224
2018-03-15,10.048429248973063,4195.722,5153.401635,5750.037,3282.12,2322.039,84928.2,9025.528516,27108.517691999998
2018-03-16,10.05099310569594,4196.799,5160.192958,5761.041,3287.18,2322.11,84886.48,9028.794408000002,27966.096936
2018-03-19,10.053557616586858,4197.876,5159.619245,5749.144,3282.48,2324.411,83913.06,8918.181916000001,27702.734560000004
2018-03-20,10.05612278181273,4198.949,5151.511123,5730.893,3281.26,2329.471,84163.8,8997.418504,29540.564828
2018-03-21,10.05868860154051,4200.025,5160.46151,5745.8,3289.12,2328.008,84976.59,8875.875697,29114.376511
2018-03-22,10.061161328959425,4201.1,5187.608795,5776.729,3293.36,2333.528,84767.88,8764.361088,28506.90752
2018-03-23,10.063634664248923,4202.136,5186.946063,5774.474,3291.23,2338.57,84377.2,8573.870076000001,28542.18975
2018-03-26,10.066108607558434,4203.171,5206.03515,5779.367,3300.31,2345.646,85087.86,8811.232265,26145.982411999998
2018-03-27,10.068583159037429,4204.207,5203.690255,5768.419,3286.92,2349.612,83808.05,8688.790334,26575.236359
2018-03-28,10.071058318835414,4205.248,5202.390845,5753.407,3281.5,2353.519,83874.13,8652.768,26263.758336000003
2018-03-29,10.073534087101931,4206.285,5210.370919,5766.895,3290.85,2357.542,85365.56,8731.508480999999,23468.580282
2018-04-02,10.076010463986563,4207.323,5201.452241,5755.695,3282.85,2353.963,84666.44,8549.121056,22971.052656
2018-04-03,10.078487449638924,4208.362,5194.568674,5739.239,3282.86,2359.128,84623.46,8734.093115,24725.85698
2018-04-04,10.080965044208668,4209.399,5192.895083,5729.009,3280.33,2359.671,84359.69,8806.288762,22745.064648
2018-04-05,10.083443247845484,4210.438,5207.418834,5747.472,3291.32,2351.575,85209.66,8907.732368,22578.594660000002
2018-04-06,10.085922060699101,4211.477,5198.527349,5737.688,3286.65,2362.177,84820.42,8772.375853999998,22245.209536
2018-04-09,10.08840148291928,4212.513,5196.35258,5735.422,3282.37,2352.336,83307.23,8942.23352,22797.843080000002
2018-04-10,10.090881514655825,4213.548,5197.85076,5733.258,3289.1,2346.637,84510.36,9057.004143,23315.580618
2018-04-11,10.093362156058571,4214.588,5205.108221,5748.464,3291.08,2347.535,85245.59,8916.598592999999,23255.158940999998
2018-04-12,10.095843407277394,4215.622,5216.326823,5762.909,3298.09,2346.08,85443.53,9092.197869999998,26384.09411
2018-04-13,10.098325268462204,4216.66,5215.833294,5755.835,3291.02,2348.672,84334.41,9092.24927,27054.293539
2018-04-16,10.10080773976295,4217.675,5223.798922,5762.046,3288.97,2343.285,82861.58,9156.873880000001,27308.33217
2018-04-17,10.103290821329614,4218.719,5230.365363,5763.937,3296.01,2344.618,84086.13,9223.37712,26973.297599999998
2018-04-18,10.10577451331222,4219.75,5241.742558,5775.651,3306.15,2340.996,85776.46,9156.286655999998,27677.126411999998
2018-04-19,10.108258815860825,4220.786,5236.212688,5770.545,3309.1,2340.63,85824.26,9114.629172,27866.64194
2018-04-20,10.110743729125527,4221.82,5242.018325,5767.426,3309.38,2334.117,85550.09,9113.18782,29094.18676
2018-04-23,10.113229253256456,4222.855,5233.899167,5750.765,3310.6,2330.995,85602.5,9219.443254,30839.48635
2018-04-24,10.115715388403784,4223.875,5232.428521,5750.172,3306.55,2326.743,85469.08,9150.880704,32823.213191999996
2018-04-25,10.118202134717714,4224.905,5229.443346,5750.587,3307.53,2315.881,85044.39,9198.83688,31621.881788
2018-04-26,10.120689492348491,4225.922,5239.158848,5762.251,3312.68,2319.611,86383.2,9269.216664,31693.857375999996
2018-04-27,10.123177461446394,4226.912,5248.4208,5765.043,3313.15,2325.794,86444.66,9230.946833999998,31037.321817999997
2018-04-30,10.12566604216174,4227.932,5240.314031,5758.601,3309.82,2337.254,86115.5,9287.240960000001,32521.213440000003
2018-05-02,10.128155234644883,4228.961,5237.556992,5748.326,3304.29,2326.428,84547.09,9357.682768,32577.618304
2018-05-03,10.130645039046215,4229.994,5233.013156,5749.127,3296.23,2327.296,83288.14,9275.583656,34044.675488
2018-05-04,10.133135455516163,4231.029,5233.694243,5752.709,3299.24,2327.385,83118.03,9400.008206,34176.117722
2018-05-07,10.135626484205192,4232.056,5218.999218,5741.641,3297.06,2313.08,82714.42,9490.50913,33512.988620000004
2018-05-08,10.138118125263803,4233.078,5199.947471,5713.627,3294.35,2309.047,82956.05,9516.577464,32628.626849
2018-05-09,10.140610378842537,4234.1,5180.449779,5686.628,3301.14,2305.522,84265.49,9691.540796,33223.197756
2018-05-10,10.143103245091966,4235.113,5210.563557,5721.339,3310.32,2302.685,85861.2,9666.626193,32278.069233000002
2018-05-11,10.145596724162706,4236.098,5198.502441,5710.608,3306.02,2303.063,85220.23,9820.610315999998,30357.765603
2018-05-14,10.148090816205405,4237.095,5184.070908,5689.464,3299.78,2300.953,85232.19,9893.172081,31930.812341999997
2018-05-15,10.150585521370752,4238.099,5185.01917,5694.276,3299.01,2294.261,85130.42,9910.078604999999,31135.215924
2018-05-16,10.15308083980947,4239.112,5188.470711,5699.452,3304.81,2277.695,86536.97,10008.035206,30479.390602999996
2018-05-17,10.155576771672319,4240.084,5164.886514,5665.142,3284.84,2265.201,83621.95,10055.776584000001,30328.73204
2018-05-18,10.158073317110098,4241.057,5130.921674,5617.517,3273.56,2250.827,83081.88,10140.267968999999,30759.701166
2018-05-21,10.160570476273643,4242.053,5148.459854,5629.169,3275.4,2239.399,81815.31,10051.464178,30918.860041999997
2018-05-22,10.163068249313824,4243.058,5164.377119,5649.116,3288.28,2217.745,82738.88,9939.029564,29580.691812
2018-05-23,10.165566636381552,4244.062,5174.05494,5640.2,3269.97,2220.017,80867.29,9917.469436,27539.556
2018-05-24,10.168065637627773,4245.068,5156.996769,5624.366,3263.91,2209.39,80122.31,9947.867944000001,27543.029905
2018-05-25,10.17056525320347,4246.099,5144.84291,5599.971,3251.85,2206.63,78897.66,9942.107022,27210.815472
2018-05-28,10.173065483259665,4247.121,5134.622556,5588.751,3236.72,2184.686,75355.84,10163.623284,26945.83504
2018-05-29,10.175566327947413,4248.148,5114.223031,5564.757,3226.77,2203.588,76071.98,10021.342416000001,27947.737424
2018-05-30,10.178067787417811,4249.17,5121.86341,5576.807,3237.03,2214.105,76753.62,10143.940839,27323.222514
2018-06-01,10.180569861821992,4250.219,5133.209737,5588.023,3252.23,2211.671,77239.75,10298.852382,28011.272613999998
2018-06-04,10.183072551311122,4251.243,5139.610297,5583.385,3261.53,2211.556,78596.06,10287.852211,28186.266381
2018-06-05,10.18557585603641,4252.285,5097.634166,5533.784,3248.4,2209.887,76641.73,10470.454080000001,29061.642722999997
2018-06-06,10.188079776149099,4253.315,5076.739034,5515.377,3245.93,2195.047,76117.23,10677.151555,29344.287116
2018-06-07,10.19058431180047,4254.345,5024.32967,5466.595,3223.62,2161.648,73851.47,10816.355591,29907.172258000002
2018-06-08,10.193089463141838,4255.382,5057.310593,5506.464,3221.39,2142.986,72942.07,10307.700173000001,28360.817148
2018-06-11,10.195595230324562,4256.423,5046.362661,5503.831,3225.92,2139.1,72307.77,10325.1148,25092.367146
2018-06-12,10.198101613500032,4257.511,5037.509355,5505.3,3230.51,2136.04,72754.13,10365.131205,24292.198827
2018-06-13,10.200608612819678,4258.585,5012.577944,5491.928,3229.9,2127.602,72122.13,10329.784608,23300.788736
2018-06-14,10.203116228434967,4259.647,4964.084203,5440.854,3220.83,2118.499,71421.2,10591.826433999999,25347.311948
2018-06-15,10.205624460497402,4260.713,5004.487524,5496.334,3221.4,2106.211,70757.73,10366.74197,24234.179115
2018-06-18,10.208133309158525,4261.78,5022.627725,5501.682,3222.49,2090.172,69814.73,10393.24125,25208.12985
2018-06-19,10.210642774569914,4262.851,5058.971672,5542.089,3231.17,2085.239,71394.34,10351.148471,25087.144136
2018-06-20,10.213152856883186,4263.915,5049.536292,5533.49,3237.12,2089.3,72123.41,10438.607772000001,25457.487969
2018-06-21,10.215663556249993,4264.983,5038.18367,5518.209,3232.83,2091.36,70074.9,10364.945344000002,25328.370218
2018-06-22,10.218174872822024,4266.046,5036.70305,5513.355,3235.35,2094.499,70640.65,10428.873728,22979.311264
2018-06-25,10.220686806751008,4267.102,5061.962014,5529.695,3235.9,2093.83,70952.97,10255.580715000002,23593.682345
2018-06-26,10.22319935818871,4268.155,5088.809207,5539.688,3240.87,2101.82,71404.59,10352.801813999999,23501.977116000002
2018-06-27,10.225712527286932,4269.2,5072.686381,5518.631,3240.52,2109.27,70609.0,10427.050912,23657.045504
2018-06-28,10.228226314197514,4270.245,5098.507582,5546.718,3248.89,2110.91,71766.52,10486.314755,23336.413660000002
2018-06-29,10.230740719072331,4271.302,5105.406738,5558.957,3253.77,2125.22,72762.51,10537.761305,22869.95446
2018-07-02,10.2332557420633,4272.361,5120.24316,5572.172,3258.59,2132.78,72839.74,10664.980823,25892.845113000003
2018-07-03,10.23577138332237,4273.418,5111.168538,5577.563,3261.02,2144.41,73667.75,10574.503628,25776.857964
2018-07-04,10.23828764300153,4274.477,5118.847551,5594.629,3267.26,2139.65,74743.11,10618.729114,26167.898351
2018-07-05,10.240804521252809,4275.535,5103.257496,5587.575,3267.33,2149.03,74553.06,10760.35052,25588.19776
2018-07-06,10.243322018228268,4276.593,5131.297567,5606.75,3266.36,2153.8,75010.39,10660.908678,25382.188803999998
2018-07-09,10.245840134080007,4277.648,5133.523569,5611.165,3268.17,2153.8,75010.39,10781.698325000001,25929.717849999997
2018-07-10,10.248358868960167,4278.685,5157.887384,5636.514,3265.04,2148.73,74862.38,10657.661448,24367.655101
2018-07-11,10.250878223020923,4279.75,5145.618064,5618.345,3266.21,2155.62,74398.55,10752.933726,24630.746697
2018-07-12,10.253398196414487,4280.8,5124.901253,5604.952,3269.87,2143.88,75856.22,10859.883661,23956.601655
2018-07-13,10.25591878929311,4281.855,5140.791461,5619.808,3271.03,2146.83,76594.35,10790.085858,23824.268913999997
2018-07-16,10.258440001809081,4282.917,5146.859743,5614.78,3274.84,2139.57,76652.58,10803.059172,25717.405740000002
2018-07-17,10.260961834114724,4283.972,5158.748858,5623.09,3280.57,2147.81,78130.3,10784.73863,28075.5204
2018-07-18,10.263484286362404,4285.026,5154.293518,5623.196,3277.6,2147.96,77362.63,10837.884504,28240.040720000005
2018-07-19,10.266007358704519,4286.083,5158.778197,5632.284,3279.73,2150.28,77486.84,10744.842537,28423.763379
2018-07-20,10.268531051293508,4287.141,5179.563609,5670.699,3285.96,2155.23,78571.29,10557.29544,27698.831759999997
2018-07-23,10.271055364281846,4288.197,5175.47669,5661.831,3286.17,2153.39,77996.12,10618.805339999999,29139.995039999998
2018-07-24,10.273580297822047,4289.255,5185.803038,5670.06,3290.86,2151.14,79154.98,10573.115520000001,30841.565039999998
2018-07-25,10.27610585206666,4290.309,5202.092358,5692.206,3295.04,2152.69,80218.04,10503.705942,30175.637310000002
2018-07-26,10.278632027168273,4291.367,5200.123802,5681.335,3289.31,2146.88,79405.34,10632.171424,30495.660937
2018-07-27,10.28115882327951,4292.427,5206.577875,5690.841,3289.21,2144.93,79866.1,10463.741722,30532.467952000003
2018-07-30,10.283686240553036,4293.49,5206.602701,5690.347,3290.86,2145.7,80275.59,10452.85722,30382.732952
2018-07-31,10.28621427914155,4294.551,5203.454378,5687.661,3288.65,2154.44,79220.43,10581.928046,28892.264282
2018-08-01,10.28874293919779,4295.61,5208.675955,5692.668,3293.73,2148.86,79301.65,10550.944008,28060.607169
2018-08-02,10.291272220874532,4296.669,5206.855427,5693.092,3294.76,2150.57,79636.69,10600.944112,28296.468888
2018-08-03,10.29380212432459,4297.733,5221.407097,5717.413,3298.86,2154.21,81434.98,10530.31359,27392.421491999998
2018-08-06,10.29633264970081,4298.796,5224.602454,5722.422,3299.79,2154.61,81050.76,10650.23456,25855.290176000002
2018-08-07,10.298863797156084,4299.86,5203.692228,5705.061,3295.23,2152.16,80346.52,10725.761934999999,25807.418848
2018-08-08,10.301395566843338,4300.924,5199.450692,5705.408,3293.44,2152.58,79151.7,10779.2444,23827.346799999996
2018-08-09,10.303927958915533,4301.988,5181.296688,5686.859,3290.96,2152.58,78767.99,10845.030789999999,24732.399835
2018-08-10,10.306460973525672,4303.049,5130.951984,5654.692,3278.5,2143.81,76514.35,10941.560704000001,23909.330632
2018-08-13,10.308994610826792,4304.113,5128.537129,5665.584,3285.64,2139.4,77496.45,10959.247347999999,24380.036883999997
2018-08-14,10.311528870971971,4305.175,5179.185476,5726.457,3294.23,2145.1,78602.11,10982.409316000001,23489.770846000003
2018-08-15,10.31406375411432,4306.237,5181.975398,5744.806,3289.7,2140.86,77077.99,11004.889339,24891.954889
2018-08-16,10.316599260406994,4307.304,5175.950265,5745.167,3288.2,2152.38,76818.72,11098.291761,24438.05019
2018-08-17,10.31913539000318,4308.368,5174.275112,5740.706,3287.04,2149.2,76028.5,11145.148352,25342.71584
2018-08-20,10.321672143056103,4309.438,5158.438465,5720.79,3289.05,2142.42,76327.89,11342.774205,25627.868922
2018-08-21,10.32420951971903,4310.507,5115.576525,5657.67,3283.16,2144.55,75180.4,11590.120968000001,26119.064838
2018-08-22,10.326747520145261,4311.575,5136.407744,5696.282,3292.61,2142.25,76902.3,11571.196806000002,25598.657929
2018-08-23,10.329286144488137,4312.643,5114.811649,5671.927,3290.02,2131.27,75633.77,11752.187230000001,26403.199045
2018-08-24,10.331825392901035,4313.708,5129.032553,5685.911,3291.04,2131.18,76262.23,11797.72776,27133.349759999997
2018-08-27,10.33436526553737,4314.776,5140.813498,5702.82,3296.62,2134.76,77929.68,11822.754636,27423.089856000002
2018-08-28,10.336905762550597,4315.844,5131.978465,5687.972,3298.22,2136.4,77473.18,11988.489,29307.81575
2018-08-29,10.339446884094203,4316.912,5140.121826,5687.91,3303.14,2134.69,78388.83,11965.922452,28916.769915
2018-08-30,10.341988630321719,4317.984,5094.319431,5650.495,3296.24,2136.18,76404.09,12037.368596000002,28698.688656000006
2018-08-31,10.34453100138671,4319.051,5120.424187,5662.198,3290.93,2139.39,76677.53,11762.76208,28558.8084
2018-09-03,10.347073997442779,4320.125,5096.961595,5637.722,3293.08,2135.47,76192.73,12065.100464,30348.996938
2018-09-04,10.349617618643569,4321.203,5079.584535,5616.815,3289.51,2135.24,74711.8,12051.803559999998,30627.811984999997
2018-09-05,10.352161865142758,4322.272,5083.661208,5611.086,3288.78,2135.83,75092.27,11976.424459999998,28811.290361
2018-09-06,10.354706737094064,4323.339,5110.038297,5628.19,3290.28,2135.75,76416.01,11681.141535,26138.920914000002
2018-09-10,10.357252234651243,4324.413,5126.845954,5629.359,3293.32,2131.93,76436.35,11758.254884000002,25753.501484
2018-09-11,10.359798357968087,4325.495,5121.285656,5617.833,3294.1,2126.87,74656.51,11993.984747999999,25970.9979
2018-09-12,10.362345107198426,4326.574,5133.421397,5637.984,3291.98,2134.39,75124.81,12022.818363999999,26241.474499
2018-09-13,10.364892482496128,4327.655,5106.458526,5620.025,3291.48,2137.97,74686.67,12217.88526,27208.64629
2018-09-14,10.367440484015098,4328.731,5122.759976,5629.601,3293.08,2132.51,75429.09,12125.677018,27277.785241
2018-09-17,10.369989111909282,4329.807,5143.191731,5650.893,3299.25,2134.07,76788.85,11943.16584,25698.850143
2018-09-18,10.372538366332662,4330.875,5156.840506,5651.89,3303.31,2137.16,78313.96,12092.094685,26303.74395
2018-09-19,10.375088247439257,4331.952,5162.903332,5645.568,3300.12,2141.6,78168.66,12006.053165,26521.984347000005
2018-09-20,10.377638755383124,4333.023,5169.278213,5647.238,3298.77,2142.5,78116.01,11949.253900000002,26001.160612000003
2018-09-21,10.38018989031836,4334.092,5190.088296,5664.812,3301.96,2141.79,79444.29,11861.940863,27162.814940999997
2018-09-24,10.382741652399096,4335.161,5183.512863,5651.871,3303.35,2141.54,77984.18,11940.515236999998,27102.188728999998
2018-09-25,10.385294041779504,4336.247,5186.361808,5648.258,3307.11,2135.01,78630.14,11883.822559999999,26031.7816
2018-09-26,10.387847058613794,4337.322,5205.583075,5653.626,3302.46,2129.03,78656.16,11724.135965000001,26215.051340000005
2018-09-27,10.390400703056212,4338.399,5217.78116,5664.62,3305.53,2128.82,80000.09,11693.299200000001,26862.004224000004
2018-09-28,10.392954975261043,4339.466,5201.074761,5653.74,3306.29,2134.8,79342.42,11799.579214,26901.200606
2018-10-01,10.395513720775954,4340.551,5213.906593,5658.76,3297.07,2128.38,78623.66,11753.049833000001,26322.726122
2018-10-02,10.39807309625401,4341.626,5238.557818,5689.132,3303.19,2133.45,81612.28,11520.068258,25709.65658
2018-10-03,10.400633101850309,4342.714,5250.259587,5728.498,3315.32,2145.82,83273.4,11415.925122,25123.963502
2018-10-04,10.403193737719985,4343.797,5259.743504,5761.179,3319.66,2141.89,82952.81,11241.707623,25361.206543
2018-10-05,10.405755004018213,4344.876,5250.371876,5753.892,3319.41,2153.1,82321.52,11078.568901,25105.336272
2018-10-08,10.408316900900203,4345.959,5330.422254,5864.767,3343.4,2159.5,86083.91,10900.837855999998,25029.679392000002
2018-10-09,10.410879428521206,4347.038,5364.353442,5916.898,3348.16,2172.49,86087.55,10701.039168,24445.384415999997
2018-10-10,10.413442587036508,4348.121,5350.531134,5905.332,3338.25,2174.2,83679.11,10464.128352,24545.745032000003
2018-10-11,10.416006376601437,4349.203,5345.936681,5907.145,3332.16,2176.07,82921.08,10315.96697,23458.57173
2018-10-15,10.418570797371357,4350.283,5380.090621,5945.485,3333.42,2188.25,83359.76,10276.676361,23875.01613
2018-10-16,10.42113584950167,4351.366,5405.160437,5983.605,3348.51,2187.12,85717.56,10466.390016000001,24063.660672
2018-10-17,10.423701533147819,4352.441,5422.764829,6016.573,3351.45,2189.13,85763.95,10359.242796,23740.21566
2018-10-18,10.426267848465281,4353.52,5403.083744,5993.828,3341.55,2188.42,83847.12,10303.737892000001,23788.007508000002
2018-10-19,10.428834795609575,4354.592,5401.590314,5991.675,3342.93,2192.19,84219.74,10281.749144000001,23716.657676
2018-10-22,10.431402374736255,4355.668,5434.934184,6029.892,3355.6,2200.88,85596.69,10160.92956,23646.648240000002
2018-10-23,10.433970586000916,4356.747,5440.496238,6032.363,3353.45,2206.57,85300.03,10125.205136,23610.097631999997
2018-10-24,10.43653942955919,4357.825,5427.153929,6015.67,3339.81,2207.33,83063.56,9919.20545,23996.440545
2018-10-25,10.439108905566748,4358.899,5422.827352,6015.604,3348.94,2213.85,84083.51,10024.13685,23713.6302
2018-10-26,10.4416790141793,4359.967,5453.486165,6060.873,3362.76,2220.24,85719.87,9683.214849,23316.687779
2018-10-29,10.444249755552592,4361.038,5459.342207,6050.306,3346.94,2223.37,83796.71,9823.865249999999,23221.925123999998
2018-10-30,10.44682112984241,4362.122,5473.503976,6054.167,3366.57,2233.99,86885.71,9918.219636,23163.956244
2018-10-31,10.449393137204579,4363.201,5471.532817,6057.381,3372.43,2242.44,87423.55,10094.180976,23460.05376
2018-11-01,10.45196577779496,4364.274,5477.003337,6067.027,3374.56,2250.62,88419.05,10138.820926,23439.564928
2018-11-05,10.454539051769455,4365.354,5480.345466,6068.725,3381.19,2251.56,89598.16,10210.062666,23866.619456
2018-11-06,10.457112959284002,4366.431,5477.058331,6070.725,3372.69,2249.32,88668.92,10370.136075,24165.245325
2018-11-07,10.459687500494578,4367.508,5473.691667,6059.894,3363.88,2253.28,87714.35,10518.602209,24303.817865
2018-11-08,10.4622626755572,4368.584,5459.52141,6048.306,3352.7,2253.85,85620.13,10555.926264,24142.4556
2018-11-09,10.464838484627924,4369.662,5462.629668,6046.243,3355.01,2260.27,85641.21,10374.001603,23598.62386
2018-11-12,10.46741492786284,4370.728,5465.362637,6040.914,3354.61,2262.1,85524.7,10263.945677999998,23756.368404
2018-11-13,10.469992005418082,4371.803,5464.396551,6029.65,3347.69,2259.91,84914.11,10372.322454,23931.503621999997
2018-11-14,10.472569717449817,4372.884,5479.652277,6057.318,3356.67,2272.16,85973.06,10224.939984,21009.651888000004
2018-11-16,10.475148064114254,4373.958,5511.648263,6094.634,3372.75,2277.63,88515.27,10230.91353,20383.98108
2018-11-19,10.47772704556764,4375.038,5505.147551,6089.447,3369.93,2283.02,87900.83,10116.606654,17992.71089
2018-11-20,10.48030666196626,4376.117,5506.951063,6090.385,3371.2,2283.02,87900.83,9945.394905,16329.196360000002
2018-11-21,10.482886913466437,4377.2,5522.049497,6112.816,3365.97,2279.64,87268.8,10063.109175,16900.46995
2018-11-22,10.485467800224534,4378.281,5524.741207,6126.901,3370.37,2283.02,87477.44,10080.333719999999,16843.46532
2018-11-23,10.48804932239695,4379.365,5537.816929,6133.655,3364.17,2283.67,86230.22,10077.43968,16309.461959999999
2018-11-26,10.490631480140125,4380.44,5511.053535,6089.438,3352.78,2288.07,85546.51,10516.550265,14412.447408
2018-11-27,10.493214273610537,4381.523,5510.496298,6086.766,3367.67,2287.26,87891.18,10399.309524,14606.846964
2018-11-28,10.495797702964701,4382.606,5527.681182,6102.441,3374.35,2290.53,89250.82,10575.664176,16269.499488000001
2018-11-29,10.498381768359172,4383.686,5525.671936,6106.142,3375.41,2300.05,89709.56,10547.2204,16117.280475000001
2018-11-30,10.500966469950543,4384.771,5532.861727,6112.167,3375.97,2300.47,89504.03,10671.645271,15196.028194
2018-12-03,10.503551807895445,4385.851,5534.404345,6112.4,3377.81,2302.09,89820.09,10728.135538999999,14882.718358999999
2018-12-04,10.50613778235055,4386.936,5519.142154,6095.302,3365.15,2293.69,88624.45,10393.340957999999,15004.686879
2018-12-05,10.508724393472566,4388.018,5526.991508,6101.743,3369.46,2294.95,89039.79,10436.811924,14392.932862000001
2018-12-06,10.511311641418239,4389.099,5536.464437,6108.736,3364.5,2294.6,88846.48,10465.947494999999,13961.623260999999
2018-12-07,10.513899526344357,4390.177,5546.528708,6109.792,3358.69,2296.02,88115.07,10289.813332,13243.521389
2018-12-10,10.516488048407744,4391.26,5538.899395,6098.926,3343.62,2295.93,85914.71,10347.511787999998,13341.469068
2018-12-11,10.519077207765264,4392.347,5542.760513,6102.547,3347.22,2298.55,86419.57,10284.233034,13158.754134
2018-12-12,10.521667004573816,4393.429,5560.701856,6121.218,3355.41,2293.65,86977.46,10214.837817000001,13255.357558
2018-12-13,10.524257438990343,4394.514,5588.616388,6138.427,3363.53,2299.14,87837.59,10312.986085999999,12664.140228999999
2018-12-14,10.526848511171824,4395.594,5606.939596,6149.516,3362.96,2305.38,87449.5,10174.904325,12354.489015
2018-12-17,10.529440221275276,4396.683,5612.873031,6148.898,3355.31,2305.48,86399.68,9934.257880000001,13632.222300000001
2018-12-18,10.532032569457755,4397.771,5604.88128,6146.816,3356.01,2310.13,86610.49,9953.448671999999,13819.725655999999
2018-12-19,10.534625555876357,4398.856,5621.449162,6167.919,3355.97,2310.03,85673.52,9765.110592,14290.90452
2018-12-20,10.537219180688215,4399.944,5633.579191,6185.202,3356.98,2311.47,85269.29,9485.255964,15352.120235999999
2018-12-21,10.539813444050502,4401.027,5638.068792,6184.035,3357.51,2330.07,85697.15,9424.818,15009.539999999999
2018-12-24,10.542408346120428,4402.111,5640.199477,6185.411,3357.91,2330.07,85697.15,9151.421639999999,15818.480056
2018-12-26,10.545003887055245,4403.197,5637.192112,6185.045,3356.13,2332.13,85136.1,9693.37237,14830.462988000001
2018-12-27,10.547600067012239,4404.285,5644.860956,6196.37,3360.03,2344.93,85460.2,9646.456197,13896.768137
2018-12-28,10.550196886148738,4405.372,5648.871295,6211.616,3375.75,2351.59,87887.26,9636.468257999999,15088.659137999999
2019-01-02,10.552794344622109,4407.547,5681.577962,6240.024,3401.11,2367.75,91012.31,9502.722577,14708.145782
2019-01-03,10.555392442589756,4408.635,5683.417016,6269.792,3410.88,2379.18,91564.25,9202.597666,14266.622248
2019-01-04,10.557991180209124,4409.722,5680.148658,6302.765,3414.74,2385.09,91840.79,9407.42307,14243.480715000002
2019-01-07,10.560590557637692,4410.809,5665.445269,6301.332,3410.36,2389.29,91699.05,9517.227863,14950.732618
2019-01-08,10.563190575032984,4411.896,5673.973139,6309.586,3413.41,2390.14,92031.86,9561.101299,14857.159838000001
2019-01-09,10.565791232552558,4412.989,5679.78229,6352.211,3425.43,2392.56,93613.04,9514.720768000001,14737.886392
2019-01-10,10.568392530354012,4414.079,5666.821804,6357.363,3423.91,2387.97,93805.93,9638.208352,13477.026148
2019-01-11,10.570994468594986,4415.168,5670.262923,6363.236,3422.05,2388.43,93658.31,9641.471136,13551.743391999998
2019-01-14,10.573597047433156,4416.256,5681.399297,6389.072,3429.47,2388.02,94474.13,9549.458736,13546.490384
2019-01-15,10.576200267026234,4417.346,5672.010699,6385.115,3426.26,2386.34,94055.72,9710.316,13274.7456
2019-01-16,10.578804127531976,4418.435,5672.296877,6390.059,3429.22,2390.76,94393.07,9775.84248,13465.521432
2019-01-17,10.581408629108175,4419.523,5679.110998,6395.62,3436.47,2390.51,95351.09,9874.30616,13578.57572
2019-01-18,10.584013771912662,4420.615,5685.061805,6399.401,3438.33,2398.21,96096.75,10026.913624,13562.357016
2019-01-21,10.586619556103308,4421.706,5691.046249,6401.465,3439.97,2396.41,96009.77,10042.136671,13239.462504
2019-01-22,10.589225981838021,4422.795,5710.908589,6408.404,3434.78,2395.49,95103.38,10017.39463,13599.976244
2019-01-23,10.59183304927475,4423.889,5721.246859,6420.018,3445.3,2390.37,96558.42,9919.66491,13324.876443000001
2019-01-24,10.594440758571483,4424.979,5715.404833,6411.683,3450.2,2387.98,97677.19,9963.697963999999,13465.262843999999
2019-01-25,10.597049109886244,4426.071,5717.207074,6413.761,3449.02,2387.98,97677.19,10024.827120000002,13387.11462
2019-01-28,10.599658103377099,4427.163,5719.168982,6412.987,3438.36,2380.57,95443.88,9957.003485,12868.914343999999
2019-01-29,10.602267739202151,4428.255,5738.10461,6436.212,3445.38,2392.96,95639.33,9835.848,12671.627298
2019-01-30,10.604878017519544,4429.349,5729.2872,6445.095,3452.17,2398.04,96996.21,9864.65537,12630.055616
2019-01-31,10.607488938487458,4430.442,5762.092585,6484.248,3465.34,2409.69,97393.74,9861.31188,12461.261472
2019-02-01,10.610100502264116,4431.539,5773.730165,6516.036,3466.31,2407.87,97861.27,9897.238904000002,12610.511368000001
2019-02-04,10.612712709007774,4432.632,5771.089257,6507.953,3469.1,2405.57,98588.63,9991.008342,12528.882198000001
2019-02-05,10.615325558876732,4433.723,5768.793822,6494.124,3468.62,2404.14,98311.2,10038.050819999999,12549.30516
2019-02-06,10.617939052029328,4434.817,5763.268748,6471.869,3448.82,2398.71,94635.57,10108.595966,12457.403792000001
2019-02-07,10.620553188623939,4435.913,5749.147896,6450.23,3442.1,2400.83,94405.59,10058.658455,12485.404360999999
2019-02-08,10.62316796881898,4437.007,5730.581128,6413.698,3442.92,2402.61,95343.1,10105.80816,13416.20412
2019-02-11,10.625783392772904,4438.101,5736.168224,6414.463,3434.87,2405.91,94412.91,10177.466840000001,13489.293722
2019-02-12,10.628399460644205,4439.195,5752.716711,6442.673,3449.41,2403.81,96168.4,10188.43776,13275.26272
2019-02-13,10.631016172591417,4440.29,5767.270494,6465.989,3449.28,2403.96,95842.4,10349.190376,13425.682064
2019-02-14,10.63363352877311,4441.387,5779.410726,6488.524,3463.32,2404.01,98015.09,10210.820724,13276.190375999999
2019-02-15,10.636251529347895,4442.481,5796.74415,6529.937,3466.29,2406.91,97525.91,10273.60584,13194.713706
2019-02-18,10.638870174474421,4443.579,5781.454222,6516.189,3461.34,2413.48,96509.89,10367.97624,14389.69465
2019-02-19,10.641489464311379,4444.675,5790.783131,6523.697,3465.91,2413.19,97659.15,10345.710768,14469.949002
2019-02-20,10.644109399017493,4445.771,5773.655024,6500.659,3457.52,2418.26,96544.81,10387.76641,14596.589294000001
2019-02-21,10.646729978751532,4446.867,5774.520154,6501.239,3457.68,2409.82,96932.27,10441.040976,14665.951044
2019-02-22,10.649351203672301,4447.965,5782.371014,6502.409,3463.13,2413.9,97885.6,10464.13449,14769.73725
2019-02-25,10.651973073938647,4449.062,5776.455296,6499.394,3459.46,2403.93,97239.9,10478.701836,14262.128891999999
2019-02-26,10.654595589709452,4450.16,5771.472981,6500.887,3461.08,2409.46,97602.5,10474.05171,14209.043291
2019-02-27,10.657218751143638,4451.261,5782.957752,6518.15,3462.43,2420.88,97307.31,10414.18121,13983.31271
2019-02-28,10.65984255840017,4452.358,5774.613998,6519.686,3457.39,2434.56,95584.35,10460.772031999999,14285.344704000001
2019-03-01,10.662467011638048,4453.458,5769.759208,6518.241,3453.9,2444.36,94603.75,10594.023034,14465.312091999998
2019-03-06,10.665092111016314,4454.558,5764.44065,6515.138,3450.98,2451.68,94216.87,10640.427985,14764.834403
2019-03-07,10.667717856694047,4455.672,5764.908271,6516.083,3448.38,2457.09,94340.17,10654.577787,15005.236778
2019-03-08,10.670344248830366,4456.771,5777.932173,6531.984,3454.71,2460.07,95364.85,10604.160006,14956.161672
2019-03-11,10.67297128758443,4457.873,5797.995673,6568.074,3470.55,2463.5,98026.62,10690.6553,14779.82231
2019-03-12,10.675598973115434,4458.972,5809.217407,6576.461,3472.0,2464.68,97828.03,10639.599328,14732.623673999999
2019-03-13,10.678227305582617,4460.072,5828.944306,6598.634,3479.8,2464.91,98903.88,10729.281640000001,14704.305440000002
2019-03-14,10.680856285145252,4461.171,5816.51477,6594.898,3477.46,2471.0,98604.67,10797.763056,14808.131179
2019-03-15,10.683485911962656,4462.277,5820.247294,6603.396,3480.44,2482.77,99136.74,10766.067712,14866.280703999999
2019-03-18,10.686116186194182,4463.379,5831.77695,6617.346,3486.81,2485.35,99993.92,10741.658598,15057.561123000001
2019-03-19,10.688747107999223,4464.48,5839.712894,6623.662,3486.47,2480.17,99588.37,10732.890987,15124.078977
2019-03-20,10.691378677537214,4465.582,5854.333425,6637.613,3482.55,2483.05,98041.37,10665.139749,15140.961561
2019-03-21,10.694010894967624,4466.69,5846.338894,6619.404,3472.66,2481.88,96729.08,10829.130816,15071.293968
2019-03-22,10.696643760449966,4467.793,5798.587118,6558.219,3448.91,2471.35,93735.15,10940.973614999999,15539.041309999999
2019-03-25,10.699277274143789,4468.895,5817.655463,6562.576,3450.49,2473.97,93662.01,10785.718948,14983.822508
2019-03-26,10.701911436208684,4469.997,5808.62983,6538.956,3455.04,2480.79,95306.82,10922.659884,15162.89004
2019-03-27,10.704546246804279,4471.104,5776.769763,6456.802,3435.26,2474.0,91903.4,11204.64778,16011.86612
2019-03-28,10.707181706090243,4472.208,5815.028025,6546.136,3445.23,2476.54,94388.94,10983.031439999999,15645.97476
2019-03-29,10.709817814226282,4473.312,5812.989444,6557.492,3450.55,2482.92,95414.55,11112.2652,15964.90328
2019-04-01,10.712454571372145,4474.412,5832.622482,6582.527,3455.53,2481.83,96054.45,11041.54869,15891.883189999999
2019-04-02,10.715091977687617,4475.517,5836.830191,6585.144,3455.96,2482.52,95386.76,11049.482788,18507.278639
2019-04-03,10.717730033332526,4476.621,5826.483507,6565.166,3451.66,2486.18,94491.48,11123.21874,20501.3456
2019-04-04,10.720368738466734,4477.729,5831.686958,6571.015,3456.6,2485.93,96313.06,11110.990131999999,18703.79654
2019-04-05,10.723008093250145,4478.833,5836.923962,6583.694,3457.46,2484.62,97108.17,11205.02839,19363.665235
2019-04-08,10.725648097842704,4479.939,5832.368082,6576.364,3456.75,2480.4,97369.29,11151.320693,20228.354101
2019-04-09,10.728288752404394,4481.051,5825.239162,6555.771,3451.45,2481.74,96291.79,11082.5091,20099.91804
2019-04-10,10.730930057095236,4482.157,5838.715072,6571.717,3454.53,2481.79,95953.45,11047.692071,20284.199292
2019-04-11,10.733572012075294,4483.26,5828.289466,6564.488,3448.57,2486.53,94754.7,11150.070528,19510.577412
2019-04-12,10.736214617504668,4484.367,5824.189025,6556.239,3441.68,2483.05,92875.0,11285.402656,19573.123264
2019-04-15,10.738857873543498,4485.48,5835.301716,6561.524,3441.78,2487.86,93082.97,11251.277434,19444.870619
2019-04-16,10.741501780351966,4486.591,5834.445314,6559.507,3443.8,2483.87,94333.31,11351.778594,20246.984598000003
2019-04-17,10.744146338090289,4487.699,5827.042142,6556.779,3442.35,2486.97,93284.75,11430.093359999999,20575.941408
2019-04-18,10.746791546918727,4488.807,5845.217013,6574.697,3452.15,2492.38,94578.26,11408.343313,20847.285246999996
2019-04-22,10.749437406997579,4489.917,5849.776062,6583.46,3453.19,2491.7,94588.06,11446.642311,21121.752807
2019-04-23,10.752083918487182,4491.03,5863.091883,6616.612,3461.68,2493.87,95923.24,11504.719488,21882.802512
2019-04-24,10.754731081547915,4492.129,5849.423554,6611.931,3458.64,2492.85,95045.43,11686.167449999999,21700.840682000002
2019-04-25,10.757378896340192,4493.24,5848.416775,6628.701,3467.48,2491.3,96552.03,11558.664117,21706.510518
2019-04-26,10.760027363024472,4494.351,5847.771788,6640.917,3466.45,2498.02,96236.04,11558.13822,20040.899880000004
2019-04-29,10.762676481761249,4495.458,5845.654696,6636.501,3465.96,2498.43,96187.75,11604.661593,20226.841208
2019-04-30,10.76532625271106,4496.57,5850.536677,6656.203,3468.43,2508.45,96353.33,11550.599429999998,20537.68827
2019-05-02,10.767976676034477,4497.679,5850.400723,6654.309,3465.48,2503.68,95527.62,11570.884320000001,21438.054360000002
2019-05-03,10.770627751892118,4498.793,5868.011103,6679.168,3471.48,2505.47,96007.89,11599.93032,22403.478900000002
2019-05-06,10.773279480444634,4499.905,5869.599418,6679.047,3470.29,2496.26,95008.66,11641.026159,22603.273315
2019-05-07,10.77593186185272,4501.015,5868.450598,6674.91,3470.76,2496.06,94388.73,11451.120525,23206.103415
2019-05-08,10.77858489627711,4502.129,5882.186287,6696.579,3475.74,2496.46,95596.61,11312.089412,23181.372162
2019-05-09,10.781238583878574,4503.243,5892.047044,6714.977,3476.77,2493.3,94807.85,11331.305983999999,24001.817984
2019-05-10,10.783892924817925,4504.355,5904.938434,6734.698,3473.98,2491.99,94257.56,11392.19118,24874.031421
2019-05-13,10.786547919256016,4505.465,5897.147626,6724.003,3465.77,2484.23,91726.54,11229.765218999999,31407.974406
2019-05-14,10.789203567353738,4506.578,5910.904384,6749.77,3466.3,2488.87,92092.44,11270.181042,30695.985666
2019-05-15,10.791859869272022,4507.692,5910.443991,6746.832,3465.94,2491.04,91623.44,11408.686631999999,32698.170818999995
2019-05-16,10.794516825171838,4508.804,5895.073668,6721.37,3457.25,2496.88,90024.47,11634.426768000001,31050.715299000003
2019-05-17,10.797174435214197,4509.919,5870.392596,6688.471,3454.72,2497.36,89992.73,11721.499423000001,29129.475321
2019-05-20,10.799832699560147,4511.035,5888.342299,6713.368,3462.51,2497.66,91946.19,11635.286218,32801.394268
2019-05-21,10.80249161837078,4512.15,5912.51672,6742.734,3472.72,2503.36,94484.63,11569.722912000001,32661.698256000003
2019-05-22,10.805151191807225,4513.265,5919.734143,6752.669,3472.85,2509.97,94360.66,11539.902053999998,31644.704891999998
2019-05-23,10.80781142003065,4514.379,5929.362983,6756.521,3474.52,2510.46,93910.03,11404.107391999998,31835.281168
2019-05-24,10.810472303202262,4515.492,5932.525738,6760.461,3473.72,2517.57,93627.8,11368.391562,32633.590572
2019-05-27,10.813133841483312,4516.607,5942.58132,6773.928,3478.96,2519.2,94864.25,11423.499732,35388.005808
2019-05-28,10.815796035035087,4517.722,5973.882831,6818.51,3491.5,2522.48,96392.76,11280.460466999999,34970.961087
2019-05-29,10.818458884018913,4518.836,5984.343744,6855.875,3494.91,2528.64,96566.55,11057.495063999999,34353.67782
2019-05-30,10.821122388596159,4519.952,5992.858929,6882.198,3498.04,2543.76,97457.36,11105.240520000001,33701.57736
2019-05-31,10.823786548928233,4521.068,6004.94978,6900.086,3500.7,2552.69,97030.32,10796.881792,33360.460415999994
2019-06-03,10.82645136517658,4522.192,6028.653801,6926.188,3501.03,2557.0,97020.48,10666.03048,33252.465904000004
2019-06-04,10.829116837502687,4523.311,6047.624079,6938.517,3503.99,2557.3,97380.28,10811.651736,29509.842384
2019-06-05,10.831782966068081,4524.426,6025.935134,6908.316,3496.92,2558.86,95998.75,10968.85338,30012.853856
2019-06-06,10.834449751034327,4525.544,6052.632538,6933.706,3504.11,2560.6,97204.85,11036.153388,29848.795532
2019-06-07,10.837117192563033,4526.664,6073.440505,6959.305,3510.63,2567.99,97821.26,11147.12253,30642.735085
2019-06-10,10.839785290815843,4527.778,6081.124735,6967.966,3510.43,2565.06,97466.69,11225.915624,30890.527248
2019-06-11,10.842454045954444,4528.895,6095.986289,6986.803,3518.93,2560.29,98960.0,11132.819188,30579.104244
2019-06-12,10.84512345814056,4530.013,6088.998173,6968.439,3516.54,2559.73,98320.88,11137.493216,31405.028329999997
2019-06-13,10.847793527535954,4531.132,6107.798385,6982.305,3525.65,2559.06,98773.7,11130.211524,31797.607555
2019-06-14,10.850464254302434,4532.249,6117.988426,6988.264,3526.71,2561.24,98040.06,11249.694966000001,32938.142661
2019-06-17,10.853135638601843,4533.368,6113.654996,6999.879,3523.26,2563.84,97623.25,11238.215597,36063.857646
2019-06-18,10.855807680596069,4534.488,6120.365181,7019.714,3529.37,2573.35,99404.39,11264.26565,35229.287604
2019-06-19,10.858480380447032,4535.606,6128.815068,7031.291,3535.22,2580.49,100303.4,11236.143170000001,35197.733165000005
2019-06-21,10.8611537383167,4536.727,6169.699471,7104.733,3550.18,2592.55,102012.6,11275.477936000001,37985.977896
2019-06-24,10.863827754367074,4537.846,6167.580297,7118.652,3551.32,2598.1,102062.3,11267.14189,41531.181926000005
2019-06-25,10.866502428760201,4538.965,6154.904298,7100.094,3538.83,2598.14,100093.0,11229.579096000001,43750.931008
2019-06-26,10.869177761658163,4540.085,6159.738577,7113.917,3539.32,2604.72,100688.63,11200.861698,48949.654611
2019-06-27,10.871853753223084,4541.207,6164.989142,7126.776,3543.3,2609.38,100723.97,11172.316924,40817.848958
2019-06-28,10.874530403617127,4542.329,6183.688635,7157.767,3553.65,2626.1,100967.2,11325.481824,47017.67373
2019-07-01,10.877207713002498,4543.45,6194.182582,7172.413,3553.04,2628.59,101339.7,11385.991530000001,40260.82426
2019-07-02,10.87988568154144,4544.569,6185.764295,7154.491,3548.42,2630.89,100605.2,11440.737082,41233.001216
2019-07-03,10.882564309396237,4545.689,6202.162331,7170.438,3558.97,2639.02,102043.1,11472.492690000001,43572.931785
2019-07-04,10.885243596729211,4546.812,6215.740516,7183.035,3558.97,2634.87,103636.2,11390.407222,44567.227653999995
2019-07-05,10.887923543702726,4547.931,6219.743107,7176.052,3576.12,2641.22,104089.5,11428.449896999999,42168.6378
2019-07-08,10.890604150479186,4549.054,6233.772144,7198.362,3585.51,2637.88,104530.2,11329.739245,46473.65041
2019-07-09,10.893285417221035,4550.175,6235.271751,7199.129,3586.05,2637.88,104530.2,11295.77733,47015.52707999999
2019-07-10,10.895967344090757,4551.298,6251.162228,7229.59,3586.05,2628.66,105817.1,11236.882701,44221.14884
2019-07-11,10.898649931250873,4552.421,6253.812332,7233.058,3586.05,2625.4,105146.4,11263.762077,41850.149029
2019-07-12,10.901333178863947,4553.545,6251.432839,7224.147,3586.05,2624.18,103906.0,11262.157113,44496.613584
2019-07-15,10.904017087092583,4554.669,6255.993368,7227.252,3586.05,2620.09,103802.7,11324.725100000001,40658.21643
2019-07-16,10.906701656099427,4555.792,6247.23268,7214.768,3586.05,2623.53,103775.4,11323.428376,36167.58147
2019-07-17,10.90938688604716,4556.918,6248.50265,7215.908,3591.38,2628.5,103855.5,11236.3413,36471.51735
2019-07-18,10.912072777098507,4558.042,6255.046495,7219.893,3597.59,2628.92,104716.6,11146.301865,39510.71891999999
2019-07-19,10.91475932941623,4559.164,6253.154462,7221.97,3591.67,2624.71,103451.9,11159.906212,39477.276384000004
2019-07-22,10.917446543163132,4560.289,6257.142175,7230.231,3593.35,2621.86,103949.5,11165.803218000001,38611.707598
2019-07-23,10.92013441850206,4561.414,6268.890234,7253.667,3591.51,2626.85,103704.3,11345.348703,38307.420957
2019-07-24,10.922822955595898,4562.539,6275.494622,7265.573,3594.15,2628.58,104119.5,11400.34878,36515.541105
2019-07-25,10.925512154607565,4563.667,6263.91867,7253.041,3584.45,2625.78,102654.6,11351.469664,37316.00975999999
2019-07-26,10.92820201570003,4564.792,6271.287699,7264.418,3587.89,2633.75,102818.9,11430.18615,37148.803824999995
2019-07-29,10.930892539036297,4565.925,6275.807359,7265.626,3590.73,2644.17,103482.6,11424.704345999999,35989.915698000004
2019-07-30,10.933583724779409,4567.054,6278.448447,7265.442,3590.33,2650.15,102932.8,11422.362744,36170.48682
2019-07-31,10.93627557309245,4568.186,6268.484227,7249.905,3583.69,2659.55,101812.1,11369.553624,38249.511828
2019-08-01,10.938763685148084,4569.309,6272.799034,7253.472,3598.05,2653.18,102125.9,11342.851824,39986.129587999996
2019-08-02,10.941252363274092,4570.349,6270.565926,7254.68,3601.69,2661.5,102673.7,11404.208475000001,40448.38851
2019-08-05,10.94374160759926,4571.403,6241.814309,7223.381,3588.68,2647.27,100097.8,11314.384402,46628.632237000005
2019-08-06,10.946231418252406,4572.46,6264.33615,7265.842,3602.24,2649.55,102163.7,11416.996386,46128.861738
2019-08-07,10.948721795362372,4573.518,6275.187212,7293.808,3606.34,2653.35,102782.4,11451.130988,47106.285162
2019-08-08,10.951212739058034,4574.572,6282.237843,7318.531,3617.72,2650.85,104115.2,11516.725182,45453.138444000004
2019-08-09,10.953704249468297,4575.62,6281.843248,7319.802,3624.53,2638.89,103996.2,11504.73457,46767.998534
2019-08-12,10.956196326722093,4576.665,6278.458834,7300.978,3610.34,2629.19,101915.2,11490.301875000001,45496.256195
2019-08-13,10.958688970948385,4577.72,6284.221322,7300.843,3610.55,2635.88,103299.5,11609.004072,43170.497922999995
2019-08-14,10.961182182276165,4578.775,6268.686684,7284.056,3610.55,2629.32,100258.0,11510.1112,41215.3232
2019-08-15,10.963675960834454,4579.821,6271.02545,7289.028,3592.43,2627.05,99056.91,11369.043,41413.0846
2019-08-16,10.966170306752304,4580.873,6286.553192,7309.01,3596.68,2637.13,99805.78,11571.763211999998,41642.93285999999
2019-08-19,10.968665220158792,4581.923,6277.862101,7297.928,3591.12,2633.37,99468.67,11912.411924999999,43510.974324999996
2019-08-20,10.971160701183031,4582.969,6278.040508,7290.714,3591.86,2623.98,99222.25,11763.018305000001,43421.062405
2019-08-21,10.973656749954158,4584.016,6297.171396,7308.0,3604.7,2625.5,101201.9,11776.67961,40894.950130000005
2019-08-22,10.97615336660134,4585.063,6292.836867,7302.062,3601.78,2626.34,100011.3,11900.206334999999,41457.070788
2019-08-23,10.978650551253775,4586.111,6283.182581,7288.949,3592.65,2627.45,97667.49,11736.641553000001,42713.293896
2019-08-26,10.98114830404069,4587.157,6261.001569,7257.6,3577.37,2621.43,96429.6,11965.137822,42673.613037
2019-08-27,10.983646625091342,4588.207,6250.233067,7230.082,3582.55,2624.23,97276.19,11851.065379999998,41895.99193999999
2019-08-28,10.986145514535018,4589.254,6235.248334,7184.902,3582.03,2632.17,98193.53,12037.511508,40304.20149
2019-08-29,10.98864497250103,4590.302,6244.148232,7176.343,3590.8,2639.44,100524.4,12197.253348,39729.260718000005
2019-08-30,10.991144999118724,4591.349,6267.901766,7220.769,3602.48,2656.69,101134.6,12131.054638,39903.403954
2019-09-02,10.993645594517472,4592.395,6257.368932,7200.689,3602.48,2656.72,100625.7,12256.01448,43592.34756
2019-09-03,10.996146758826681,4593.441,6274.313889,7222.039,3598.71,2657.43,99680.83,12112.461479,44646.361219
2019-09-04,10.998648492175782,4594.489,6293.24704,7256.5,3602.27,2662.14,101200.9,12029.915322,43512.448349
2019-09-05,11.001150794694237,4595.536,6299.16536,7253.599,3600.4,2660.31,102243.0,12230.169600000001,43225.18376000001
2019-09-06,11.003653666511537,4596.583,6300.679457,7256.675,3598.84,2659.71,102935.4,12095.051955,42054.11124
2019-09-09,11.006157107757206,4597.631,6306.867294,7254.717,3591.95,2658.09,103180.6,12200.244965999998,41936.44501799999
2019-09-10,11.008661118560791,4598.679,6302.993482,7244.094,3588.45,2657.64,103031.5,12160.082346000001,41030.273386
2019-09-11,11.011165699051874,4599.727,6303.33844,7263.083,3596.16,2652.17,103445.6,12207.483146999999,41082.047532
2019-09-12,11.013670849360066,4600.775,6314.335372,7278.66,3599.3,2655.65,104370.9,12224.873340000002,41964.80634
2019-09-13,11.016176569615004,4601.824,6299.068499,7260.185,3590.4,2658.16,103501.2,12291.503669000002,41977.255357
2019-09-16,11.018682859946356,4602.873,6320.08524,7285.505,3592.25,2655.74,103680.4,12232.875984,41684.835948
2019-09-17,11.021189720483822,4603.921,6341.542267,7322.213,3598.49,2658.98,104616.9,12255.741749999997,41795.598249999995
2019-09-18,11.023697151357128,4604.971,6341.866411,7334.234,3602.45,2659.0,104531.9,12360.366357,41918.559537
2019-09-19,11.02599801742656,4606.021,6360.840578,7372.092,3611.08,2664.49,104339.2,12530.195967,42751.705605
2019-09-20,11.028299363732756,4606.989,6380.297412,7409.238,3615.5,2667.64,104817.4,12408.114290000001,42033.743180000005
2019-09-23,11.030601190375956,4607.955,6372.341522,7400.0,3613.9,2666.58,104637.8,12459.566988,40669.359654
2019-09-24,11.032903497456411,4608.925,6368.639048,7384.545,3609.54,2667.86,103875.7,12357.372299999999,35748.320999999996
2019-09-25,11.0352062850744,4609.893,6376.897537,7411.237,3611.04,2672.36,104481.0,12381.240759999999,35306.94639999999
2019-09-26,11.03750955333022,4610.862,6384.366402,7424.44,3619.26,2669.54,105319.4,12413.995542,33745.195692
2019-09-27,11.039813302324193,4611.832,6390.302369,7427.0,3618.54,2677.78,105077.6,12320.157863,33531.216909
2019-09-30,11.042117532156654,4612.796,6393.617392,7427.373,3618.96,2684.26,104745.3,12371.926787999999,34250.82858
2019-10-01,11.044422242927967,4613.767,6396.787565,7431.479,3616.23,2677.01,104053.4,12229.67585,34856.770255999996
2019-10-02,11.04672743473851,4614.731,6396.447891,7424.929,3603.03,2676.91,101031.4,11924.963017,34008.451173
2019-10-03,11.04903310768869,4615.7,6407.95134,7440.685,3611.38,2676.04,101516.0,11879.736345000001,33310.468395
2019-10-04,11.051339261878926,4616.664,6412.605031,7440.708,3616.82,2682.49,102551.3,11973.647761,33140.689538
2019-10-07,11.053645897409666,4617.627,6406.249411,7423.705,3603.91,2681.53,100572.8,12070.786046000001,33754.736422
2019-10-08,11.055953014381373,4618.593,6416.350812,7417.955,3602.73,2682.96,99981.4,11847.948618,33295.853778
2019-10-09,11.058260612894536,4619.563,6443.808378,7441.589,3612.01,2684.61,101248.8,11998.15012,35303.839567999996
2019-10-10,11.06056869304966,4620.528,6458.093167,7462.271,3613.11,2689.04,101817.1,12070.719479,35252.747138
2019-10-11,11.062877254947274,4621.497,6489.284854,7516.802,3627.63,2696.63,103831.9,12207.215645999999,34287.773714
2019-10-14,11.065186298687927,4622.464,6497.069566,7540.285,3633.03,2697.47,104301.6,12239.224745,34427.453945999994
2019-10-15,11.06749582437219,4623.436,6484.940735,7521.022,3633.03,2706.09,104489.6,12522.841104,34045.742699
2019-10-16,11.069805832100652,4624.406,6511.009626,7556.969,3640.11,2715.72,105422.8,12420.368136,33186.344256
2019-10-17,11.072116321973928,4625.376,6525.961313,7591.697,3640.99,2717.31,105015.8,12483.763595,33506.389009
2019-10-18,11.07442729409265,4626.344,6527.130386,7595.93,3643.51,2726.26,104728.9,12281.34474,32686.505790000003
2019-10-21,11.076738748557474,4627.311,6530.509712,7596.038,3651.6,2741.27,106022.3,12416.550911999999,33894.435328
2019-10-22,11.079050685469074,4628.274,6511.457055,7575.273,3652.29,2747.45,107381.1,12232.62717,33174.7833
2019-10-23,11.081363104928146,4629.243,6526.135522,7601.667,3656.21,2755.39,107543.6,12127.444528000002,30238.206232000004
2019-10-24,11.083676007035407,4630.214,6524.216122,7597.312,3651.83,2758.91,106986.1,12170.301441000001,30146.247711000004
2019-10-25,11.085989391891596,4631.182,6539.400843,7627.998,3659.19,2766.4,107363.8,12099.569905,34324.18064
2019-10-28,11.088303259597472,4632.154,6547.156915,7643.39,3663.71,2769.04,108187.1,12134.88435,37754.27775
2019-10-29,11.090617610253815,4633.122,6549.60297,7654.045,3663.96,2769.7,107556.3,12145.130487999999,37776.603168
2019-10-30,11.092932443961429,4634.092,6554.043931,7669.971,3675.68,2778.21,108407.5,12162.70584,36666.48008
2019-10-31,11.095038437185915,4635.061,6543.130374,7677.133,3667.34,2791.98,107219.8,12205.827347999999,36925.846386
2019-11-01,11.097144830233214,4635.943,6551.266623,7699.998,3674.35,2795.75,108195.6,12241.264573999999,36771.490952
2019-11-04,11.099251623179233,4636.825,6545.131267,7698.1,3673.68,2804.89,108779.3,12366.334071,37936.810128
2019-11-05,11.101358816099893,4637.707,6537.695631,7693.021,3667.65,2802.38,108719.0,12275.727812,37358.997756
2019-11-06,11.103466409071128,4638.59,6522.370189,7661.151,3667.55,2813.64,108360.2,12537.263144,37956.436016
2019-11-07,11.10557440216889,4639.472,6513.194874,7636.84,3672.79,2826.51,109580.6,12652.32318,37769.67687
2019-11-08,11.10768279546914,4640.354,6506.912901,7604.457,3660.78,2833.05,107629.0,12890.720208,36952.23378
2019-11-11,11.109791589047859,4641.239,6521.283605,7605.815,3665.99,2828.66,108367.4,12804.300078000002,36235.885926
2019-11-12,11.111900782981039,4642.122,6499.114522,7571.287,3652.71,2827.77,106751.1,12875.040128,36499.004790000006
2019-11-13,11.114010377344687,4643.004,6496.008314,7563.4,3644.75,2824.79,106060.0,12923.186272,36559.572168
2019-11-14,11.116120372214825,4643.883,6493.13197,7576.815,3652.05,2829.72,106556.9,12972.402396,36241.39758
2019-11-18,11.11823076766749,4644.772,6483.686082,7572.002,3648.86,2838.35,106269.3,13139.687661000002,34589.916429000004
2019-11-19,11.12034156377873,4645.656,6486.310835,7569.109,3645.43,2852.15,105864.2,13102.883891999998,34049.113145999996
2019-11-20,11.122452760624613,4646.54,6487.943254,7571.341,3644.63,2852.15,105864.2,13065.479072,33994.598928
2019-11-21,11.124564358281217,4647.422,6466.693227,7533.804,3651.61,2859.15,107496.7,13019.3503,31876.5465
2019-11-22,11.126676356824637,4648.309,6478.901813,7557.652,3660.67,2872.09,108692.3,13050.776839999999,30814.7946
2019-11-25,11.12878875633098,4649.194,6468.550314,7541.523,3660.18,2872.55,108423.9,13247.776463999999,30499.17468
2019-11-26,11.130901556876369,4650.078,6460.868337,7504.317,3649.27,2876.59,107059.4,13311.408072,30151.323486
2019-11-27,11.133014758536941,4650.965,6462.229004,7478.874,3651.84,2877.26,107707.8,13431.940896,32157.300735999997
2019-11-28,11.135128361388848,4651.853,6480.338684,7491.826,3658.99,2884.48,108290.1,13282.774197,31862.770785999997
2019-11-29,11.137242365508257,4652.736,6482.727822,7488.693,3659.76,2890.26,108233.3,13308.960455999999,32670.252647999998
2019-12-02,11.139356770971348,4653.623,6470.861644,7472.617,3661.46,2891.75,108927.8,13130.878402999999,30865.009184
2019-12-03,11.141471577854317,4654.509,6483.396532,7496.054,3664.72,2907.52,108956.0,13006.59668,30821.286265000002
2019-12-04,11.14358678623337,4655.393,6499.313687,7523.844,3673.86,2916.28,110300.9,13095.070044000002,30236.630991
2019-12-05,11.145702396184737,4656.279,6495.05427,7529.977,3676.85,2919.17,110622.3,13053.614638999998,30900.850317999997
2019-12-06,11.147818407784651,4657.16,6519.670303,7567.635,3689.44,2931.27,111125.8,13022.179854,30919.165512
2019-12-09,11.149934821109369,4658.042,6522.462582,7582.033,3690.6,2934.71,110977.2,12982.560804,30456.333521999997
2019-12-10,11.152051636235155,4658.924,6522.019863,7599.225,3689.62,2945.86,110672.0,12985.86166,29939.174095000002
2019-12-11,11.154168853238295,4659.811,6521.37712,7621.104,3697.7,2958.78,110963.9,12936.918177,29615.730904999997
2019-12-12,11.156074989153623,4660.697,6523.527827,7649.102,3708.46,2971.83,112199.7,12962.61987,29457.73642
2019-12-13,11.157981450808519,4661.495,6528.43428,7646.989,3716.44,2981.04,112564.9,13016.16288,29741.570711999997
2019-12-16,11.159888238258647,4662.296,6511.688941,7623.5,3716.93,2989.96,111896.0,12951.223244999997,27905.849297999997
2019-12-17,11.161795351559682,4663.086,6481.61909,7575.034,3710.61,2996.62,112615.7,13000.260692,26942.846045
2019-12-18,11.16370279076731,4663.881,6495.430517,7562.155,3722.08,3011.59,114314.7,12979.642835999999,29006.988492
2019-12-19,11.165610555937224,4664.676,6470.297238,7495.088,3724.28,3026.27,115131.3,13031.111198,29096.271070000003
2019-12-20,11.167518647125128,4665.475,6485.744231,7519.59,3728.21,3051.8,115121.1,13199.915316,29498.955794
2019-12-23,11.169427064386735,4666.272,6497.930013,7543.634,3728.21,3085.82,115863.3,13149.124785000002,29853.681945
2019-12-24,11.171335807777767,4667.072,6499.460473,7548.333,3728.21,3085.82,115863.3,13185.880566,29644.525667
2019-12-26,11.173244877353957,4667.863,6511.037989,7579.303,3751.62,3134.8,117203.2,13133.947157999999,29143.092504
2019-12-27,11.175154273171048,4668.666,6514.033127,7590.986,3751.81,3169.3,116534.0,13112.036938,29216.594549999998
2019-12-30,11.177063995284788,4669.462,6526.588334,7634.153,3751.93,3197.58,115645.3,12958.283283,29137.824045000005
2020-01-02,11.17897404375094,4671.062,6534.081759,7631.309,3772.81,3225.15,118573.1,13109.5884,28009.373919999998
2020-01-03,11.180884418625277,4671.861,6533.330534,7615.495,3769.9,3253.76,117706.7,13129.60918,29506.745415999998
2020-01-06,11.182795119963576,4672.646,6528.276886,7580.706,3762.86,3249.5,116877.9,13194.180432000001,30791.609892
2020-01-07,11.184706147821625,4673.435,6538.041511,7585.211,3764.55,3239.81,116661.9,13161.726444,32613.245488
2020-01-08,11.186617502255226,4674.228,6550.55882,7606.035,3763.17,3183.95,116247.0,13223.322945,32536.516474
2020-01-09,11.188529183320185,4675.027,6559.689371,7618.901,3766.14,3167.49,115947.1,13392.86806,31846.618232000004
2020-01-10,11.190441191072322,4675.825,6560.602757,7627.381,3767.44,3174.95,115503.4,13381.730834999998,32963.845988999994
2020-01-13,11.192353525567464,4676.624,6552.917653,7611.054,3780.38,3179.4,117325.3,13621.078525,33682.91605
2020-01-14,11.194266186861448,4677.419,6568.118656,7640.276,3785.89,3182.53,117632.4,13565.647485,36096.939504
2020-01-15,11.19617917501012,4678.214,6586.857645,7644.491,3785.45,3175.2,116414.4,13759.428998999998,36902.011439
2020-01-16,11.198092490069335,4679.003,6567.237718,7625.64,3786.31,3162.3,116704.2,13877.201359,36311.23132
2020-01-17,11.200006132094963,4679.803,6573.441915,7644.166,3799.03,3151.07,118478.3,13856.546591999999,37064.541312
2020-01-20,11.201920101142875,4680.59,6574.726007,7627.437,3803.26,3139.22,118861.6,13942.117825999998,36310.925663999995
2020-01-21,11.203834397268958,4681.383,6587.6716,7624.853,3793.75,3126.08,117026.0,13992.480743999999,36750.513567999995
2020-01-22,11.205749020529106,4682.181,6599.45479,7653.196,3804.19,3120.4,118391.4,13886.575875,36122.237325
2020-01-23,11.207663970979224,4682.98,6594.522454,7651.617,3812.05,3121.21,119527.6,13867.5018,34956.5679
2020-01-24,11.209579248675224,4683.781,6598.411495,7658.322,3802.67,3119.91,118376.4,13783.632822,35159.14472999999
2020-01-27,11.21149485367303,4684.583,6607.734248,7649.341,3774.41,3092.23,114481.8,13658.277204,37667.7114
2020-01-28,11.213410786028573,4685.382,6613.064338,7662.806,3792.54,3100.09,116479.0,13728.756096000001,37891.943424000005
2020-01-29,11.215327045797798,4686.183,6616.347588,7679.531,3787.85,3087.9,115384.8,13830.115,39523.6075
2020-01-30,11.217243633036654,4686.972,6612.571378,7669.659,3784.48,3076.05,115528.0,13946.360752,40570.018896
2020-01-31,11.219160547801103,4687.778,6610.54975,7658.85,3773.49,3077.28,113760.6,13814.579607999998,40063.488641
2020-02-03,11.221077790147115,4688.578,6623.682792,7675.785,3783.16,3056.0,114629.2,13797.838348000001,39386.557511000006
2020-02-04,11.222995360130673,4689.366,6628.961317,7685.547,3789.99,3058.55,115556.7,14029.926414,38886.065442
2020-02-05,11.224913257807765,4690.17,6636.482122,7712.788,3798.85,3048.45,116028.3,14143.087228,41085.691936
2020-02-06,11.226724622060178,4690.964,6615.590333,7703.866,3789.54,3042.87,115190.0,14328.30285,41700.2442
2020-02-07,11.228536278612442,4691.72,6613.651406,7695.543,3775.27,3028.28,113770.3,14367.387924999999,42071.70604999999
2020-02-10,11.230348227511723,4692.462,6622.960374,7721.115,3760.15,3004.57,112570.3,14499.465295,42676.59414
2020-02-11,11.232160468805196,4693.192,6640.620784,7745.111,3786.03,3020.31,115370.6,14539.729049999998,44326.222206
2020-02-12,11.233973002540047,4693.934,6653.063377,7769.857,3801.34,3034.2,116674.1,14710.407905,45222.626332
2020-02-13,11.235785828763467,4694.667,6646.385388,7760.178,3798.07,3039.6,115662.4,14689.122578,44321.231981
2020-02-14,11.237598947522654,4695.408,6673.539024,7806.503,3794.75,3048.93,114380.7,14505.95664,44393.636325
2020-02-17,11.239412358864817,4696.139,6674.58528,7788.125,3802.89,3046.95,115309.1,14628.318432,41749.105515
2020-02-18,11.241226062837168,4696.882,6674.152549,7784.881,3802.88,3025.36,114977.3,14701.879038,44297.96651199999
2020-02-19,11.243040059486928,4697.557,6687.665915,7803.809,3816.08,3012.92,116517.6,14776.819985,41946.024995
2020-02-20,11.244854348861328,4698.087,6684.803967,7785.2,3802.31,3013.12,114586.2,14809.828991999999,42194.202624
2020-02-21,11.246668931007603,4698.68,6676.84263,7755.861,3796.11,3017.57,113681.4,14647.715874999998,42454.392884999994
2020-02-26,11.248483805973,4699.383,6656.778373,7699.189,3730.01,2972.68,105718.3,13866.688944,38921.719104
2020-02-27,11.250298973804771,4700.009,6677.21453,7691.316,3708.93,2972.46,102983.5,13377.909036000003,39329.954941
2020-02-28,11.252114434550174,4700.654,6683.076858,7693.269,3714.42,2963.81,104171.6,13211.271840000001,38777.919440000005
2020-03-02,11.253930188256478,4701.39,6734.578005,7753.179,3745.36,2985.33,106625.4,13826.925112,40027.669192
2020-03-03,11.255746234970957,4702.061,6754.551677,7767.591,3743.47,2999.09,105537.1,13538.591285999999,39390.50873999999
2020-03-04,11.257562574740895,4702.789,6765.013463,7780.579,3769.15,3002.8,107224.2,14333.758516,39987.546632
2020-03-05,11.25937920761358,4703.523,6723.090709,7724.682,3717.08,2993.95,102233.2,13960.623798,42085.006193999994
2020-03-06,11.261196133636314,4704.27,6721.3891,7714.028,3673.81,2966.33,97996.77,13754.344937999998,42286.80079
2020-03-09,11.2630133528564,4705.004,6670.363357,7546.097,3571.77,2861.03,86067.2,12969.25632,37120.5864
2020-03-10,11.26483086532115,4705.731,6699.48128,7559.164,3616.39,2901.68,92214.47,13381.617444000001,37138.22148
2020-03-11,11.266648671077887,4706.485,6572.057751,7236.984,3545.79,2848.51,85171.13,13200.292976,37862.591728
2020-03-12,11.268466770173939,4707.225,6335.855759,6905.351,3430.04,2661.41,72582.53,11895.909119999998,27455.915925
2020-03-13,11.270285162656643,4707.993,6529.640674,7278.264,3524.29,2701.07,82677.91,13106.42619,26271.108105000003
2020-03-16,11.272103848573341,4708.747,6571.923252,7222.172,3463.36,2575.81,71168.05,11931.604452,24524.361791999996
2020-03-17,11.273922827971386,4709.512,6670.218289,7267.883,3478.44,2520.9,74617.24,12669.218548,27399.32216
2020-03-18,11.275742100898137,4710.26,6375.843759,6985.643,3397.62,2187.38,66894.95,12251.65309,27272.687603000002
2020-03-19,11.277346300726832,4711.022,6369.538468,7000.828,3410.26,2207.27,68331.8,12278.492379,31872.640151999996
2020-03-20,11.278950728785036,4711.697,6368.356369,6964.913,3400.6,2276.6,67069.36,11672.114880000001,30241.80288
2020-03-23,11.28055538510522,4712.37,6304.215598,6816.432,3380.23,2169.26,63569.62,11513.6604,33009.22284
2020-03-24,11.28216026971986,4713.06,6405.028197,6922.354,3422.13,2230.21,69729.3,12474.530476,34417.721615999995
2020-03-25,11.283765382661432,4713.724,6562.073684,7062.181,3460.08,2360.05,74955.57,12467.662827999999,33232.327728000004
2020-03-26,11.285370723962423,4714.39,6610.420481,7148.058,3491.76,2443.24,77709.66,13211.893638,33881.27574599999
2020-03-27,11.286976293655322,4715.075,6623.250876,7145.846,3473.82,2468.85,73428.78,12962.259440999998,34088.722101
2020-03-30,11.28858209177262,4715.75,6671.465699,7166.867,3488.84,2477.3,74639.48,13642.032105,33642.503372
2020-03-31,11.290188118346816,4716.391,6685.90738,7156.883,3482.69,2494.1,73019.76,13455.117081,33741.364083
2020-04-01,11.291794373410413,4717.059,6648.014055,7114.101,3464.66,2464.29,70966.7,12970.125,33343.8525
2020-04-02,11.293400856995918,4717.637,6666.557877,7096.849,3471.63,2445.74,72253.46,13276.3326,35461.189979999996
2020-04-03,11.295007569135842,4718.262,6635.472038,7033.456,3459.45,2417.74,69537.56,13319.005935,35876.729245
2020-04-06,11.296614509862703,4718.808,6648.267121,7061.157,3491.37,2438.11,74072.98,14070.090495999997,38196.222063999994
2020-04-07,11.298221679209021,4719.295,6672.103716,7083.573,3502.44,2483.42,76358.09,13891.960017,37183.498050999995
2020-04-08,11.299829077207322,4719.95,6698.376308,7111.101,3517.42,2503.81,78624.62,14085.122562,37518.327252
2020-04-09,11.301436703890136,4720.46,6738.133604,7155.878,3522.58,2520.21,77681.94,14250.958524000001,37320.917856
2020-04-13,11.303044559289999,4721.108,6761.409958,7165.333,3530.2,2527.66,78835.82,14363.789956,35517.018344
2020-04-14,11.30465264343945,4721.746,6789.631813,7213.23,3550.84,2549.17,79918.36,14695.63081,35490.852535
2020-04-15,11.306260956371032,4722.395,6806.242399,7268.046,3550.16,2544.44,78831.46,14579.239680000002,35369.3331
2020-04-16,11.307869498117295,4723.072,6829.018162,7329.06,3554.02,2550.18,77811.85,14653.404610000001,36953.870736000004
2020-04-17,11.309478268710793,4723.749,6834.596919,7377.31,3563.62,2559.48,78990.29,15048.034144,36959.126886
2020-04-20,11.311087268184082,4724.421,6877.634405,7412.559,3572.06,2555.55,78972.76,15010.74172,36517.74087
2020-04-22,11.312696496569727,4725.064,6905.728658,7428.62,3599.5,2573.06,80687.15,15278.354049000001,38856.645786
2020-04-23,11.314305953900293,4725.734,6838.768583,7339.655,3590.7,2592.54,79673.3,15488.06124,41748.733922
2020-04-24,11.315915640208354,4726.403,6623.522137,7054.009,3553.96,2528.53,75330.61,15835.250028,42055.624936
2020-04-27,11.317525555526487,4727.08,6617.339878,7061.382,3563.46,2556.91,78238.6,16266.002632,43557.815308
2020-04-28,11.319135699887271,4727.742,6780.338852,7232.833,3582.75,2572.87,81312.23,15749.790356,42555.76974
2020-04-29,11.320746073323294,4728.392,6804.763806,7270.435,3593.61,2593.26,83170.8,15686.695115,47673.516019999995
2020-04-30,11.322356675867146,4729.047,6804.400564,7250.94,3583.65,2603.62,80505.89,15979.338437999999,48427.804096
2020-05-04,11.323967507551423,4729.716,6780.720423,7244.106,3575.37,2582.49,78876.22,15760.434834,49462.686088
2020-05-05,11.325578568408723,4730.404,6816.160515,7253.365,3581.44,2587.55,79470.78,16002.453072,49938.683988000004
2020-05-06,11.32718985847165,4731.081,6830.754249,7249.805,3587.63,2586.36,79063.68,16286.980718,52895.72111
2020-05-07,11.328474928161093,4731.76,6835.992127,7195.932,3594.54,2579.97,78118.57,16814.912959,57201.425291
2020-05-08,11.329760143641693,4732.287,6867.679685,7226.98,3602.11,2582.78,80263.35,16801.52406,57340.691829999996
2020-05-11,11.331045504929989,4732.829,6865.048722,7215.926,3599.47,2588.09,79064.6,17051.239048000003,50253.242369
2020-05-12,11.332331012042523,4733.376,6813.546946,7155.893,3586.3,2581.18,77871.95,16894.387356,51946.479774
2020-05-13,11.333616664995839,4733.915,6779.306802,7123.463,3584.0,2558.59,77772.2,16601.34,54749.33548
2020-05-14,11.334902463806483,4734.459,6793.488795,7164.582,3589.31,2548.03,79010.81,16579.58575,56127.114303
2020-05-15,11.336188408491001,4735.004,6817.982701,7187.844,3584.44,2563.3,77556.62,16770.39994,54122.473342000005
2020-05-18,11.337474499065944,4735.545,6845.192503,7233.982,3599.99,2563.83,81194.29,16885.140342,55319.84022599999
2020-05-19,11.338760735547863,4736.089,6857.41835,7251.462,3602.49,2567.31,80742.35,16828.242462,55789.618751999995
2020-05-20,11.340047117953311,4736.63,6852.058073,7277.886,3609.25,2569.9,81319.45,16918.267213,54590.491715
2020-05-21,11.341333646298843,4737.173,6870.167552,7305.014,3611.21,2575.66,83027.09,16374.845136000002,50298.510912000005
2020-05-22,11.342620320601014,4737.716,6855.341732,7292.181,3607.41,2588.1,82173.21,16349.844944999999,50790.2101
2020-05-25,11.343907140876386,4738.252,6917.703879,7383.128,3607.41,2604.32,85663.48,16093.016339999998,48540.581975999994
2020-05-26,11.345194107141518,4738.794,6923.100748,7360.547,3629.82,2615.54,85468.91,16006.567854,47397.796314
2020-05-27,11.346481219412972,4739.335,6929.230833,7364.807,3646.06,2627.96,87946.25,16008.906264000001,48316.880976
2020-05-28,11.347768477707314,4739.879,6929.35778,7355.54,3643.92,2640.32,86949.09,16387.80957,51097.95756
2020-05-29,11.34905588204111,4740.419,6941.065037,7361.037,3650.81,2657.68,87402.59,16245.351453,50246.38734799999
2020-06-01,11.350343432430927,4740.962,6942.967999,7356.142,3657.86,2676.23,88620.1,16397.963899,51946.803597
2020-06-02,11.351631128893336,4741.509,6977.020262,7409.324,3667.86,2704.72,91046.38,16028.274132000002,49543.579410000006
2020-06-03,11.35291897144491,4742.047,6990.235622,7455.816,3683.17,2730.43,93002.14,15817.33655,48541.18725
2020-06-04,11.35420696010222,4742.59,6982.268655,7455.426,3686.68,2744.8,93828.61,15929.318535,50074.825047000006
2020-06-05,11.355495094881842,4743.13,6962.323726,7471.639,3692.61,2772.83,94637.06,15847.961266999999,48191.610227
2020-06-08,11.356783375800356,4743.674,6959.856487,7488.328,3710.65,2793.52,97644.67,15580.443039,46768.80368700001
2020-06-09,11.35807180287434,4744.218,6959.745009,7476.965,3707.06,2792.45,96746.55,15718.389179999998,47782.7896
2020-06-10,11.359360376120376,4744.761,6979.536771,7493.548,3698.77,2799.38,94685.98,15870.946499999998,49091.45924999999
2020-06-12,11.360649095555047,4745.303,6980.082278,7485.644,3684.29,2782.02,92795.27,15357.703107,47786.82600999999
2020-06-15,11.361937961194938,4745.84,6978.172929,7473.12,3686.41,2777.82,92375.52,15812.564676,48888.13778399999
2020-06-16,11.363226973056635,4746.378,6969.886472,7448.39,3693.57,2783.49,93531.17,16387.69893,49794.954150000005
2020-06-17,11.364516131156728,4746.924,6986.32555,7485.998,3709.78,2789.07,95547.29,16278.571115999997,49011.230736000005
2020-06-18,11.365475523608522,4747.467,6958.554328,7452.21,3712.96,2794.67,96125.24,16754.610054,50248.072329
2020-06-19,11.366434997052226,4747.872,6976.6918,7452.701,3716.59,2804.01,96572.1,16453.336236,49477.54999
2020-06-22,11.367394551494678,4748.276,6966.870245,7410.791,3714.3,2792.42,95335.96,16382.483584000001,50679.003264
2020-06-23,11.368354186942717,4748.674,6982.070402,7442.525,3718.92,2793.51,95975.16,16139.921176,49636.305016
2020-06-24,11.36931390340318,4749.078,6960.769925,7416.342,3704.84,2786.72,94377.36,16311.944707999999,49671.610408
2020-06-25,11.370273700882906,4749.475,6994.005293,7472.454,3718.72,2793.05,95983.09,16537.279752000002,49743.386287
2020-06-26,11.371233579388736,4749.88,6984.282241,7451.666,3700.07,2790.38,93834.49,16507.347395,50416.847334
2020-06-29,11.37219353892751,4750.277,6997.731774,7492.032,3712.85,2787.24,95735.35,16501.235579999997,49615.255619999996
2020-06-30,11.373153579506067,4750.685,7010.957821,7511.804,3716.91,2806.28,95055.82,16951.145604,50012.629284
2020-07-01,11.374113701131249,4751.106,7023.335215,7570.811,3729.12,2816.04,96203.2,16575.752028,49149.89818999999
2020-07-02,11.375073903809898,4751.507,7017.288242,7574.349,3730.0,2813.15,96234.96,16783.739622,48701.53803599999
2020-07-03,11.376034187548859,4751.904,7030.037436,7613.394,3737.58,2813.16,96764.85,16638.194157,48334.06539
2020-07-06,11.376994552354972,4752.304,7031.589177,7631.514,3758.49,2802.41,98937.16,17035.667871999998,49702.776655999995
2020-07-07,11.377954998235083,4752.707,7014.396753,7610.651,3749.55,2798.33,97761.04,16926.225048,49803.726906
2020-07-08,11.378915525196035,4753.113,6998.308971,7616.804,3764.34,2779.58,99769.88,16923.041684,50344.33265
2020-07-09,11.379876133244673,4753.521,7001.564564,7648.694,3764.21,2766.1,99160.33,16842.979175,49358.12324
2020-07-10,11.380836822387844,4753.923,7020.269473,7685.874,3775.51,2766.91,100031.8,16961.612016,49180.60154
2020-07-13,11.38179759263239,4754.331,7017.063494,7675.07,3761.57,2751.18,98697.06,17057.434842,50005.34378
2020-07-14,11.38275844398516,4754.737,7020.030613,7665.502,3770.34,2742.7,100440.2,17165.88612,49781.187855
2020-07-15,11.383719376453003,4755.143,7010.872172,7665.6,3781.38,2746.23,101790.5,17328.24048,49482.17585
2020-07-16,11.384680390042764,4755.551,7016.056464,7676.728,3768.15,2743.44,100553.3,17143.811455000003,48535.896715
2020-07-17,11.385641484761292,4755.957,7037.194897,7725.752,3793.61,2741.64,102888.3,17369.040726,49325.149878
2020-07-20,11.386602660615436,4756.368,7039.812425,7720.744,3810.59,2724.51,104426.4,17343.68864,48937.369244999994
2020-07-21,11.387563917612047,4756.774,7030.143517,7727.376,3809.03,2732.19,104309.7,16850.990090000003,48507.60264900001
2020-07-22,11.388525255757973,4757.169,7026.174746,7741.467,3811.91,2735.69,104289.6,16767.980768,47996.77232
2020-07-23,11.389486675060065,4757.58,7025.150693,7731.474,3796.29,2732.84,102293.3,16871.378372,50023.835534000005
2020-07-24,11.390448175525174,4757.988,7063.513247,7751.691,3794.76,2730.92,102381.6,16825.462412,50386.02368800001
2020-07-27,11.391409757160153,4758.399,7080.271919,7783.248,3812.0,2722.77,104477.1,16684.905145999997,56099.356585999994
2020-07-28,11.392371419971854,4758.817,7077.993555,7773.149,3811.34,2722.71,104109.1,16597.49508,56629.94526
2020-07-29,11.393333163967128,4759.219,7075.27601,7777.218,3823.88,2723.24,105605.2,16844.50558,58012.904425
2020-07-30,11.394294989152831,4759.62,7113.011796,7836.628,3824.8,2733.65,105008.7,16734.913343999997,57482.902943999994
2020-07-31,11.395256895535816,4760.031,7118.17897,7841.277,3816.68,2733.12,102912.2,17078.51752,59235.53423
2020-08-03,11.396218883122938,4760.439,7120.257889,7856.114,3820.06,2714.27,102830.0,17533.91442,60583.146660000006
2020-08-04,11.397180951921051,4760.846,7098.990654,7831.697,3812.26,2714.29,101215.9,17479.865115,59285.189925000006
2020-08-05,11.398143101937013,4761.253,7085.980406,7803.475,3829.22,2720.52,102801.8,17615.883272,61896.370848
2020-08-06,11.398994429245295,4761.662,7118.642221,7834.252,3845.41,2712.45,104125.6,17859.395699999997,63198.55035
2020-08-07,11.399845820139214,4762.022,7091.295302,7790.661,3833.55,2732.44,102775.5,18225.601152,62953.993872
2020-08-10,11.40069727462352,4762.381,7079.380485,7757.369,3831.33,2745.67,103444.5,18419.744210999997,65004.216651
2020-08-11,11.401548792702961,4762.738,7071.500122,7743.94,3817.21,2745.38,102174.4,17939.585997000002,60339.924957
2020-08-12,11.402400374382287,4763.1,7044.394062,7713.549,3818.92,2740.77,102117.8,18357.666745,62811.204665000005
2020-08-13,11.40325201966625,4763.461,7029.385627,7684.183,3811.41,2747.56,100460.6,18115.993786,62376.591464
2020-08-14,11.404103728559598,4763.822,7032.840193,7688.146,3817.89,2755.67,101353.5,18291.302835,63830.59200299999
2020-08-17,11.404955501067082,4764.182,7016.266623,7687.975,3809.92,2748.6,99595.41,18638.823287999996,67937.829976
2020-08-18,11.405807337193457,4764.544,7061.991655,7765.26,3833.05,2755.25,102065.4,18534.978062000002,65779.438469
2020-08-19,11.40665923694347,4764.902,7033.809745,7731.782,3820.12,2758.46,100853.7,18755.053904999997,65105.49226299999
2020-08-20,11.407511200321878,4765.263,7041.696197,7751.532,3825.3,2760.78,101467.9,18820.05009,65946.86172
2020-08-21,11.408363227333428,4765.606,7050.049082,7754.229,3825.31,2770.66,101521.3,19092.718631999996,65314.648482
2020-08-24,11.409215317982877,4765.954,7063.675459,7760.103,3834.3,2780.18,102298.0,19253.255208000002,65824.93632000001
2020-08-25,11.410067472274976,4766.314,7055.090306,7754.556,3836.4,2777.4,102117.6,18970.213856,62059.22113599999
2020-08-26,11.41091969021448,4766.668,7019.887572,7703.974,3830.04,2776.67,100627.3,19521.937014,64611.459299999995
2020-08-27,11.411771971806141,4767.026,7015.021711,7705.922,3828.46,2777.87,100623.6,19407.898135000003,62754.088384999995
2020-08-28,11.412624317054714,4767.366,7043.256032,7732.345,3844.48,2781.84,102142.9,18905.016691,61988.553878
2020-08-31,11.413476725964955,4767.716,7035.390032,7700.333,3826.39,2782.1,99369.15,19232.453295,64168.06770000001
2020-09-01,11.414329198541617,4768.072,7056.503096,7719.169,3846.14,2774.66,102167.6,19032.977385,64883.420715
2020-09-02,11.415181734789456,4768.417,7048.042902,7720.884,3845.4,2782.69,101911.1,19129.921532,60771.17338099999
2020-09-03,11.416034334713228,4768.78,7059.581526,7741.405,3824.38,2779.62,100721.4,18286.250556,57085.242636
2020-09-04,11.416886998317686,4769.147,7074.91188,7750.76,3827.94,2789.02,101241.7,18168.371135999998,56231.20833599999
2020-09-08,11.41773972560759,4769.499,7046.174974,7728.206,3810.96,2786.82,100050.4,17865.992448,53712.13858199999
2020-09-09,11.418592516587694,4769.82,7055.72236,7748.384,3825.78,2788.53,101292.0,18043.37916,54463.19277000001
2020-09-10,11.419445371262757,4769.869,7025.304089,7714.75,3803.03,2793.01,98834.59,17765.492556999998,54837.874987
2020-09-11,11.420298289637536,4769.284,7021.00021,7710.607,3801.82,2791.8,98363.22,17772.624012,54950.510472
2020-09-14,11.421151271716788,4768.536,7034.413405,7725.45,3817.47,2792.76,100274.5,17836.33111,56374.949735
2020-09-15,11.422004317505271,4766.863,7017.424682,7704.605,3817.64,2802.19,100297.9,17947.79228,57345.86644600001
2020-09-16,11.422857427007745,4766.069,7000.758026,7683.422,3810.27,2802.76,99675.68,17732.180973,57604.486485
2020-09-17,11.423710600228967,4765.904,7024.471344,7680.383,3808.54,2800.04,100097.8,17589.053895,57306.559694999996
2020-09-18,11.424563837173697,4765.132,6972.883736,7581.649,3789.61,2797.82,98289.71,17886.964095,58684.42918
2020-09-21,11.425417137846694,4765.093,6962.660264,7565.658,3770.85,2787.27,96990.72,17765.955582,56744.918913
2020-09-22,11.426270502252718,4765.115,6982.60239,7618.96,3778.58,2788.81,97293.54,18142.467483,57542.828713999996
2020-09-23,11.427123930396531,4764.68,6959.730969,7578.262,3759.35,2790.19,95734.82,18115.099088,57218.377096
2020-09-24,11.427977422282892,4764.168,7003.426003,7647.079,3766.39,2789.57,97012.07,17889.360218,58583.013748
2020-09-25,11.428830977916562,4762.31,7003.029425,7634.434,3769.15,2788.11,96999.38,18348.013596,59616.94299599999
2020-09-28,11.429684597302302,4760.451,6939.261117,7532.203,3754.15,2782.18,94666.37,18978.09984,61557.366
2020-09-29,11.430538280444873,4758.446,6926.583841,7542.476,3745.23,2784.2,93580.35,18788.368963,60592.82365500001
2020-09-30,11.43139202734904,4754.891,6955.377069,7583.919,3753.64,2794.88,94603.38,18864.748499999998,60060.636025
2020-10-01,11.432245838019561,4749.007,6941.367926,7591.583,3764.5,2789.15,95478.52,19088.33488,59882.87536599999
2020-10-02,11.433099712461201,4741.171,6898.748748,7531.947,3745.97,2794.91,94015.68,19039.564684,59974.992665
2020-10-05,11.433953650678724,4733.915,6934.417331,7570.914,3760.02,2788.64,96089.19,19004.816565,59888.00664
2020-10-06,11.434807652676893,4733.949,6900.383617,7559.248,3748.99,2795.05,95615.03,18799.80992,59009.68320000001
2020-10-07,11.435661718460471,4734.547,6903.384001,7560.812,3753.5,2799.27,95526.26,19188.585619999998,59825.716528000004
2020-10-08,11.436515848034222,4739.188,6929.666854,7591.03,3766.65,2804.78,97919.73,19305.69483,61039.97805
2020-10-09,11.437370041402911,4752.431,6930.450463,7619.091,3777.19,2807.77,97483.31,19237.917151,61091.852091999994
2020-10-13,11.438224298571303,4759.251,6952.791682,7621.06,3784.1,2808.27,98502.82,19564.610837,63702.572991999994
2020-10-14,11.439078619544162,4760.584,6958.778131,7629.08,3789.08,2809.74,99334.43,19510.735842000002,63718.50513600001
2020-10-15,11.439933004326255,4760.741,6928.808311,7602.987,3787.5,2812.68,99054.06,19557.21243,64820.86227
2020-10-16,11.440787452922347,4759.003,6914.563663,7608.75,3787.5,2816.83,98309.12,19670.288022,63911.652742000006
2020-10-19,11.441641965337205,4759.839,6945.392243,7636.914,3782.57,2818.1,98657.65,19226.391968,65838.773352
2020-10-20,11.442496541575595,4760.245,6974.896753,7658.053,3797.23,2823.75,100539.8,19301.786408,66737.006202
2020-10-21,11.443351181642285,4759.954,6968.153704,7660.998,3803.26,2828.75,100552.4,19261.123584,72073.07519999999
2020-10-22,11.444205885542042,4760.018,6958.474561,7639.946,3805.46,2826.99,101917.7,19310.534684,73384.270232
2020-10-23,11.445060653279633,4760.312,6917.542042,7622.034,3803.83,2820.44,101259.8,19472.372949,72727.44939000001
2020-10-26,11.445915484859826,4760.524,6924.379552,7620.987,3793.41,2809.86,101017.0,19129.435959,73232.637801
2020-10-27,11.44677038028739,4761.171,6912.842067,7606.387,3789.23,2803.01,99605.54,19347.898215999998,77721.52534800001
2020-10-28,11.447625339567093,4761.397,6901.409198,7605.871,3753.16,2772.9199,95368.76,18805.478573000004,75965.617868
2020-10-29,11.448480362703705,4761.319,6908.157688,7612.064,3765.0,2774.58,96582.16,19137.731976000003,77974.762536
2020-10-30,11.449335449701994,4761.262,6895.874469,7599.993,3743.2,2766.76,93952.4,18786.247196,78360.06164599999
2020-11-03,11.450190600566732,4761.573,6866.969954,7598.49,3760.2,2766.55,95979.71,19380.419068,79045.115404
2020-11-04,11.451045815302686,4761.973,6897.015838,7622.079,3780.52,2772.49,97866.81,19506.398912,79356.76699999999
2020-11-05,11.45190109391463,4762.006,6913.996861,7660.039,3812.25,2785.99,100751.4,19448.59509,84453.97777
2020-11-06,11.452756436407334,4762.126,6940.461796,7705.896,3817.11,2795.03,100925.11,18870.960768,83633.312304
2020-11-09,11.453611842785568,4762.013,6962.352618,7736.067,3817.77,2802.95,103515.16,19102.75515,82789.258644
2020-11-10,11.454467313054105,4762.251,6951.916559,7709.35,3812.47,2807.15,105066.96,19191.599337,83299.17222899999
2020-11-11,11.455322847217715,4761.593,6917.947452,7680.282,3813.86,2806.66,104808.83,19291.649468,85487.311686
2020-11-12,11.456178445281173,4761.399,6909.873395,7658.394,3794.28,2801.26,102507.01,19303.232075,88191.78104999999
2020-11-13,11.45703410724925,4761.58,6922.017239,7682.259,3812.36,2803.4,104723.0,19587.467024999998,89024.836845
2020-11-16,11.45788983312672,4761.993,6927.440142,7684.354,3822.16,2802.89,106429.92,19695.209372999998,90711.64101600001
2020-11-17,11.458745622918356,4762.426,6937.212687,7693.178,3824.03,2802.81,107248.63,19219.303438000003,93921.737566
2020-11-18,11.459601476628931,4762.688,6911.986911,7674.752,3815.25,2800.89,106119.09,19134.414549,95391.153567
2020-11-19,11.46045739426322,4763.008,6911.217789,7676.816,3821.41,2794.79,106669.9,19015.073269,95270.142548
2020-11-20,11.461313375825997,4763.368,6883.761148,7650.431,3820.26,2796.04,106042.48,19172.650322,100184.33845700002
2020-11-23,11.462169421322036,4763.748,6858.886361,7641.824,3828.39,2796.93,107378.92,19439.550783000002,100099.730074
2020-11-24,11.463025530756115,4764.183,6869.21649,7661.088,3845.88,2796.51,109786.3,19541.055832000002,101832.411472
2020-11-25,11.463881704133007,4764.552,6882.267192,7682.63,3853.47,2799.5,110132.53,19297.760155,100382.96452299999
2020-11-26,11.464737941457487,4764.971,6910.858977,7707.369,3857.65,2800.38,110227.09,19353.2938,90939.92599999999
2020-11-27,11.465594242734333,4765.453,6932.189009,7746.186,3867.12,2811.53,110575.47,19418.965454999998,90765.323205
2020-11-30,11.466450607968323,4766.03,6923.107158,7751.974,3855.05,2808.56,108893.32,19409.763822,103857.722434
2020-12-01,11.46730703716423,4766.454,6963.935533,7810.072,3871.75,2803.51,111399.91,19111.762835,99438.307127
2020-12-02,11.468163530326835,4766.944,6998.130295,7833.81,3877.88,2797.73,111878.53,19193.325112000002,100212.372104
2020-12-03,11.469020087460915,4767.363,7049.6495,7903.195,3885.5,2800.62,112291.59,18911.841744,100379.879478
2020-12-04,11.469876708571247,4767.902,7049.041587,7907.003,3897.62,2794.18,113750.22,18974.63604,96565.14577500001
2020-12-07,11.47073339366261,4768.81,7059.56248,7899.01,3892.04,2783.24,113589.77,18854.101328,97461.59275599998
2020-12-08,11.471590142739782,4769.523,7064.535667,7918.622,3892.04,2780.0,113793.06,18953.668875000003,96110.93325
2020-12-09,11.472446955807543,4770.169,7059.586901,7922.018,3885.78,2770.66,113001.16,18982.235606000002,95719.81024800001
2020-12-10,11.473303832870672,4770.906,7069.939175,7963.116,3894.3,2767.58,115128.63,18410.927519999997,92102.21961599999
2020-12-11,11.474160773933948,4771.45,7097.069132,7998.555,3897.04,2768.67,115128.0,18534.909524000002,91582.12197200001
2020-12-14,11.475017779002151,4772.161,7091.651918,7997.043,3896.11,2761.41,114611.12,18661.653087,98228.71347099998
2020-12-15,11.475874848080064,4773.286,7114.472305,8020.496,3915.91,2767.43,116148.63,18779.383998,98731.46949600002
2020-12-16,11.476731981172467,4773.906,7097.113287,8016.645,3927.07,2770.64,117857.35,18824.15062,107855.54696
2020-12-17,11.47758917828414,4774.756,7095.231092,8025.156,3935.34,2775.78,118400.57,18859.944919999998,115410.462145
2020-12-18,11.478446439419864,4775.509,7095.208456,8035.967,3934.05,2794.43,118023.67,18861.978909,116450.31188000001
2020-12-21,11.479303764584424,4776.447,7096.820713,8036.207,3919.86,2794.56,115822.57,18944.963316,118658.283885
2020-12-22,11.4801611537826,4777.51,7117.838489,8032.117,3920.69,2807.15,116636.18,19036.585928,121005.44826
2020-12-23,11.481018607019175,4778.566,7143.075264,8059.845,3934.3,2828.44,117806.85,19207.609053000004,121271.62191600002
2020-12-24,11.481876124298932,4778.951,7144.561857,8065.118,3936.01,2828.44,117806.85,19159.262133999997,121096.526453
2020-12-28,11.482733705626655,4779.996,7130.742439,8065.548,3942.95,2834.64,119123.7,19600.554528,139574.08710600002
2020-12-29,11.483591351007128,4780.738,7158.101235,8109.158,3950.19,2855.04,119409.15,19395.143455999998,139959.619046
2020-12-30,11.484449060445133,4781.401,7166.328229,8122.895,3958.34,2870.15,119017.24,19376.75168,150071.59288
2021-01-04,11.485306833945456,4782.507,7169.985886,8131.679,3955.28,2867.47,118854.71,19508.716605,163619.756146
2021-01-05,11.486164671512883,4783.342,7147.84656,8118.084,3961.68,2867.53,119376.21,19665.149476000002,178308.133584
2021-01-06,11.487022573152197,4784.131,7119.461153,8094.252,3946.08,2869.74,119100.08,19867.390884,190499.694562
2021-01-07,11.487880538868186,4784.866,7074.164897,8053.193,3959.91,2863.51,122385.92,20543.889411,214593.9597
2021-01-08,11.488738568665633,4785.803,7054.282469,8054.064,3983.61,2867.4,125076.63,20734.355216,217068.64284
2021-01-11,11.489596662549326,4786.424,7008.137908,8000.074,3968.18,2863.8,123255.13,20927.111997,187065.615726
2021-01-12,11.490454820524052,4786.661,7032.517411,8051.546,3980.22,2855.47,123998.0,20226.892228,184713.37887600003
2021-01-13,11.491313042594596,4787.067,6988.579102,8029.656,3970.68,2851.86,121933.08,20222.249736,197896.98349200003
2021-01-14,11.492171328765746,4787.494,7011.569733,8064.25,3984.72,2854.99,123480.52,19758.063024,201797.6868
2021-01-15,11.49302967904229,4787.918,7007.736511,8045.841,3965.79,2857.94,120348.8,19972.855475,192196.934456
2021-01-18,11.493888093429018,4788.401,7017.273574,8040.978,3967.89,2860.21,121241.63,19961.92755,191946.68026199998
2021-01-19,11.494746571930715,4789.129,7011.415716,8019.018,3973.23,2866.3,120636.39,20331.006537999998,195285.255352
2021-01-20,11.495605114552172,4789.648,7014.043641,8011.395,3978.48,2870.21,119646.4,20446.775354999998,185329.049481
2021-01-21,11.496463721298177,4790.015,6986.925922,7987.044,3971.03,2870.6,118328.99,20654.381735000003,167338.7285
2021-01-22,11.49732239217352,4790.504,6961.382594,7958.96,3959.66,2862.97,117380.49,21014.761635,182289.80626500002
2021-01-25,11.498181127182992,4790.885,6963.240341,7960.742,3956.69,2862.97,117380.49,21190.986240000002,179742.640485
2021-01-26,11.499039926331381,4791.332,6996.664241,7979.476,3951.66,2861.74,116464.06,20596.621885999997,171300.769112
2021-01-27,11.499898789623478,4791.635,7003.18871,7998.037,3925.52,2861.18,115882.3,20293.916161999998,167760.25200999997
2021-01-28,11.500757717064074,4792.016,7028.074359,8027.932,3950.5,2872.16,118883.25,20605.24089,180885.85280999998
2021-01-29,11.501616708657961,4792.448,7054.817693,8058.994,3924.94,2879.45,115067.55,20323.207008,189545.652153
2021-02-01,11.50247576440993,4792.637,7050.929845,8051.46,3953.82,2874.91,117517.57,20551.309402000003,183328.510274
2021-02-02,11.503334884324772,4792.987,7068.935468,8111.801,3972.6,2880.7,118233.81,20506.725814,191265.73126
2021-02-03,11.504194068407282,4793.098,7076.039847,8129.432,3986.69,2881.84,119724.72,20599.803311000003,200583.429585
2021-02-04,11.50505331666225,4793.288,7053.074289,8109.827,3990.2,2883.22,119260.82,21032.453201999997,204695.20249899998
2021-02-05,11.505912629094471,4793.535,7046.198095,8116.311,4006.56,2894.79,120240.26,20898.318861,203555.62502799995
2021-02-08,11.506772005708738,4793.777,7041.033158,8113.559,4012.28,2892.19,119696.36,20978.164984,239440.46622399997
2021-02-09,11.507631446509844,4793.861,7027.155493,8088.286,4009.25,2892.1,119471.62,21051.804352,254780.04844799996
2021-02-10,11.508490951502583,4793.956,7041.740787,8106.159,3999.73,2892.16,118435.33,21053.530835999998,242524.24949699998
2021-02-11,11.50935052069175,4794.1,7040.052522,8106.439,4010.06,2893.98,119299.83,21091.272852,252747.431238
2021-02-12,11.51021015408214,4794.317,7023.082742,8101.867,4015.12,2897.24,119428.72,21159.941808,257840.701392
2021-02-17,11.511069851678547,4794.536,7001.422549,8080.587,4024.82,2895.4,120355.79,21275.178560999997,283575.352914
2021-02-18,11.51192961348577,4794.675,7003.105569,8087.57,4017.66,2890.77,119198.97,21257.945261,282631.436689
2021-02-19,11.5127894395086,4794.767,6984.55188,8072.299,4022.34,2893.97,118430.53,21048.181467,299712.794316
2021-02-22,11.513649329751836,4794.926,6946.651633,8012.673,3987.76,2874.92,112667.7,21165.69,299964.9744
2021-02-23,11.514509284220274,4794.839,6969.377846,8003.168,3993.76,2890.43,115227.46,21120.474854999997,260990.22917999997
2021-02-24,11.515369302918712,4794.791,6935.240988,7979.101,4000.86,2892.0,115667.78,21259.736337,264071.322627
2021-02-25,11.516229385851947,4794.852,6905.268083,7953.143,3967.23,2893.8,112256.36,21142.552008000002,265478.67541200004
2021-02-26,11.517089533024775,4794.948,6889.824002,7936.756,3944.47,2886.53,110035.17,21355.016795,255914.253798
2021-03-01,11.517949744441996,4795.378,6859.30766,7904.808,3958.31,2877.22,110334.83,21984.414608000003,275276.50016
2021-03-02,11.518810020108408,4795.962,6838.021656,7885.663,3955.07,2858.81,111539.8,21923.257705,268786.75595
2021-03-03,11.519670360028808,4796.626,6805.450651,7899.042,3944.44,2848.75,111183.95,21479.431476,286522.542842
2021-03-04,11.520530764207997,4796.851,6901.299344,7972.78,3943.1,2847.69,112690.17,21361.949041999997,271632.963168
2021-03-05,11.521391232650775,4797.212,6944.287422,8045.035,3964.81,2852.68,115202.23,21834.129214,278773.84310299996
2021-03-08,11.52225176536194,4797.55,6881.989487,7996.946,3928.07,2845.42,110611.58,22229.939355000002,301795.35766200005
2021-03-09,11.523112362346295,4797.797,6860.741563,7971.237,3934.21,2842.75,111330.62,22503.129904,315414.86039600003
2021-03-10,11.523973023608637,4798.082,6852.663694,7984.052,3931.67,2833.63,112776.49,22115.999725,322945.52205
2021-03-11,11.52483374915377,4798.183,6861.138371,8003.268,3961.52,2837.05,114983.76,21823.155732,319225.54599599994
2021-03-12,11.525694538986492,4798.216,6840.843569,7981.116,3959.95,2838.26,114160.4,21909.197040000003,316502.87376
2021-03-15,11.52655539311161,4798.343,6841.053536,7986.042,3963.95,2830.93,114850.74,22293.932874,316886.505831
2021-03-16,11.52741631153392,4798.395,6853.030356,7994.728,3960.68,2822.95,114018.78,22289.847479,317177.70493500005
2021-03-17,11.528277294258228,4798.593,6849.618379,8001.187,3975.84,2817.2,116549.44,22204.203264,322670.07475200004
2021-03-18,11.5294738141586,4798.918,6851.431294,7978.457,3949.49,2808.71,114835.43,21775.047698000002,319783.14756300004
2021-03-19,11.53067045824577,4799.799,6823.249367,7915.473,3958.61,2819.14,116221.58,21486.04948,320717.682908
2021-03-22,11.531867226532633,4800.733,6798.273506,7886.381,3958.61,2815.54,114978.86,21701.223189000004,300438.904293
2021-03-23,11.533064119032074,4801.248,6765.791558,7857.891,3933.15,2813.96,113261.8,21600.930375999997,300757.43192799995
2021-03-24,11.534261135756989,4801.676,6731.909023,7837.993,3914.5,2814.61,112064.19,21865.522908,303883.11465400003
2021-03-25,11.53545827672027,4801.897,6756.042831,7854.868,3931.89,2813.8,113749.9,22082.141816,293717.304783
2021-03-26,11.536655541934811,4802.334,6754.301217,7874.724,3945.28,2817.7,114780.62,22881.029326,310886.93468099996
2021-03-29,11.537852931413509,4802.516,6728.52429,7866.287,3943.87,2818.9,115418.72,22966.004796999998,331003.416355
2021-03-30,11.539050445169261,4802.747,6773.662091,7881.306,3954.78,2831.81,116849.67,22858.646975,338811.107415
2021-03-31,11.540248083214966,4803.183,6779.536384,7900.167,3963.24,2846.77,116633.72,22382.070392999998,332164.07873999997
2021-04-01,11.541445845563523,4803.415,6756.931084,7898.129,3966.52,2850.01,115253.31,22949.839817,336036.36999800004
2021-04-05,11.542643732227834,4803.736,6762.70325,7888.273,3966.52,2847.64,117518.44,23103.399104999997,333126.52767
2021-04-06,11.543841743220803,4803.845,6751.834402,7875.413,3982.14,2843.98,117498.87,22780.250298000003,325682.24787900003
2021-04-07,11.545039878555333,4803.802,6728.777889,7869.163,3982.23,2843.3,117623.58,22914.223185,315791.29453199997
2021-04-08,11.546238138244329,4804.032,6782.253406,7924.922,3990.34,2842.59,118313.23,22828.611805999997,321376.743688
2021-04-09,11.547436522300698,4804.332,6753.730683,7884.751,3992.5,2849.29,117669.9,23470.1636,331597.3492
2021-04-12,11.548635030737348,4804.193,6755.156686,7887.92,3997.03,2845.01,118811.74,23673.609850999997,343967.373408
2021-04-13,11.549833663567188,4804.157,6731.678951,7854.529,3996.38,2843.37,119297.13,23683.268256,361366.053504
2021-04-14,11.55103242080313,4804.125,6755.651537,7870.793,3996.89,2840.54,120294.68,23318.76531,352689.018165
2021-04-15,11.552231302458086,4804.362,6783.502615,7890.065,3996.89,2843.51,120700.67,23422.746887999998,356137.55275599996
2021-04-16,11.553430308544968,4804.366,6823.2437,7922.739,4011.06,2847.43,121113.93,23388.824907000002,346492.487502
2021-04-19,11.554629439076692,4804.709,6841.527059,7934.289,4011.06,2840.8,120933.78,23101.097088000002,311902.986432
2021-04-20,11.555828694066173,4804.904,6818.392032,7897.549,3995.43,2841.92,120061.99,23020.864955999998,316231.10370000004
2021-04-22,11.55702807352633,4805.186,6860.470036,7948.028,3991.36,2839.26,119371.48,22522.409063999996,281019.148992
2021-04-23,11.558227577470083,4805.184,6878.128829,7963.13,4006.88,2844.63,120530.06,22890.192903000003,276903.777948
2021-04-26,11.55942720591035,4805.504,6882.086527,7971.628,4014.86,2844.48,120594.61,22767.671177999997,289584.897903
2021-04-27,11.560626958860052,4805.659,6869.982765,7968.893,4010.42,2845.36,119388.37,22827.672128000002,300932.241288
2021-04-28,11.561826836332113,4805.88,6879.233608,7983.727,4020.49,2842.39,121052.52,22358.260464000003,290963.85686400003
2021-04-29,11.563026838339455,4806.247,6885.384373,7985.769,4020.49,2849.01,120065.75,22487.565212,282950.20964
2021-04-30,11.564226964895008,4806.638,6871.849494,7951.604,4014.13,2861.15,118893.84,22735.529992,308934.198944
2021-05-03,11.565427216011695,4806.852,6850.736268,7943.62,4013.92,2862.43,119209.48,22819.390582,309208.821882
2021-05-04,11.566627591702446,4807.22,6818.972149,7896.927,4013.92,2856.22,117712.0,22670.32671,298142.617965
2021-05-05,11.56782809198019,4807.529,6837.45083,7900.459,4012.0,2855.05,119564.44,22319.528245,304703.52892
2021-05-06,11.569363027089715,4808.196,6823.808236,7910.684,4014.61,2855.28,119920.61,22176.990684,295344.161754
2021-05-07,11.57089816586978,4808.88,6819.256538,7942.771,4037.62,2856.63,122038.11,22168.2425,302121.992625
2021-05-10,11.572433508347409,4809.712,6808.414587,7949.717,4026.17,2846.28,121909.03,21896.274354,289143.396918
2021-05-11,11.573969054549632,4810.758,6833.903807,7984.206,4030.82,2839.4,122964.01,21676.86847,297116.928324
2021-05-12,11.575504804503481,4811.688,6793.673192,7958.121,4000.86,2831.09,119710.03,21560.52176,289113.031265
2021-05-13,11.577040758235992,4812.583,6803.016392,7968.121,4003.37,2827.6,120705.91,21836.5525,261841.158538
2021-05-14,11.578576915774203,4813.54,6798.100885,7971.067,4003.37,2826.1,121880.82,22010.38059,259417.31930399998
2021-05-17,11.580113277145157,4814.539,6813.675151,8008.848,4029.9,2811.1,122937.87,21958.024118,236368.96913600003
2021-05-18,11.581649842375903,4816.08,6798.064663,7953.853,4026.19,2808.13,122979.96,21717.751979,227784.616268
2021-05-19,11.583186611493488,4817.586,6791.445222,7955.413,4016.94,2801.32,122636.3,21856.730208,203587.745766
2021-05-20,11.584723584524967,4818.521,6813.989798,7985.592,4026.11,2806.47,122700.79,21979.285552,211798.78825399998
2021-05-21,11.586260761497398,4819.494,6825.719131,7992.681,4025.85,2804.05,122592.47,22303.669447999997,189186.998848
2021-05-24,11.587798142437842,4820.37,6811.396674,7977.828,4025.85,2802.82,124031.62,22321.171015,207542.19012800002
2021-05-25,11.589335727373363,4821.089,6833.984548,7973.758,4030.75,2799.18,122987.71,22329.015095000002,200712.31475
2021-05-26,11.59087351633103,4821.604,6855.576081,7986.83,4037.36,2788.35,123989.17,22289.09888,205970.144
2021-05-27,11.592411509337913,4822.06,6888.656512,8017.375,4048.85,2792.67,124366.57,22009.250496,201684.52336800002
2021-05-28,11.593949706421087,4822.69,6906.811149,8046.049,4056.99,2811.62,125561.37,21969.417627,184040.58385199998
2021-05-31,11.595488107607633,4823.443,6892.286865,8035.735,4062.88,2816.46,126215.73,21940.409268,191482.41673199998
2021-06-01,11.597026712924631,4824.162,6887.399177,8061.694,4062.88,2811.56,128267.05,21648.069671999998,187128.728364
2021-06-02,11.59856552239917,4825.067,6909.278349,8105.616,4078.02,2821.95,129601.44,21362.100368,191609.37793199997
2021-06-04,11.600104536058337,4825.971,6930.969254,8141.112,4080.46,2827.76,130125.78,21358.406566,187114.555426
2021-06-07,11.601643753929228,4826.776,6914.979474,8123.11,4081.73,2827.51,130776.27,21326.597268,173870.310266
2021-06-08,11.603183176038938,4827.467,6922.026032,8135.509,4075.77,2829.65,129787.11,21280.872292000004,169299.944632
2021-06-09,11.604722802414567,4828.202,6910.077256,8137.923,4073.34,2831.97,129906.8,21361.04992,184313.833536
2021-06-10,11.60626263308322,4828.797,6894.15834,8116.828,4075.79,2831.3,130076.17,21434.565834,184527.44372799998
2021-06-11,11.607802668072004,4829.482,6876.237698,8096.495,4069.2,2828.76,129441.03,21738.822664,190148.41891500002
2021-06-14,11.609342907408031,4830.238,6884.461318,8112.297,4080.4,2821.96,130207.96,21539.5693,201627.45796000003
2021-06-15,11.610883351118416,4830.834,6894.581964,8101.539,4080.27,2819.37,130091.08,21427.019163,201569.50878899998
2021-06-16,11.612423999230275,4831.518,6889.728014,8102.194,4077.96,2815.53,129259.49,21350.381129999998,194777.93425
2021-06-17,11.614297896091031,4832.324,6864.298031,8043.726,4066.35,2812.84,128057.22,21143.919252,189047.129664
2021-06-18,11.616172095342524,4833.199,6829.05799,8007.329,4064.81,2813.31,128405.35,21208.480434999998,180793.763093
2021-06-21,11.61804659703355,4834.116,6862.796903,8038.571,4079.53,2811.17,129264.96,21188.166808,163408.205368
2021-06-22,11.619921401212913,4834.967,6852.987543,8013.359,4079.53,2797.57,128767.45,21060.643824,163188.297792
2021-06-23,11.621796507929428,4835.824,6854.051222,8030.917,4084.93,2780.49,128427.98,21069.219279999998,164204.94705999998
2021-06-24,11.623671917231913,4836.698,6879.526235,8058.495,4095.07,2781.25,129513.62,20968.091754,171322.46454000002
2021-06-25,11.625547629169198,4837.634,6881.364464,8050.728,4090.09,2725.08,127255.61,21122.25801,158960.004133
2021-06-28,11.627423643790117,4838.59,6916.886319,8075.163,4094.54,2705.84,127429.17,21138.119225999995,170843.50168199997
2021-06-29,11.629299961143516,4839.486,6924.663463,8074.81,4094.67,2746.1,127327.44,21272.3067,179267.6833
2021-06-30,11.631176581278247,4840.405,6906.569462,8069.512,4091.19,2754.89,126801.66,21356.856,171873.61599999998
2021-07-01,11.633053504243168,4841.322,6887.672965,8068.264,4086.52,2754.03,125666.19,21811.37706,168747.678
2021-07-02,11.634930730087149,4842.204,6892.304651,8095.556,4097.86,2760.17,127621.65,22021.534698000003,167691.815608
2021-07-05,11.636808258859064,4843.086,6878.743234,8089.729,4096.51,2755.59,126920.05,22175.607534000002,172496.444736
2021-07-06,11.638686090607797,4843.987,6858.27887,8073.146,4070.87,2761.49,125094.88,22583.801875999998,176556.597734
2021-07-07,11.640564225382239,4844.958,6880.135388,8099.274,4075.44,2762.35,127018.71,22803.915225,180755.97995
2021-07-08,11.64244266323129,4845.796,6870.949976,8089.031,4056.16,2762.03,125427.77,22729.241528,172623.866092
2021-07-09,11.644321404203856,4846.616,6873.038526,8092.091,4063.56,2762.03,125427.77,22985.58082,176342.127228
2021-07-12,11.646200448348853,4847.52,6861.267592,8073.228,4076.5,2797.9,127593.83,22686.952546,169970.34857799998
2021-07-13,11.648079795715205,4848.52,6851.172218,8066.773,4085.56,2823.81,128167.74,22559.978914,167853.562756
2021-07-14,11.64995944635184,4849.593,6884.330813,8100.531,4085.78,2830.85,128406.51,22183.82502,166412.057462
2021-07-15,11.651839400307699,4850.564,6882.8008,8115.119,4075.11,2838.73,127467.88,22288.037357,162345.611603
2021-07-16,11.653719657631727,4851.566,6902.057596,8139.074,4067.77,2841.35,125960.26,22134.288832,162880.807152
2021-07-19,11.65560021837288,4852.634,6907.115304,8141.102,4033.75,2836.18,124394.57,22364.311932999997,161628.367363
2021-07-20,11.65748108258012,4853.777,6924.473453,8165.259,4046.31,2839.66,125401.36,22573.290096,155945.85144799997
2021-07-21,11.659362250302417,4854.841,6923.674639,8166.149,4059.3,2837.73,125929.25,22613.319589,165078.441827
2021-07-22,11.661243721588749,4856.053,6924.989863,8171.243,4066.98,2834.13,126146.66,22718.320716,167743.12117499998
2021-07-23,11.663125496488101,4857.166,6881.957522,8137.687,4065.91,2828.23,125052.78,22941.308,169003.64
2021-07-26,11.66500757504947,4858.225,6880.304632,8114.943,4063.49,2825.37,126003.86,22892.03595,195421.57152
2021-07-27,11.666889957321857,4859.535,6870.532066,8084.124,4043.27,2817.51,124612.03,22759.509513999998,196724.30505
2021-07-28,11.66877264335427,4860.504,6866.517547,8081.442,4054.41,2816.91,126285.59,22517.194752,204600.10895999995
2021-07-29,11.670655633195729,4861.418,6886.356333,8091.803,4062.71,2818.91,125675.33,22454.143065,201831.86068800002
2021-07-30,11.672538926895259,4862.208,6825.791657,8039.382,4028.14,2824.12,121800.79,22907.655594,212068.40631299998
2021-08-02,11.674422524501892,4863.03,6816.292973,8043.069,4030.13,2812.66,122515.74,22700.481988,201055.86060899997
2021-08-03,11.676306426064672,4863.769,6813.613575,8069.038,4033.93,2800.61,123576.56,22988.87981,197880.35033
2021-08-04,11.678190631632646,4864.548,6816.549338,8062.161,4027.52,2792.66,121801.21,22756.909273999998,205486.41478199998
2021-08-05,11.68051809502553,4865.355,6762.785233,8009.37,4034.98,2781.02,121632.92,23249.67463,214693.010448
2021-08-06,11.682846022281868,4866.31,6770.898548,8015.059,4044.43,2778.56,122810.36,23209.210728000002,223482.844614
2021-08-09,11.68517441349411,4867.366,6759.860034,7977.998,4046.2,2769.53,123019.38,23200.249605,237974.88469300003
2021-08-10,11.68750326875472,4868.31,6783.9381,7984.702,4048.89,2755.49,122202.47,23027.176175,236891.21529000002
2021-08-11,11.689832588156182,4869.354,6777.158172,7971.417,4046.7,2739.91,122056.34,23229.00279,242048.59062299997
2021-08-12,11.692162371791001,4870.35,6752.377468,7935.055,4042.07,2722.32,120700.98,23434.524322,233671.809874
2021-08-13,11.6944926197517,4871.268,6727.686097,7882.917,4035.54,2741.11,121193.75,23446.7236,249842.36727599998
2021-08-16,11.696823332130815,4872.393,6703.670492,7857.239,4012.2,2725.1,119180.03,23565.962426000002,242398.505466
2021-08-17,11.699154509020909,4873.426,6702.257486,7872.605,3997.84,2708.3,117903.81,23547.245904,238179.17898
2021-08-18,11.701486150514556,4874.434,6656.148897,7808.407,3992.73,2703.4,116642.62,23714.815138,240079.823298
2021-08-19,11.703818256704354,4875.302,6680.508819,7837.081,3999.27,2690.63,117164.69,23856.96642,252269.307051
2021-08-20,11.706150827682915,4876.301,6714.875053,7877.505,4011.78,2705.34,118052.77,23897.072934000003,261843.735006
2021-08-23,11.708483863542872,4877.362,6684.366173,7845.428,4010.67,2719.43,117471.67,24102.111165,266415.88794
2021-08-24,11.710817364376876,4878.418,6712.492377,7904.624,4028.05,2720.6,120210.75,23542.389171,253703.467505
2021-08-25,11.713151330277597,4879.521,6743.983191,7967.388,4039.1,2720.95,120817.71,23444.483516999997,254002.26660899998
2021-08-26,11.715485761337721,4880.548,6745.851733,7963.077,4025.41,2723.55,118723.97,23499.684,247279.919796
2021-08-27,11.717820657649956,4881.543,6761.108859,7995.374,4040.01,2731.21,120677.6,23465.859606,254579.314878
2021-08-30,11.720156019307025,4882.605,6767.375626,7984.892,4035.92,2741.19,119739.96,23482.229029000002,252249.41139000002
2021-08-31,11.722491846401672,4883.753,6732.708848,7951.784,4033.08,2749.84,118781.03,23304.917772,242230.254237
2021-09-01,11.72482813902666,4885.261,6734.106735,7963.086,4037.66,2750.74,119395.6,23463.287967,250355.718613
2021-09-02,11.727164897274768,4886.409,6696.880214,7930.469,4030.79,2745.42,116677.08,23521.817274999998,256954.70745
2021-09-03,11.729502121238795,4887.853,6690.858861,7921.805,4034.61,2733.24,116933.24,23551.580904000002,260432.00585599997
2021-09-06,11.731839811011557,4889.041,6700.297957,7927.1,4038.27,2732.95,117868.63,23447.719557000004,268497.412326
2021-09-08,11.734177966685893,4890.129,6657.448763,7882.78,4020.87,2715.09,113412.84,24016.206620999998,245056.84861599997
2021-09-09,11.736516588354654,4891.035,6622.316244,7946.985,4027.15,2720.14,115360.86,23396.50896,240855.5127
2021-09-10,11.738855676110713,4892.039,6642.070773,7954.871,4024.8,2727.91,114285.93,23393.723402,236518.761289
2021-09-13,11.741195230046962,4893.188,6653.182322,7971.434,4035.39,2727.5,116403.72,23308.001933999996,235689.06681599998
2021-09-14,11.743535250256311,4894.288,6674.779709,7988.621,4034.54,2728.31,116180.55,23292.689625,245496.73364999998
2021-09-15,11.745875736831687,4895.287,6663.209791,7998.146,4042.17,2730.93,115062.54,23400.007680000002,250370.10739200003
2021-09-16,11.748216689866037,4896.321,6663.167398,7983.774,4041.49,2727.68,113794.28,23516.266875,247840.71597
2021-09-17,11.750558109452328,4897.464,6651.399236,7967.684,4033.61,2729.83,111439.37,23448.300605,248555.456325
2021-09-20,11.752899995683542,4898.556,6668.694477,7972.008,4007.25,2700.59,108843.74,23206.219569,231852.16585800002
2021-09-21,11.755242348652683,4899.604,6721.9006,7992.424,4018.04,2699.37,110249.73,22960.950126999996,215818.97804199997
2021-09-22,11.757585168452769,4900.663,6731.364945,7992.723,4027.91,2702.5,112282.28,23251.616908,229843.548155
2021-09-23,11.760370187651619,4901.688,6706.644993,7967.267,4049.69,2705.38,114064.36,23596.500124,237133.95875999998
2021-09-24,11.763155866537968,4902.903,6692.133804,7966.63,4054.89,2709.4,113282.67,23767.75806,229285.02513000002
2021-09-27,11.765942205268074,4904.097,6675.240284,7967.346,4057.13,2711.76,113583.01,23953.250320999996,230237.65378899997
2021-09-28,11.768729203998236,4905.304,6657.331064,7959.191,4035.95,2700.32,110123.85,23632.604585,226876.54405
2021-09-29,11.771516862884786,4906.547,6673.234455,7966.042,4038.34,2700.36,111106.83,23606.039954,222688.087394
2021-09-30,11.774305182084097,4907.754,6659.524807,7941.204,4039.3,2715.67,110979.1,23445.509466,236419.709415
2021-10-01,11.777094161752578,4909.098,6684.260662,7974.953,4050.05,2714.62,112899.64,23372.469672,258199.31547
2021-10-04,11.77988380204667,4911.032,6676.82726,7961.625,4033.15,2707.39,110393.09,23458.579254,267323.647635
2021-10-05,11.782674103122861,4913.367,6671.033257,7947.924,4038.94,2707.94,110457.64,23797.597292,281877.811859
2021-10-06,11.785465065137668,4915.001,6704.28537,7968.411,4035.78,2711.0,110559.57,23965.925665000002,301729.93587000004
2021-10-07,11.788256688247646,4916.45,6686.294222,7956.152,4047.57,2710.86,110585.43,24281.395488,299031.98371199996
2021-10-08,11.79104897260939,4917.891,6727.87998,7977.473,4060.84,2716.47,112833.2,24189.69639,297422.14813499997
2021-10-11,11.793841918379531,4919.301,6717.198996,7959.55,4059.07,2727.06,112180.48,24157.067529,317620.30265
2021-10-13,11.796635525714738,4920.77,6729.392001,7963.302,4056.52,2727.86,113455.92,24068.10252,314283.321198
2021-10-14,11.799429794771713,4922.015,6721.788431,7954.384,4061.11,2732.67,113185.48,24469.902684,316706.456736
2021-10-15,11.8022247257072,4923.383,6699.0062,7931.139,4074.77,2743.93,114647.99,24420.834391999997,341495.660872
2021-10-18,11.805020318677977,4924.729,6688.940219,7916.212,4078.05,2747.55,114428.18,24730.264812,338269.60276800004
2021-10-19,11.807816573840862,4926.088,6586.048161,7868.854,4061.42,2740.06,110672.76,25240.325698,358091.867826
2021-10-20,11.810613491352706,4927.225,6583.13242,7848.49,4059.05,2738.39,110786.43,25394.498858,369460.76657000004
2021-10-21,11.813411071370401,4928.431,6489.191566,7803.478,4048.86,2724.94,107735.01,25747.205019999998,354708.55337
2021-10-22,11.816209314050877,4929.589,6480.613319,7788.072,4033.16,2712.38,106296.18,25678.685,343101.95650000003
2021-10-25,11.819008219551096,4930.695,6462.939186,7743.081,4043.06,2708.0,108714.55,25371.362879999997,347498.01984
2021-10-26,11.82180778802806,4931.926,6416.394168,7715.424,4027.86,2693.64,106419.53,25463.738619,345637.55509
2021-10-27,11.82460801963881,4933.182,6437.462425,7738.934,4013.41,2680.78,106363.1,25212.665856000003,326396.030592
2021-10-28,11.828067426961036,4934.436,6322.105705,7650.642,4012.41,2673.93,105704.96,25950.468036000002,346627.165564
2021-10-29,11.83152784636747,4936.044,6378.629827,7739.165,4009.78,2675.68,103500.71,25957.763832,351686.89802400005
2021-11-01,11.834989278154204,4937.545,6331.742219,7721.68,4023.42,2673.23,105550.86,26234.711721,345314.896976
2021-11-03,11.838451722617421,4939.031,6411.767506,7866.958,4040.16,2664.97,105616.88,25881.543381,348614.293998
2021-11-04,11.841915180053391,4940.514,6391.776301,7831.715,4029.18,2655.4,103412.09,26224.716210000002,343859.05767500005
2021-11-05,11.845379650758469,4942.023,6406.15111,7823.181,4036.69,2654.89,104824.23,26035.120519,337948.39326
2021-11-08,11.848845135029096,4943.525,6405.023493,7833.235,4035.95,2640.44,104781.13,26058.23191,366559.630242
2021-11-09,11.852311633161802,4945.083,6457.3196,7870.848,4032.66,2627.19,105535.08,25701.875924999997,371568.62322799995
2021-11-10,11.855779145453202,4946.596,6462.547659,7874.557,4045.02,2627.2,105967.51,25546.682237999998,353473.409058
2021-11-11,11.859247672199997,4948.093,6471.867584,7893.258,4062.03,2621.88,107594.67,25127.444642000002,351676.727494
2021-11-12,11.862717213698977,4949.614,6483.557538,7930.019,4059.02,2617.76,106334.54,25551.502740000004,349758.950352
2021-11-16,11.866187770247018,4951.091,6470.171659,7909.247,4051.69,2612.67,104403.66,25843.66784,332541.5776
2021-11-17,11.869659342141082,4952.611,6444.560474,7906.733,4037.47,2603.62,102948.45,25901.150814000004,332099.38099800004
2021-11-18,11.87313192967822,4954.162,6431.419499,7911.046,4037.78,2591.02,102426.0,26185.46964,320575.94074
2021-11-19,11.876605533155567,4955.701,6460.285785,7939.805,4038.26,2594.13,103035.02,26356.495192,324660.19822599995
2021-11-22,11.880080152870349,4957.239,6421.749254,7915.056,4034.06,2581.43,102122.37,26207.605416,314954.25516400003
2021-11-23,11.883555789119875,4958.798,6469.425567,7932.122,4045.6,2563.61,103653.82,26224.765559999996,322640.259912
2021-11-24,11.88703244220154,4960.467,6483.820763,7951.812,4048.5,2546.87,104514.19,26335.228189999998,321143.349505
2021-11-25,11.890510112412832,4961.975,6480.944463,7947.042,4058.96,2545.98,105811.25,26155.162272,327422.97048
2021-11-26,11.893988800051321,4963.469,6506.038802,7958.711,4008.94,2541.52,102224.26,25744.574784,302683.407168
2021-11-29,11.897468505414666,4964.955,6526.741672,7981.449,4018.61,2563.76,102814.03,26107.219687000004,327046.950809
2021-11-30,11.900949228800611,4966.51,6549.243903,8007.442,3990.07,2578.4,101915.45,25683.4379,321330.738479
2021-12-01,11.90443097050699,4968.024,6549.906921,7980.887,3979.51,2581.29,100774.57,25637.677632,323973.12679199997
2021-12-02,11.907913730831723,4969.472,6590.323125,8005.522,4001.4,2582.87,104466.24,25811.640030000002,320895.62558500003
2021-12-03,11.911397510072817,4970.906,6658.002279,8057.475,4002.43,2610.67,105069.69,25654.383261000003,303297.144729
2021-12-06,11.914882308528366,4972.4,6661.155129,8047.633,4019.49,2643.1,106858.87,26108.23562,284985.50416
2021-12-07,11.918368126496551,4973.835,6671.707762,8061.357,4031.65,2660.89,107557.67,26291.261475,283445.350884
2021-12-08,11.92185496427564,4975.314,6708.040853,8090.664,4040.97,2673.21,108095.53,25998.161421,280017.221811
2021-12-09,11.925997689657176,4976.799,6705.882378,8090.61,4027.29,2669.06,106291.24,26045.30449,267837.100352
2021-12-10,11.930141854594355,4978.553,6757.575255,8128.938,4037.68,2673.94,107758.34,26429.720180000004,268963.77762
2021-12-13,11.934287459587408,4980.245,6730.292393,8100.073,4028.23,2673.92,107383.32,26501.073720000004,265801.1202
2021-12-14,11.93843450513674,4981.953,6754.683618,8093.682,4019.14,2668.73,106759.92,26365.655055,274863.27249
2021-12-15,11.942582991742931,4983.704,6741.488472,8080.802,4031.45,2676.14,107431.18,26776.910205,279674.575074
2021-12-16,11.946732919906731,4985.472,6728.261032,8042.337,4021.15,2681.35,108326.33,26552.126891,273625.55766399996
2021-12-17,11.95088429012907,4987.419,6707.818163,8019.879,4017.55,2694.73,107200.56,26272.496976000002,266515.361277
2021-12-20,11.955037102911046,4989.399,6756.198166,8030.437,3996.12,2695.05,105019.78,26210.385156000004,269605.221768
2021-12-21,11.959191358753936,4991.207,6782.334927,8044.485,4015.29,2703.24,105499.88,26709.361427,282111.472258
2021-12-22,11.963347058159188,4993.009,6777.057314,8051.219,4017.47,2706.64,105243.72,26583.938568000005,277773.279185
2021-12-23,11.967504201628428,4994.794,6751.122729,8040.973,4021.73,2724.6,104891.32,26829.254988,288681.07824
2021-12-24,11.971662789663451,4996.557,6753.969442,8043.343,4021.88,2724.6,104891.32,26829.254988,289019.382588
2021-12-27,11.975822822766231,4998.309,6756.63404,8040.762,4032.68,2743.68,105554.4,26982.065603999996,287150.21556
2021-12-28,11.979984301438915,5000.024,6759.519094,8039.453,4032.76,2768.02,104864.17,26935.184625000005,267651.272025
2021-12-29,11.984147226183822,5001.74,6743.620789,8005.469,4030.47,2789.32,104107.24,27287.849192,268902.07638
2021-12-30,11.988311597503449,5003.367,6757.666867,8021.618,4040.91,2804.79,104822.44,26616.092481,263437.619995
2022-01-03,11.992477415900465,5006.85,6725.763346,8019.964,4040.78,2789.14,103921.59,27220.957656,261039.050226
2022-01-04,11.996644681877717,5008.677,6667.631097,8000.048,4038.01,2787.26,103513.64,27252.233608,262772.331784
2022-01-05,12.000813395938222,5010.607,6648.710277,7971.946,4014.68,2760.14,101005.64,26868.985338,249244.138468
2022-01-06,12.004983558585176,5012.422,6648.457966,7944.563,4020.43,2757.29,101561.05,26699.86188,245168.07532799998
2022-01-07,12.009155170321948,5014.463,6632.216111,7916.961,4022.59,2759.57,102719.47,26351.322426,235970.15584999998
2022-01-10,12.013328231652084,5016.265,6622.206216,7907.36,4020.86,2752.14,101945.2,26481.011328999997,236609.360631
2022-01-11,12.0175027430793,5018.105,6618.166874,7885.417,4032.64,2754.41,103778.98,26265.93911,237896.15571
2022-01-12,12.021678705107492,5020.125,6672.919105,7919.874,4042.77,2764.28,105685.66,26090.869905,241754.96934299998
2022-01-13,12.02585611824073,5022.098,6682.93203,7927.406,4031.63,2764.6,105529.5,25759.310966999998,236794.991251
2022-01-14,12.030034982983258,5024.196,6680.169681,7935.985,4043.7,2782.9,106927.79,25776.2348,239482.35759999996
2022-01-17,12.034215299839495,5026.177,6645.426642,7902.365,4044.11,2795.85,106373.87,25752.92055,230552.05676999997
2022-01-18,12.038397069314037,5028.249,6641.981132,7901.792,4044.11,2802.02,106667.66,25485.806191,236060.82448200003
2022-01-19,12.042580291911653,5030.342,6681.979534,7941.856,4050.58,2807.06,108013.47,24685.864236,227234.27454200003
2022-01-20,12.046764968137289,5032.416,6718.543323,7973.143,4064.28,2804.56,109101.99,24373.499555999995,224701.91384399997
2022-01-21,12.050951098496068,5034.381,6701.021398,7960.521,4050.45,2810.25,108941.68,23975.369909999998,200028.50957
2022-01-24,12.055138683493285,5036.533,6719.372254,7973.331,4040.88,2799.78,107937.11,24215.582817,202220.841924
2022-01-25,12.059327723634413,5038.73,6732.951597,7967.631,4053.68,2792.61,110203.77,23704.315740000002,199037.73570000002
2022-01-26,12.063518219425099,5040.806,6739.056731,7958.503,4069.02,2772.94,111289.18,23673.624039000002,197864.06841
2022-01-27,12.067710171371166,5042.803,6688.070368,7947.281,4077.83,2767.02,112611.65,23408.582355000002,195854.41897499998
2022-01-28,12.071903579978615,5044.649,6687.192916,7958.513,4080.12,2769.9,111910.1,23851.330330000004,203474.82531
2022-01-31,12.076098445753622,5046.494,6702.923109,7966.527,4091.0,2776.92,112143.51,23978.47361,204112.61796799998
2022-02-01,12.080294769202537,5048.426,6735.043709,7988.865,4096.58,2776.61,113228.31,23955.264606,204506.13619800002
2022-02-02,12.084492550831888,5050.275,6761.517773,8022.473,4092.98,2771.01,111894.36,24165.839328000002,194495.098608
2022-02-03,12.089346649799705,5052.237,6782.704433,8054.421,4094.44,2767.59,111695.94,23674.016256,195446.520292
2022-02-04,12.094202698561995,5054.479,6747.056981,8029.737,4111.68,2771.91,112244.94,23969.372726999998,216483.188775
2022-02-07,12.099060697901953,5056.876,6772.95622,8041.683,4108.1,2765.64,111996.4,23565.427172,231787.674244
2022-02-08,12.103920648603086,5059.165,6749.362695,8014.875,4109.29,2762.57,112234.46,23776.970244,232588.45644600003
2022-02-09,12.108782551449217,5061.416,6741.42115,7992.005,4113.45,2763.76,112461.39,24012.511146,232931.11559700003
2022-02-10,12.113646407224483,5063.606,6719.208516,7983.136,4128.21,2761.03,113367.77,23645.068776,229813.072074
2022-02-11,12.118512216713336,5065.877,6704.119159,7977.947,4122.64,2762.7,113572.35,23193.44136,223414.44675999996
2022-02-14,12.123379980700545,5068.024,6699.316246,7991.857,4133.21,2753.16,113899.19,22971.875562999998,220493.358289
2022-02-15,12.128249699971192,5070.509,6728.77195,8013.299,4144.05,2750.97,114828.18,23111.855044,227440.40618000002
2022-02-16,12.133121375310676,5073.006,6726.794388,8019.145,4145.22,2747.53,115180.95,22953.668793,226165.506798
2022-02-17,12.13799500750471,5075.85,6714.112311,8000.029,4132.01,2746.55,113528.48,22644.630122,210404.87721099998
2022-02-18,12.142870597339323,5078.891,6725.245368,7995.286,4125.03,2751.56,112879.85,22347.973156,205510.37572
2022-02-21,12.147748145600861,5082.51,6739.942007,8000.905,4118.77,2741.59,111725.3,22207.069767999998,189325.34597599998
2022-02-22,12.152627653075985,5086.102,6733.141764,7986.3,4128.67,2733.35,112891.8,21781.224648000003,191733.379506
2022-02-23,12.157509120551673,5088.664,6758.359338,8002.682,4132.58,2729.33,112007.61,21154.96575,187961.53274999998
2022-02-24,12.162392548815216,5090.747,6740.02987,8000.986,4131.29,2709.75,111591.87,21951.28208,196623.08007999999
2022-02-25,12.167277938654223,5092.736,6736.810714,8009.907,4140.33,2741.15,113141.94,22590.593729999997,200907.46289999998
2022-03-02,12.172165290856622,5094.822,6718.747573,8009.561,4137.29,2736.58,115173.61,22380.127080000002,224950.85344
2022-03-03,12.177054606210653,5096.955,6686.580653,8007.862,4139.42,2742.02,115165.55,21936.573277,211634.09728100002
2022-03-04,12.181945885504875,5098.607,6648.746076,7990.683,4128.34,2741.72,114473.78,21924.860775999998,199521.21175999998
2022-03-07,12.186839129528165,5100.59,6600.908319,7970.017,4121.36,2730.86,111593.46,21415.476384,192889.921536
2022-03-08,12.191734339069713,5102.708,6580.638055,7960.28,4139.88,2725.71,111203.45,21121.67601,195008.113449
2022-03-09,12.19663151491903,5104.617,6627.991622,7993.184,4163.01,2724.8,113900.34,21439.451196,209958.856758
2022-03-10,12.201530657865943,5106.272,6603.742148,8000.6,4174.94,2724.42,113663.13,21377.678976,197389.15305999998
2022-03-11,12.206431768700595,5108.249,6580.969051,8003.954,4163.25,2719.78,111713.07,21336.873250000004,197218.0525
2022-03-14,12.211334848213447,5110.202,6536.607609,7983.206,4161.62,2704.57,109927.62,21364.236645,198253.86618
2022-03-15,12.216239897195276,5112.275,6581.962605,8001.114,4163.17,2707.76,108959.3,22010.013065,203666.13903000002
2022-03-16,12.221146916437181,5114.297,6582.610041,8003.097,4180.27,2710.31,111112.43,22129.648866,209516.26149900001
2022-03-17,12.226492323886962,5116.381,6612.312542,8036.449,4197.38,2708.51,113076.33,22231.728630999998,205223.27520799998
2022-03-18,12.231840069364509,5118.639,6655.918158,8077.173,4216.15,2719.17,115310.91,22419.590696,209752.41247
2022-03-21,12.237190153892449,5120.851,6634.750558,8084.668,4239.96,2720.15,116154.53,22020.38448,203051.63968
2022-03-22,12.242542578493861,5123.155,6662.088899,8116.938,4259.92,2730.52,117272.44,22153.358583,209209.42027200002
2022-03-23,12.24789734419227,5125.523,6664.749986,8145.972,4266.14,2734.59,117457.34,21508.933608,204500.425086
2022-03-24,12.253254452011646,5128.07,6729.600039,8244.984,4284.17,2732.68,119052.91,21817.908288000002,211875.52342
2022-03-25,12.258613902976412,5130.281,6776.821883,8291.493,4306.04,2748.27,119081.13,21547.279274,211427.857904
2022-03-28,12.263975698111436,5132.553,6791.25767,8285.739,4301.17,2748.26,118737.78,21805.555664,228599.00069199997
2022-03-29,12.269339838442034,5134.754,6805.202695,8273.303,4303.43,2762.05,120014.17,22036.22648,225930.127828
2022-03-30,12.274706324993971,5136.997,6773.050525,8252.131,4294.86,2772.17,120259.76,21960.590174999998,225583.35065999997
2022-03-31,12.280075158793462,5139.107,6793.363399,8255.886,4287.32,2779.97,119999.23,21481.845096999998,217016.134086
2022-04-01,12.285446340867168,5141.166,6841.924418,8315.396,4315.72,2798.71,121570.15,21180.070912,215108.64793600002
2022-04-04,12.290819872242201,5143.23,6857.808912,8330.831,4321.24,2807.19,121279.51,21047.148992000002,212700.65132800004
2022-04-05,12.296195753946122,5145.216,6816.399282,8301.605,4319.86,2805.6,118885.15,21049.500704,213368.780783
2022-04-06,12.301573987006941,5146.802,6793.116782,8307.753,4309.53,2803.89,118227.75,21133.1034,206963.45208
2022-04-07,12.306954572453119,5148.276,6772.960927,8322.5,4315.01,2805.35,118862.12,21392.198256,207148.67299199998
2022-04-08,12.312337511313565,5150.146,6731.247433,8308.488,4327.76,2808.83,118322.26,21089.530064,201182.740076
2022-04-11,12.31772280461764,5151.908,6698.263923,8252.307,4318.84,2807.58,116952.85,20724.329651,187146.915649
2022-04-12,12.323110453395152,5153.646,6695.303368,8261.458,4315.58,2808.97,116146.86,20558.078749999997,184821.824
2022-04-13,12.328500458676364,5155.225,6696.735104,8281.652,4320.88,2803.59,116781.96,20858.95369,193524.95331999997
2022-04-14,12.333892821491986,5156.935,6676.794948,8281.024,4331.49,2808.6,116181.61,20651.322625999997,187660.753302
2022-04-18,12.33928754287318,5158.536,6697.844527,8308.126,4335.14,2801.91,115687.25,20434.972739,189258.653877
2022-04-19,12.344684623851558,5159.847,6699.338909,8302.172,4343.38,2805.38,115056.66,20830.042501,192782.72699
2022-04-20,12.350084065459185,5160.347,6701.837827,8311.159,4347.19,2808.21,114343.78,20612.023844999996,191497.254459
2022-04-22,12.355485868728579,5162.42,6685.357644,8294.737,4339.14,2810.29,111077.51,20487.884058,190027.764891
2022-04-25,12.360890034692703,5164.552,6716.027057,8309.87,4332.06,2805.31,110684.95,20952.177239999997,195987.99985999998
2022-04-26,12.366296564384978,5167.063,6690.75528,8289.367,4324.09,2801.99,108212.86,20868.06712,190545.165312
2022-04-27,12.371705458839276,5169.444,6718.074197,8307.904,4330.61,2801.2,109349.37,20779.63734,194224.567845
2022-04-28,12.37711671908992,5172.254,6720.897697,8326.369,4346.48,2804.83,109918.97,21187.9675,197124.79448599997
2022-04-29,12.382530346171682,5174.802,6723.004089,8324.496,4345.76,2813.06,107876.16,20544.369153000003,191724.37488400002
2022-05-02,12.387946341119795,5177.207,6699.863526,8315.768,4338.55,2798.16,106638.64,21130.1073,194818.60485
2022-05-03,12.393364704969938,5179.647,6701.320759,8319.319,4344.23,2794.89,106528.09,20714.55628,187450.49202
2022-05-04,12.398785438758246,5182.156,6725.126094,8368.697,4367.72,2787.91,108343.74,21161.136570000002,195857.42393000002
2022-05-05,12.404647460525835,5184.764,6676.607149,8342.949,4353.47,2782.46,105304.19,20853.779856,183330.033376
2022-05-06,12.410512253798696,5187.634,6640.83805,8326.264,4353.09,2779.36,105134.73,20943.680862,183247.379097
2022-05-09,12.416379819887169,5190.417,6666.222911,8330.679,4329.81,2769.8,103250.02,20597.991392,159774.75544
2022-05-10,12.422250160102212,5193.175,6691.646639,8310.234,4333.87,2768.12,103109.94,20540.990595,159155.161137
2022-05-11,12.428123275755405,5195.862,6670.276806,8321.953,4339.92,2763.86,104396.9,20218.167804,145927.803084
2022-05-12,12.433999168158948,5198.64,6658.695691,8349.441,4339.02,2755.79,105687.64,20180.174784,146579.2845
2022-05-13,12.43987783862566,5201.3,6659.190418,8379.436,4362.08,2771.87,106924.18,20364.90729,150616.01793
2022-05-16,12.445759288468983,5204.077,6683.541631,8421.899,4367.99,2768.63,108232.74,20284.137809000003,151365.192875
2022-05-17,12.451643519002976,5206.776,6694.089374,8414.841,4377.25,2776.62,108789.33,20193.603495,148545.23085999998
2022-05-18,12.457530531542325,5209.418,6700.683263,8412.6,4361.85,2777.46,106247.15,19495.981184,145118.226232
2022-05-19,12.463420327402332,5212.06,6733.5758,8413.036,4365.84,2779.16,107005.22,19229.334383999998,149027.131968
2022-05-20,12.469312907898923,5214.537,6757.713384,8417.607,4370.28,2784.57,108487.88,19039.026936,142094.50611299998
2022-05-23,12.475208274348647,5217.086,6773.238066,8414.444,4381.87,2789.37,110345.82,19130.029875,141123.175155
2022-05-24,12.481106428068674,5219.489,6734.633517,8373.885,4372.9,2791.1,110580.79,18996.751156000002,141883.77451
2022-05-25,12.4870073703768,5221.93,6730.086294,8383.53,4378.21,2793.18,110579.81,19202.942472,143655.18974399997
2022-05-26,12.492911102591439,5224.488,6770.333275,8405.853,4391.18,2795.69,111889.88,19353.056312,140396.50721500002
2022-05-27,12.49881762603163,5226.991,6765.332023,8399.696,4393.81,2806.52,111941.68,19670.970144,135904.93434
2022-05-30,12.50472694201704,5229.561,6718.711038,8366.022,4387.34,2812.62,111032.11,19769.936256,148611.79905600002
2022-05-31,12.510639051867955,5232.125,6743.686147,8404.822,4393.69,2820.45,111350.51,19559.945239999997,150473.002208
2022-06-01,12.516553956905286,5234.667,6724.422731,8397.358,4398.86,2823.08,111359.94,19751.933802999996,142660.63592099998
2022-06-02,12.52247165845057,5237.2,6710.674612,8398.692,4407.08,2826.25,112392.91,20037.876267999996,145002.278532
2022-06-03,12.528392157825968,5239.772,6720.68601,8415.966,4405.95,2830.26,111102.32,19613.759106,141500.78295
2022-06-06,12.534315456354264,5242.3,6716.820532,8418.886,4404.67,2829.29,110185.91,19760.608278,150736.086912
2022-06-07,12.540241555358872,5244.854,6687.487414,8391.938,4406.15,2824.87,110069.76,20266.256212,152609.242429
2022-06-08,12.546170456163829,5247.461,6686.79531,8398.99,4410.66,2822.8,108367.67,20162.745653,147847.67525300002
2022-06-09,12.552102160093797,5249.982,6722.720977,8409.968,4410.74,2817.79,107093.71,19715.844522,148004.711514
2022-06-10,12.558036668474067,5252.633,6723.965717,8414.007,4411.45,2813.64,105481.23,19455.929335999997,145525.15036399997
2022-06-13,12.563973982630554,5255.32,6680.824194,8389.826,4410.41,2802.54,102598.18,19183.107079999998,118740.36476
2022-06-14,12.5699141038898,5257.989,6627.224496,8375.103,4404.92,2801.27,102063.25,19115.945352,112410.753012
2022-06-15,12.575857033578977,5260.673,6693.591892,8438.727,4411.04,2804.38,102806.82,19159.157447999998,109395.99400800001
2022-06-17,12.582023856592533,5263.325,6742.198402,8454.506,4393.67,2802.02,99824.94,18939.390392,106325.67705200001
2022-06-20,12.588193703631092,5266.266,6755.689785,8429.813,4393.54,2811.25,99852.67,19076.461924,106039.79365299999
2022-06-21,12.594366576177542,5269.072,6757.531911,8404.874,4391.22,2813.08,99684.5,19299.442977,106824.146235
2022-06-22,12.600542475715503,5271.764,6787.643418,8404.612,4381.46,2808.42,99522.32,19533.756516999998,103163.33186499999
2022-06-23,12.60672140372932,5274.58,6806.113004,8421.164,4374.66,2802.66,98080.34,19889.625200000002,108967.7912
2022-06-24,12.612903361704069,5277.385,6754.200058,8405.645,4375.66,2802.37,98672.26,20508.079298,111060.413114
2022-06-27,12.619088351125548,5280.14,6751.157718,8397.789,4382.52,2800.55,100763.6,20430.336224000002,109475.48816000002
2022-06-28,12.62527637348029,5282.879,6697.810934,8357.435,4383.74,2793.71,100591.41,20134.600485,106679.05699
2022-06-29,12.631467430255555,5285.383,6704.488042,8351.517,4380.23,2792.39,99621.58,19789.17706,104664.74050000001
2022-06-30,12.63766152293933,5287.88,6736.044448,8374.25,4376.35,2795.62,98541.95,19898.985584000002,98466.69784
2022-07-01,12.643858653020335,5290.5,6752.959981,8355.023,4376.35,2792.12,98953.9,20396.277027,103474.530411
2022-07-04,12.650058821988017,5293.101,6736.156011,8337.903,4369.29,2793.4,98608.76,20382.505838999998,105265.09555499998
2022-07-05,12.656262031332556,5295.759,6717.746968,8320.873,4359.8,2783.8,98294.64,20642.763042000002,110135.41411400001
2022-07-06,12.662468282544861,5298.402,6717.843533,8300.68,4366.05,2788.63,98718.98,20869.1717,110612.45
2022-07-07,12.668677577116574,5301.031,6739.650237,8298.452,4382.22,2792.59,100729.72,20848.186302000002,115445.87941800001
2022-07-08,12.674889916540065,5303.662,6716.027311,8248.274,4384.67,2792.01,100288.94,20493.19159,114814.43841499998
2022-07-11,12.68110530230844,5306.31,6674.201977,8222.366,4371.58,2786.81,98212.46,20731.051754999997,109772.71089
2022-07-12,12.687323735915534,5308.906,6710.675406,8235.594,4366.28,2780.3,98271.21,20767.78004,105738.38962399999
2022-07-13,12.693545218855915,5311.541,6710.930256,8252.712,4365.61,2773.14,97881.16,20501.859006,106004.35782699999
2022-07-14,12.699769752624887,5314.127,6694.385854,8267.797,4366.5,2775.88,96120.85,20560.91631,112113.186285
2022-07-15,12.705997338718483,5316.76,6711.759605,8300.001,4367.93,2778.14,96551.0,20890.037699999997,113160.210975
2022-07-18,12.712227978633472,5319.318,6670.455383,8237.702,4366.96,2779.77,96916.13,20829.480704999998,116836.53928099999
2022-07-19,12.718461673867354,5321.821,6654.63501,8210.249,4373.3,2784.13,98244.8,21314.026998,126176.360882
2022-07-20,12.724698425918369,5324.404,6673.575693,8239.269,4386.03,2789.52,98286.83,21664.216910000003,127242.848708
2022-07-21,12.730938236285487,5327.021,6652.592502,8239.128,4381.88,2791.03,99033.17,21988.226574999997,127146.65418
2022-07-22,12.737181106468416,5329.66,6691.549263,8257.94,4374.72,2793.34,98924.82,21781.04174,124284.37924000001
2022-07-25,12.743427037967596,5332.27,6712.284677,8252.306,4379.24,2792.96,100269.85,21251.155248,118778.124096
2022-07-26,12.749676032284205,5334.878,6716.576873,8228.693,4380.54,2794.0,99771.69,20982.714865,112300.348306
2022-07-27,12.755928090920158,5337.549,6745.076339,8244.375,4392.11,2794.62,101437.96,21100.213201000002,119486.66117700002
2022-07-28,12.762183215378103,5340.218,6785.890243,8272.763,4400.37,2801.68,102596.66,21105.775717999997,124557.260924
2022-07-29,12.76844140716143,5342.896,6817.305511,8300.784,4407.82,2814.1,103164.69,21367.229257,123910.57120199999
2022-08-01,12.77470266777426,5345.607,6845.934249,8304.681,4406.25,2803.32,102225.08,21361.686358000003,119961.44192600001
2022-08-02,12.780966998721457,5348.029,6823.869748,8283.99,4413.4,2808.65,103361.7,21598.619367,121580.484038
2022-08-03,12.787234401508622,5350.417,6857.579288,8304.46,4425.11,2806.25,103774.68,21955.918279999998,123260.29072
2022-08-04,12.79372878211646,5352.737,6935.93933,8407.354,4441.09,2811.2,105892.22,21645.308802,117370.04661400002
2022-08-05,12.800226461090322,5355.251,6947.835909,8427.6,4452.15,2817.42,106471.92,21405.346640999996,118693.99722599999
2022-08-08,12.80672744010538,5357.825,7006.770917,8470.895,4458.07,2821.16,108402.27,21167.712774,123079.72283099999
2022-08-09,12.813231720837662,5360.551,6996.368994,8439.963,4454.98,2825.74,108651.05,21127.246503000002,118614.990516
2022-08-10,12.81973930496404,5363.288,7007.008348,8440.059,4457.25,2832.94,110235.76,21448.225631999998,121778.93584199998
2022-08-11,12.826250194162245,5366.098,6995.92426,8416.404,4448.2,2851.58,109717.94,21696.049936,124878.51270399998
2022-08-12,12.832764390110857,5368.909,7032.677639,8469.669,4464.61,2870.95,112764.26,21719.621174999997,123009.73661999998
2022-08-15,12.839281894489305,5371.861,7067.488519,8516.617,4472.71,2902.06,113031.98,21902.522580000004,122705.22897
2022-08-16,12.845802708977878,5374.754,7061.130799,8468.771,4468.06,2908.29,113512.38,22162.73908,123467.336558
2022-08-17,12.852326835257713,5377.593,7028.324242,8458.146,4474.57,2916.99,113707.76,22080.972852,120929.65062
2022-08-18,12.858854275010804,5380.491,7006.267956,8457.342,4481.68,2920.92,113812.87,22142.652059999997,121041.23243999998
2022-08-19,12.865385029919997,5383.502,6982.663433,8439.303,4473.97,2923.16,111496.21,21862.510144,109994.823508
2022-08-22,12.871919101668993,5386.424,6991.261171,8421.971,4482.05,2929.78,110500.53,21339.614429999998,108938.53080000001
2022-08-23,12.87845649194235,5389.32,7036.553896,8458.48,4493.21,2931.46,112857.1,21077.992395999998,109648.158248
2022-08-24,12.884997202425478,5392.271,7022.483523,8450.449,4504.37,2929.11,112897.84,21162.233239,110865.086318
2022-08-25,12.891541234804645,5395.159,6988.718256,8409.658,4502.13,2933.26,113531.72,21456.663376,110616.592714
2022-08-26,12.898088590766978,5398.041,7016.837,8421.129,4506.75,2940.71,112298.86,20546.772942,104567.481117
2022-08-29,12.904639272000457,5400.864,6997.328632,8380.627,4517.73,2952.45,112323.12,20270.340751,101473.760012
2022-08-30,12.91119328019392,5403.587,7005.011458,8385.553,4513.24,2957.24,110430.64,20417.11152,102316.76468
2022-08-31,12.917750617037065,5406.348,7031.463241,8392.502,4515.16,2976.23,109522.88,20502.324500000002,104697.517613
2022-09-01,12.924311284220446,5409.208,7075.416753,8448.89,4528.52,2968.97,110405.3,20795.81444,105221.992816
2022-09-02,12.930875283435476,5412.011,7089.837557,8464.292,4531.67,2975.51,110864.24,20288.816626,103242.81262099999
2022-09-05,12.937442616374428,5414.775,7097.932038,8455.622,4542.15,2980.81,112203.35,20222.496632000002,101735.144316
2022-09-06,12.944013284730433,5417.542,7057.669634,8421.773,4525.11,2977.07,109763.77,20522.687328,99659.8992
2022-09-08,12.950587290197483,5420.373,7101.033601,8450.494,4521.96,2974.43,109915.64,20893.029936,101069.22004800002
2022-09-09,12.957164634470429,5423.231,7129.05653,8452.851,4536.39,2980.06,112300.41,20936.328864000003,109641.16422
2022-09-12,12.963745319244984,5426.087,7121.405925,8432.093,4540.42,2973.68,113406.55,20930.618761,114111.82231800002
2022-09-13,12.970329346217722,5428.882,7084.406185,8414.527,4541.69,2973.51,110793.96,20414.200521,105065.89236000001
2022-09-14,12.97691671708608,5431.738,7079.796365,8414.093,4551.4,2968.92,110546.67,20377.19564,103003.10632
2022-09-15,12.983507433548354,5434.578,7051.060887,8390.413,4550.25,2971.49,109953.65,20471.16372,104169.98552800002
2022-09-16,12.990101497303705,5437.407,7065.188567,8417.407,4544.65,2984.44,109280.37,20335.369832999997,103695.092607
2022-09-19,12.996698910052157,5440.289,7088.328936,8443.284,4553.97,2983.78,111823.89,20158.921399,100912.255711
2022-09-20,13.003299673494594,5443.182,7093.812906,8453.28,4564.09,2987.89,112516.91,19832.204769,97590.568623
2022-09-21,13.009903789332768,5446.043,7136.312569,8474.042,4574.43,2989.12,111935.86,19605.30789,97906.52585
2022-09-22,13.016511259269294,5448.97,7181.50164,8519.409,4597.61,2994.65,114070.48,19228.883231999996,98486.733696
2022-09-23,13.023122085007651,5451.917,7151.308581,8493.224,4598.77,2990.3,111716.0,19434.514906,99203.31013200001
2022-09-26,13.029736268252185,5454.917,7104.636541,8457.078,4584.44,2984.31,109114.16,19702.49312,103030.67489000001
2022-09-27,13.036353810708105,5457.817,7149.272827,8472.946,4581.13,2979.49,108376.35,19624.243844999997,102620.71615499999
2022-09-28,13.042974714081488,5460.686,7119.295018,8453.714,4575.78,2975.15,108451.2,19988.352384,105169.04413400001
2022-09-29,13.049598980079276,5463.511,7128.802882,8469.176,4571.03,2972.49,107664.35,19658.902047,105345.906814
2022-09-30,13.05622661040928,5466.365,7157.994741,8516.629,4582.61,2990.8,110036.79,19417.92511,105196.791515
2022-10-03,13.062857606780174,5469.197,7196.544644,8532.305,4608.62,2982.9,116134.46,19012.701141,101291.68583100001
2022-10-04,13.069491970901506,5472.049,7208.062728,8532.05,4600.24,2985.08,116230.12,19628.677354,105321.16379800001
2022-10-05,13.076129704483687,5474.932,7197.857177,8538.582,4608.29,2986.5,117197.82,19657.166224,103855.83263599999
2022-10-06,13.082770809238001,5477.807,7192.888512,8525.552,4622.42,2995.6,117560.83,19555.381248,104715.02131200001
2022-10-07,13.089415286876598,5480.845,7195.955667,8511.67,4630.29,3002.83,116375.25,18938.606844,101734.58730400002
2022-10-10,13.096063139112497,5483.834,7207.697689,8505.873,4635.62,2998.46,115940.64,18751.194012,99877.22096
2022-10-11,13.102714367659589,5486.814,7178.098529,8498.221,4624.15,2999.96,114827.12,19028.747448000002,100843.07201999999
2022-10-13,13.109368974232636,5489.744,7169.830173,8502.533,4617.21,2992.58,114300.09,19315.103321,102035.667069
2022-10-14,13.11602696054727,5492.787,7159.653139,8500.839,4617.47,2991.66,112072.34,19082.355899000002,102132.59986700001
2022-10-17,13.122688328319994,5495.86,7191.577144,8521.695,4616.73,2982.34,113623.98,19429.13867,103165.902788
2022-10-18,13.129353079268181,5498.855,7202.730472,8531.064,4624.73,2987.1,115743.07,19497.159176,101510.041652
2022-10-19,13.13602121511008,5501.867,7189.604158,8535.422,4634.39,2986.43,116274.24,19481.253036,101205.709487
2022-10-20,13.142692737564811,5504.829,7187.150044,8542.198,4640.08,2992.35,117171.11,19115.942966,99237.77473299998
2022-10-21,13.149367648352365,5507.758,7196.783339,8563.581,4648.73,2999.05,119928.79,19375.823525,99037.499949
2022-10-24,13.156045949193611,5510.7,7167.232991,8542.472,4629.83,2993.16,116012.7,20135.395350000003,102774.062475
2022-10-25,13.162727641810289,5513.65,7170.886416,8542.653,4614.13,2993.37,114625.59,20520.817425,107356.549575
2022-10-26,13.169412727925012,5516.577,7153.987771,8528.517,4596.5,2991.0,112763.79,20613.607780000002,111674.78249400001
2022-10-27,13.17610120926127,5519.511,7180.879497,8550.146,4611.5,2992.35,114640.76,20338.5966,108974.23584
2022-10-28,13.18279308754343,5522.357,7187.19246,8562.895,4616.65,2993.69,114539.05,20657.673124,109274.92122799999
2022-10-31,13.189488364496732,5525.216,7218.405983,8621.6,4644.19,2991.45,116037.08,20055.694806000003,105695.197102
2022-11-01,13.196187041847294,5528.032,7228.168424,8620.968,4648.04,2989.15,116928.66,19846.57548,105403.37592
2022-11-03,13.202889121322107,5530.861,7217.020788,8604.179,4661.36,2988.75,116896.36,19032.445195999997,103549.79632
2022-11-04,13.209594604649045,5533.701,7231.504677,8601.185,4661.97,2993.06,118155.46,19075.96656,106928.41804799999
2022-11-07,13.216303493556854,5536.523,7187.698153,8557.655,4640.01,2987.19,115342.4,19651.08228,106772.20532699999
2022-11-08,13.223015789775161,5539.333,7170.35513,8562.361,4631.23,2983.37,116160.35,19706.727469,96258.677377
2022-11-09,13.229731495034473,5542.177,7168.116318,8555.085,4625.46,2969.14,113580.09,19479.444005,81747.70045
2022-11-10,13.236450611066171,5544.966,6963.433484,8429.332,4588.19,2941.54,109775.46,21285.2706,95805.1032
2022-11-11,13.24317313960252,5547.678,6925.352054,8426.567,4585.93,2934.71,112253.49,21267.942352,89256.45556799999
2022-11-14,13.249899082376661,5550.419,6997.484227,8496.887,4590.28,2931.19,113161.28,21073.147699999998,87255.58533199999
2022-11-16,13.256628441122619,5553.2,6938.786674,8448.438,4574.77,2914.4,110243.33,21347.775075,89145.951975
2022-11-17,13.263361217575296,5556.041,6902.793951,8450.596,4569.15,2864.01,109702.78,21333.524736,90169.51625599999
2022-11-18,13.270097413470479,5558.902,6878.998159,8419.322,4563.19,2878.28,108870.17,21321.63318,89459.08472
2022-11-21,13.276837030544833,5561.772,6917.812317,8433.885,4568.34,2867.85,109748.18,20970.231460000003,82990.02255000001
2022-11-22,13.283580070535907,5564.558,6885.530316,8389.748,4562.92,2866.5,109036.54,21474.002045999998,86516.641911
2022-11-23,13.29032653518213,5567.321,6833.270484,8357.509,4553.13,2858.85,108841.15,21544.230096,88118.07624000001
2022-11-24,13.29707642622282,5570.127,6899.064194,8409.755,4565.19,2858.55,111831.16,21393.610572,87882.64631
2022-11-25,13.30382974539817,5572.901,6860.398327,8365.805,4557.81,2852.69,108976.7,21735.814044,89062.62383499999
2022-11-28,13.310586494449263,5575.683,6900.2218,8394.852,4557.34,2850.52,108782.15,21269.312858,86904.969823
2022-11-29,13.317346675118063,5578.37,7006.190729,8490.648,4564.96,2851.29,110909.61,20914.095735000003,86986.56915000001
2022-11-30,13.324110289147422,5581.129,7049.916975,8553.241,4573.72,2867.21,112486.01,21178.218966,88782.6177
2022-12-01,13.330877338281073,5583.926,7033.822731,8528.367,4569.74,2877.88,110925.6,21163.920812,87893.580336
2022-12-02,13.33764782426364,5586.78,7085.71537,8551.633,4576.29,2893.69,111923.93,21250.2023,88799.14521
2022-12-05,13.344421748840626,5589.608,7049.419405,8505.618,4561.6,2889.07,109401.41,21125.871720000003,89664.34392000001
2022-12-06,13.351199113758428,5592.383,7035.997509,8470.631,4556.04,2881.58,110188.57,20643.925754,89014.653486
2022-12-07,13.357979920764324,5595.148,7062.642027,8484.013,4557.96,2876.21,109068.55,20520.900288,87795.559152
2022-12-08,13.364764171606481,5597.908,7054.624481,8474.123,4551.93,2862.98,107249.04,20677.235319,89647.73129
2022-12-09,13.371551868033956,5600.657,7048.618018,8450.825,4550.15,2866.28,107519.56,20644.085297999998,89795.143959
2022-12-12,13.378343011796693,5603.341,6995.428202,8402.938,4544.4,2846.77,105343.33,21119.639744,90911.68287199999
2022-12-13,13.385137604645523,5606.11,6951.019323,8380.861,4542.64,2827.17,103539.67,21323.037355,94222.08140000001
2022-12-14,13.39193564833217,5608.839,6909.827884,8377.38,4549.95,2801.87,103745.77,21134.843268,94313.09811
2022-12-15,13.398737144609246,5611.546,6959.611522,8392.138,4549.31,2786.08,103737.69,20702.79465,92465.113746
2022-12-16,13.40554209523025,5614.303,6923.941079,8363.088,4546.49,2780.48,102855.7,20445.630227999998,89364.052035
2022-12-19,13.412350501949577,5616.947,6937.70873,8356.072,4552.08,2762.37,104739.75,20230.543872,87896.876544
2022-12-20,13.419162366522507,5619.618,7017.452072,8396.383,4563.09,2779.54,106864.11,19885.035345999997,87839.717082
2022-12-21,13.425977690705217,5622.423,7040.011011,8392.718,4567.47,2799.72,107433.14,20176.032724,87359.38551
2022-12-22,13.432796476254772,5625.318,7071.831146,8417.77,4569.22,2801.14,107551.52,19773.22347,86866.30925
2022-12-23,13.439618724929133,5628.256,7108.040143,8458.595,4581.53,2820.03,109697.57,19846.96084,86780.08546
2022-12-26,13.44644443848715,5631.163,7091.32244,8462.255,4578.92,2826.99,108737.75,20069.575918000002,87866.62889899999
2022-12-27,13.45327361868857,5634.096,7092.943877,8472.037,4577.84,2834.46,108578.2,20269.369025,88358.674915
2022-12-28,13.46010626729403,5636.974,7148.63421,8527.065,4586.62,2850.52,110236.71,19912.221826,86935.610356
2022-12-29,13.466942386065064,5639.952,7164.778242,8532.9,4588.08,2867.13,109734.6,20325.738112000003,87619.78936000001
2023-01-02,13.4737819767641,5645.795,7115.284179,8479.019,4583.75,2861.1,106376.02,20578.56815,89780.01311799999
2023-01-03,13.48062504115446,5648.768,7070.277347,8431.556,4581.85,2855.21,104165.74,20890.129578,91018.742622
2023-01-04,13.487471581000362,5652.109,7045.025627,8410.865,4580.61,2846.9,105334.46,20927.791852000002,91369.39751200001
2023-01-05,13.49432159806692,5655.332,7093.962781,8434.678,4581.57,2855.86,107641.32,20384.37849,90167.566398
2023-01-06,13.501175094120146,5658.27,7139.372084,8468.624,4584.8,2850.98,108963.7,20351.792999999998,88448.0685
2023-01-09,13.508032070926948,5661.125,7167.564326,8472.647,4593.85,2845.35,109129.57,20466.555265,90348.07639
2023-01-10,13.51489253025513,5663.986,7204.084004,8526.811,4600.05,2845.39,110816.71,20396.168925,90898.505511
2023-01-11,13.521756473873396,5666.795,7240.024866,8586.857,4600.05,2839.07,112517.08,20501.844767,90695.23082
2023-01-12,13.528623903551347,5669.501,7278.094023,8610.212,4626.19,2833.33,111850.22,20318.15017,96056.82897999999
2023-01-13,13.535494821059483,5672.289,7268.991772,8608.011,4631.17,2838.74,110916.08,20408.955906,101116.47106999999
2023-01-16,13.542369228169203,5675.052,7216.819489,8569.518,4631.57,2840.79,109212.66,20606.111043,108892.93658600001
2023-01-17,13.549247126652807,5677.874,7246.949256,8593.376,4632.65,2838.03,111439.12,20374.700043999997,108822.85161600001
2023-01-18,13.556128518283492,5680.708,7238.676815,8586.432,4633.94,2838.73,112228.39,20357.38809,107664.574975
2023-01-19,13.563013404835358,5683.644,7224.183004,8594.824,4633.94,2824.92,112921.88,20183.176795,108398.234388
2023-01-20,13.569901788083406,5686.588,7181.569461,8541.344,4640.62,2826.67,112040.64,20685.777531,116213.307504
2023-01-23,13.57679366980354,5689.577,7167.820937,8513.573,4642.23,2815.86,111737.28,20886.530779,119496.139544
2023-01-24,13.58368905177256,5692.598,7194.597644,8551.741,4643.41,2811.9,113028.15,20656.361984999996,117783.50730900001
2023-01-25,13.590587935768173,5695.686,7225.484117,8560.683,4650.32,2816.54,114270.07,20389.144074,119801.185008
2023-01-26,13.59749032356899,5698.668,7220.308458,8543.021,4650.79,2809.44,114177.55,20587.192186,117025.08339199999
2023-01-27,13.604396216954525,5701.603,7189.973759,8522.141,4648.3,2809.46,112316.16,20794.862816,117967.7912
2023-01-30,13.611305617705192,5704.537,7189.32143,8528.574,4640.47,2807.88,112273.01,20576.607278000003,116497.20279600001
2023-01-31,13.618218527602313,5707.455,7208.206952,8536.527,4645.06,2821.14,113430.54,20691.59862,116490.15739200001
2023-02-01,13.625134948428112,5710.422,7189.478541,8543.207,4650.23,2807.02,112073.55,20810.248919999998,119641.71659999999
2023-02-02,13.63205488196572,5713.404,7197.164133,8535.079,4656.55,2814.15,110140.64,21081.037536,118323.10817999998
2023-02-03,13.638978329999173,5716.35,7146.042041,8494.481,4637.47,2815.69,108523.47,21233.379136,120032.233532
2023-02-06,13.645905294313414,5719.271,7154.741853,8531.243,4635.57,2811.12,108721.58,21176.17308,118041.39770999999
2023-02-07,13.652835776694289,5722.213,7166.312142,8543.161,4637.3,2804.81,107829.73,21672.7872,120748.65350399999
2023-02-08,13.659769778928556,5725.203,7213.367937,8579.804,4641.66,2798.31,109951.49,21418.225217999996,119416.90676499999
2023-02-09,13.666707302803879,5728.197,7185.762281,8559.225,4628.05,2791.44,108008.05,21530.7288,115302.314736
2023-02-10,13.673648350108827,5731.21,7191.12705,8578.021,4628.05,2785.52,108078.27,21326.840348,112309.94442000001
2023-02-13,13.680592922632881,5734.178,7184.774589,8580.134,4628.61,2774.4,108836.47,21388.548112999997,111825.36712399998
2023-02-14,13.687541022166428,5737.156,7195.123234,8600.854,4628.73,2778.7,107848.81,21458.242439999998,115446.64444
2023-02-15,13.694492650500766,5740.253,7252.693995,8668.036,4632.47,2782.91,109600.14,21634.71112,126123.177906
2023-02-16,13.701447809428103,5743.254,7243.580275,8679.284,4639.69,2780.71,109941.46,21351.122118,128070.194108
2023-02-17,13.708406500741555,5746.32,7267.738978,8708.212,4633.23,2797.4,109176.92,21059.117943,126420.325575
2023-02-22,13.715368726235152,5749.388,7256.663915,8676.636,4630.43,2797.85,107152.05,20591.024265,122821.676684
2023-02-23,13.722334487703833,5752.63,7264.050636,8665.84,4630.44,2793.49,107592.87,20590.423776,122537.22303600001
2023-02-24,13.729303786943449,5755.872,7231.615724,8643.676,4638.54,2803.11,105798.43,20643.016988,120122.377463
2023-02-27,13.736276625750762,5759.08,7279.427966,8670.451,4633.74,2808.07,105711.05,20710.037343999997,121615.35492199998
2023-02-28,13.743253005923448,5762.461,7265.330501,8645.939,4636.1,2808.39,104931.93,20789.29346,121206.322432
2023-03-01,13.750232929260097,5766.202,7253.241298,8642.288,4637.4,2808.7,104384.67,20470.175895,122043.98037
2023-03-02,13.75721639756021,5769.754,7226.651755,8617.083,4636.2,2810.98,103325.61,20749.99993,122036.9029
2023-03-03,13.764203412624203,5772.804,7224.681756,8622.066,4635.75,2821.35,103865.99,21026.809336,115603.897136
2023-03-06,13.771193976253407,5775.887,7249.680897,8635.599,4641.06,2811.73,104700.32,20884.584253999998,115600.63766899999
2023-03-07,13.778188090250067,5778.869,7272.751767,8658.92,4646.49,2809.1,104227.93,20696.435766,114506.96612999999
2023-03-08,13.785185756417343,5781.759,7316.682554,8686.956,4649.91,2798.4,106540.32,20526.91542,113157.42300000001
2023-03-09,13.792186976559313,5784.589,7366.294634,8733.062,4649.26,2791.81,105071.19,20238.514632,104469.77745899999
2023-03-10,13.799191752480969,5787.303,7346.800886,8723.399,4638.77,2788.51,103618.2,20136.261055000003,104820.73181
2023-03-13,13.80620008598822,5789.811,7390.70034,8754.927,4618.87,2772.75,103121.36,20230.787144,127154.37151099999
2023-03-14,13.813211978887892,5792.331,7373.752686,8736.434,4611.5,2774.85,102932.38,20592.733518,129443.78475
2023-03-15,13.82022743298773,5794.974,7393.52714,8752.502,4612.44,2778.06,102675.45,20584.028576999997,129003.67546000001
2023-03-16,13.827246450096396,5797.74,7379.393247,8770.257,4611.45,2777.15,103434.66,20716.620708,129488.713893
2023-03-17,13.834269032023471,5800.547,7407.43432,8791.979,4614.72,2776.03,101981.53,20674.767568,141592.576006
2023-03-20,13.841295180579456,5803.434,7413.66629,8796.865,4610.05,2768.22,100922.89,20697.928503,147093.11723399998
2023-03-21,13.848324897575768,5806.274,7418.594377,8792.19,4609.8,2769.48,100998.13,20987.447697,147617.17353600002
2023-03-22,13.85535818482475,5809.077,7441.889312,8817.387,4621.96,2768.43,100220.63,20625.392133,143505.625248
2023-03-23,13.862395044139658,5811.879,7435.529473,8817.293,4621.65,2760.67,97926.34,20925.451896,150145.0669
2023-03-24,13.869435477334676,5814.728,7468.183541,8852.251,4628.59,2770.26,98829.27,20834.196133999998,144902.067848
2023-03-27,13.876479486224905,5817.511,7491.978032,8871.444,4628.83,2767.27,99670.47,20679.973976,140629.46936800002
2023-03-28,13.88352707262637,5820.373,7482.045937,8860.379,4632.45,2763.77,101185.09,20516.772201,141110.923299
2023-03-29,13.890578238356015,5823.241,7457.204926,8856.106,4626.97,2744.39,101792.52,20686.429379,145823.6087
2023-03-30,13.897632985231711,5826.171,7505.348506,8882.832,4637.12,2736.12,103713.45,20638.168684,143430.236144
2023-03-31,13.90469131507225,5828.98,7505.700368,8876.238,4629.22,2760.96,101882.2,20805.847461000005,143768.24343
2023-04-03,13.91175322969735,5831.779,7515.517096,8894.777,4629.22,2753.11,101506.18,20890.230699,139730.866392
2023-04-04,13.918818730927649,5834.675,7525.92406,8911.865,4652.97,2761.0,101869.45,20802.343800000002,143348.2683
2023-04-05,13.925887820584713,5837.604,7543.180275,8924.14,4649.63,2760.26,100977.85,20593.427148000002,141759.685314
2023-04-06,13.932960500491031,5840.554,7529.865423,8910.608,4652.36,2760.38,100821.73,20761.138650000004,141571.006675
2023-04-10,13.940036772470021,5843.407,7537.36327,8900.604,4648.41,2760.71,101846.64,20820.86037,147664.33812
2023-04-11,13.947116638346024,5846.124,7592.350297,8942.688,4658.44,2765.29,106213.76,20572.640792,151165.80628
2023-04-12,13.954200099944307,5848.9,7592.920196,8954.935,4667.62,2769.99,106889.71,20128.711245,147415.637991
2023-04-13,13.961287159091068,5851.592,7611.295345,8997.456,4673.31,2769.7,106457.85,20430.499050000002,149230.963575
2023-04-14,13.968377817613428,5854.347,7592.298731,9004.739,4669.25,2781.47,106279.37,20310.847232000004,149572.65772800002
2023-04-17,13.975472077339438,5856.955,7596.26282,9015.939,4661.89,2797.18,106015.67,20518.314231999997,145605.83273599998
2023-04-18,13.982569940098077,5859.809,7580.093981,9004.232,4658.47,2809.34,106163.23,20716.181819999998,151684.092
2023-04-19,13.989671407719255,5862.667,7536.883329,8971.556,4647.1,2809.01,103912.94,21088.343520000002,148469.24375999998
2023-04-20,13.996776482033807,5865.5,7572.028547,9001.918,4656.45,2813.94,104366.82,20852.961626,142412.823154
2023-04-24,14.003885164873502,5868.169,7592.922556,9017.32,4663.91,2816.23,103946.58,20828.341584,138252.88503
2023-04-25,14.010997458071039,5870.977,7618.336068,9041.688,4666.05,2814.98,103220.09,20571.503412,141364.13103999998
2023-04-26,14.018113363460044,5873.824,7627.930107,9059.746,4667.92,2817.21,102312.1,20465.308742999998,143386.17975
2023-04-27,14.025232882875079,5876.486,7632.737528,9072.482,4667.11,2827.24,102923.31,20603.96784,147645.601632
2023-04-28,14.032356018151633,5878.873,7605.657856,9055.567,4666.93,2858.23,104431.63,20797.36624,146421.49300000002
2023-05-02,14.039482771126131,5881.876,7618.198764,9051.354,4663.27,2859.63,101926.95,20766.390821999998,144652.759038
2023-05-03,14.04661314363593,5884.925,7649.888639,9075.432,4667.77,2863.9,101797.09,20431.250875,142487.84077500002
2023-05-04,14.05374713751932,5888.079,7686.042702,9110.713,4676.52,2875.33,102174.34,20241.120479999998,143958.15504
2023-05-05,14.060884754615524,5891.795,7695.961742,9131.355,4680.47,2886.42,105148.48,20478.57375,146177.03725
2023-05-08,14.068025996764698,5895.0,7690.206353,9118.843,4677.18,2898.59,106042.15,20730.739763999998,138080.908287
2023-05-09,14.075170865807936,5898.422,7680.036225,9109.864,4682.09,2910.39,107113.66,20539.829288,137922.527536
2023-05-10,14.082319363587262,5902.016,7701.458064,9135.109,4690.98,2915.0,107448.21,20458.974744000003,137833.889544
2023-05-11,14.089471491945641,5905.775,7734.341973,9166.514,4697.5,2928.48,108256.4,20370.15253,133197.102675
2023-05-12,14.096627252726972,5909.936,7742.207218,9206.796,4698.43,2944.57,108463.84,20296.247312,130159.71078000001
2023-05-15,14.103786647776086,5912.954,7773.127235,9237.3,4703.97,2967.44,109029.12,20231.786364,133800.777805
2023-05-16,14.11094967893876,5915.967,7760.756486,9213.441,4697.56,2978.45,108193.68,20306.60491,133189.716713
2023-05-17,14.1181163480617,5918.877,7748.561623,9213.803,4700.24,2990.02,109459.95,20533.510998,134977.554972
2023-05-18,14.125286656992554,5921.594,7762.955778,9205.759,4698.36,2992.68,110108.46,20844.577665,132702.856065
2023-05-19,14.132460607579908,5924.062,7759.633685,9213.47,4698.76,2998.16,110744.51,20952.354435999998,134149.388828
2023-05-22,14.139638201673286,5926.726,7757.012333,9196.684,4698.6,3000.79,110213.12,20828.147314,133630.243184
2023-05-23,14.146819441123151,5929.924,7785.454581,9216.313,4695.93,3005.48,109928.53,20612.238318,135356.96993
2023-05-24,14.154004327780909,5933.352,7800.843006,9233.167,4697.18,2996.11,108799.54,20413.236495999998,130963.53832400001
2023-05-25,14.161192863498902,5936.965,7837.932938,9262.318,4705.19,3003.53,110054.38,20928.67812,133550.3433
2023-05-26,14.168385050130416,5940.293,7850.971308,9273.594,4707.87,3007.39,110905.51,21004.961115,133654.575816
2023-05-29,14.175580889529677,5943.408,7848.666194,9281.121,4704.72,3007.26,110333.4,21101.686465,138955.818401
2023-05-30,14.182780383551851,5946.653,7863.608048,9286.243,4709.9,3002.96,108967.03,21185.727552000004,139906.796376
2023-05-31,14.189983534053049,5949.995,7868.105941,9284.772,4704.94,3013.46,108335.07,21131.548548,137093.21076
2023-06-01,14.197190342890323,5953.224,7879.177842,9294.545,4716.46,3011.49,110564.66,21163.350076000002,134712.382816
2023-06-02,14.204400811921671,5956.446,7896.080977,9329.351,4719.4,3026.89,112558.15,21234.559881999998,134792.698132
2023-06-05,14.21161494300603,5959.52,7945.691976,9370.495,4726.41,3034.95,112696.32,21083.033449,126493.07027
2023-06-06,14.218832738003284,5962.602,7959.435503,9388.283,4737.02,3034.04,114610.1,21040.129275000003,132341.15334000002
2023-06-07,14.226054198774262,5965.806,7938.650054,9340.663,4735.11,3038.8,115488.16,21023.083776000003,129874.36226100002
2023-06-09,14.233279327180735,5969.153,7975.867841,9362.977,4750.01,3046.98,117019.48,20983.165546,129077.907273
2023-06-12,14.240508125085425,5972.247,7980.487813,9350.194,4753.17,3047.79,117336.34,21110.630022,125989.53300000001
2023-06-13,14.247740594351994,5975.328,7948.853373,9312.619,4739.08,3051.11,116742.71,21248.243234,125714.65884200002
2023-06-14,14.254976736845054,5978.416,7962.203919,9350.077,4755.27,3056.04,119068.77,21036.53049,119931.35027
2023-06-15,14.262216554430163,5981.841,7971.205022,9362.382,4763.89,3064.48,119221.0,21304.666008,122980.359463
2023-06-16,14.269460048973826,5985.516,7982.264252,9380.972,4763.11,3082.71,118758.42,21268.334488,127306.96527199999
2023-06-19,14.2767072223435,5989.075,7983.265618,9382.337,4766.48,3093.01,119857.76,21067.257184,127649.78006399999
2023-06-20,14.283958076407584,5992.337,7988.943784,9386.082,4770.37,3097.34,119622.4,21013.582351,134879.053284
2023-06-21,14.29121261303543,5995.496,7995.316231,9409.253,4778.65,3103.36,120420.26,20797.274021999998,142844.44852
2023-06-22,14.298470834097339,5998.572,7997.722797,9412.338,4769.87,3099.39,118934.2,20900.300733000004,143841.32150700002
2023-06-23,14.30573274146456,6001.673,8026.984063,9432.321,4778.65,3106.81,118977.1,20806.324217,147990.928026
2023-06-26,14.312998337009295,6004.867,8044.43459,9435.462,4777.72,3109.74,118242.95,20643.276815999998,143841.934344
2023-06-27,14.320267622604696,6007.902,8048.855375,9427.488,4764.41,3116.6,117522.87,21071.098125,147528.294375
2023-06-28,14.327540600124864,6011.063,8040.85095,9405.999,4764.75,3120.45,116681.32,21227.333314,146001.777592
2023-06-29,14.334817271444855,6014.303,8058.831554,9436.649,4767.65,3132.06,118382.65,21350.871215999996,147636.793944
2023-06-30,14.342097638440677,6017.571,8098.822084,9506.82,4776.07,3155.32,118087.0,21296.848452000002,145432.660714
2023-07-03,14.34938170298929,6020.609,8131.509779,9523.638,4785.74,3152.07,119672.78,21433.170135999997,149741.787104
2023-07-04,14.356669466968604,6023.336,8117.796392,9491.449,4779.88,3157.36,119076.37,21567.283395,149123.60694
2023-07-05,14.363960932257488,6026.288,8094.54206,9472.47,4783.28,3170.77,119549.21,21566.187636,147776.02489200002
2023-07-06,14.371256100735764,6029.366,8081.548303,9452.89,4759.08,3177.21,117425.7,21695.758461,149090.61378900002
2023-07-07,14.378554974284205,6032.348,8119.466581,9493.479,4776.94,3190.78,118897.99,21431.244505,147484.154279
2023-07-10,14.385857554784545,6035.465,8111.553233,9465.758,4767.82,3181.1,117942.44,21602.728422999997,150823.496636
2023-07-11,14.393163844119469,6038.408,8119.055029,9474.585,4770.87,3181.58,117555.5,21547.280188,148423.13674999998
2023-07-12,14.40047384417262,6041.312,8124.459882,9478.358,4782.59,3179.95,117666.49,21558.04728,146311.04472
2023-07-13,14.407787556828598,6043.918,8105.992772,9470.35,4794.59,3178.31,119263.89,21656.310072,150709.2948
2023-07-14,14.415104983972961,6046.495,8086.912893,9449.142,4776.1,3184.03,117710.54,21575.555296000002,144650.4928
2023-07-17,14.422426127492221,6049.452,8104.308311,9460.238,4786.81,3182.62,118219.46,21751.001667999997,143948.63775599998
2023-07-18,14.429750989273852,6052.592,8126.587698,9488.639,4798.06,3180.0,117841.19,21924.940731999995,143362.690672
2023-07-19,14.437079571206285,6055.846,8112.676352,9485.189,4800.05,3174.68,117552.07,21879.386812,143604.33356899998
2023-07-20,14.44441187517891,6059.017,8092.540398,9488.025,4791.21,3173.7,118082.9,21756.492312,142666.327152
2023-07-21,14.451747903082076,6062.144,8120.001413,9518.118,4811.69,3185.21,120216.77,21694.592416,142915.61558399998
2023-07-24,14.459087656807094,6065.226,8128.748792,9529.324,4821.91,3182.42,121341.69,21542.991736,137853.550387
2023-07-25,14.466431138246234,6068.301,8144.84486,9537.887,4820.73,3182.86,122007.77,21712.334602000003,138949.415038
2023-07-26,14.473778349292727,6071.67,8153.909184,9551.776,4827.79,3174.92,122560.38,21638.17485,140200.637226
2023-07-27,14.481129291840766,6075.159,8141.594032,9544.622,4815.35,3173.67,119989.64,21523.658076,138247.146348
2023-07-28,14.488483967785506,6078.385,8142.43109,9558.471,4826.15,3181.25,120187.11,21684.028806,138854.29456799998
2023-07-31,14.495842379023065,6081.538,8160.305881,9583.684,4846.12,3197.18,121942.98,21686.966064,138028.41612
2023-08-01,14.503204527450524,6084.702,8160.30693,9587.486,4836.76,3189.33,121248.39,21929.859468,139976.435808
2023-08-02,14.510570414965926,6088.045,8176.211373,9605.092,4832.97,3192.16,120858.72,21711.211256,140077.83781599998
2023-08-03,14.517685963380314,6091.345,8181.959162,9612.868,4840.77,3201.72,120585.77,22131.741429,143967.939339
2023-08-04,14.524805001046179,6094.71,8192.341812,9629.824,4848.25,3216.66,119507.68,21833.083068,141088.503852
2023-08-07,14.531927529674544,6098.137,8186.056851,9622.945,4842.94,3219.41,119379.5,22135.83756,142850.77383
2023-08-08,14.539053550977272,6101.456,8221.177715,9665.337,4850.97,3216.83,119090.24,22039.762992,146874.801216
2023-08-09,14.546183066667066,6104.631,8213.982963,9669.43,4848.99,3212.17,118408.77,21910.543382000003,144592.392196
2023-08-10,14.553316078457469,6107.673,8222.371909,9682.068,4850.86,3213.12,118349.6,21863.750775,143942.48712499999
2023-08-11,14.560452588062862,6110.644,8232.355149,9692.683,4849.07,3220.69,118065.14,21908.66459,144225.567678
2023-08-14,14.567592597198471,6113.594,8198.497933,9671.095,4832.07,3214.57,116809.55,22275.74578,145703.3782
2023-08-15,14.57473610758036,6116.573,8190.428268,9678.717,4826.94,3214.54,116171.42,22116.962881999996,145382.403246
2023-08-16,14.581883120925436,6119.387,8188.346402,9677.574,4824.61,3212.37,115591.52,21985.094061,144461.744763
2023-08-17,14.589033638951445,6122.257,8168.110281,9658.21,4809.69,3206.35,114982.3,21749.533576,137563.1772
2023-08-18,14.596187663376979,6125.055,8175.970557,9648.347,4815.06,3209.51,115408.52,21718.769613,129584.56813399999
2023-08-21,14.60334519592147,6127.938,8147.828245,9607.849,4805.16,3203.21,114429.35,21904.694922000002,129989.802206
2023-08-22,14.610506238305195,6130.763,8172.93122,9595.862,4820.07,3195.17,116156.01,21666.599410000003,127686.98801800002
2023-08-23,14.617670792249275,6133.525,8211.767442,9621.413,4840.96,3189.65,118134.59,21548.362176,129172.13337599998
2023-08-24,14.624838859475672,6136.513,8230.212807,9614.931,4834.52,3190.05,117025.6,21370.834623000002,127046.960446
2023-08-25,14.632010441707195,6139.616,8210.136897,9602.745,4821.16,3197.1,115837.2,21475.192823999998,126972.61192799998
2023-08-28,14.639185540667496,6142.698,8214.753658,9611.256,4820.67,3189.09,117120.98,21604.849623000006,126617.15467300001
2023-08-29,14.646364158081074,6145.988,8240.041237,9626.843,4831.39,3192.43,118403.61,21835.993650000004,133899.63770000002
2023-08-30,14.653546295673273,6149.737,8240.050765,9609.274,4827.98,3208.0,117535.1,22070.941994999997,133228.14813
2023-08-31,14.660731955170283,6153.18,8199.762484,9547.616,4810.68,3212.81,115741.81,22335.455299999998,128895.00959999999
2023-09-01,14.66792113829914,6156.379,8197.926609,9546.815,4819.74,3217.23,117892.96,22351.706769,127501.995138
2023-09-04,14.67511384678773,6159.237,8198.323146,9537.743,4817.06,3217.63,117776.62,22298.87226,127540.04663999999
2023-09-05,14.68231008236478,6162.238,8172.578199,9519.017,4806.58,3215.79,117331.3,22353.74193,127783.78035
2023-09-06,14.68950984675987,6165.188,8178.403687,9524.186,4795.56,3222.02,115985.34,22232.285276,127802.183473
2023-09-08,14.696713141703427,6168.131,8194.13237,9531.924,4804.09,3240.33,115313.4,22223.262143999997,129137.0112
2023-09-11,14.703919968926725,6170.927,8212.57696,9537.953,4813.6,3226.93,116883.34,22127.216514,123703.263424
2023-09-12,14.711130330161888,6173.811,8237.693048,9554.263,4827.62,3224.84,117968.12,22078.37358,129021.247116
2023-09-13,14.718344227141891,6176.732,8253.226662,9559.859,4837.37,3216.18,118175.97,21963.275271999995,128933.90053999999
2023-09-14,14.725561661600556,6179.566,8253.536314,9563.946,4849.83,3216.4,119391.55,21942.99057,129457.11762500001
2023-09-15,14.732782635272557,6182.438,8241.464671,9542.578,4842.86,3234.06,118757.53,21649.471704,128517.347245
2023-09-18,14.740007149893417,6185.325,8240.9283,9535.554,4835.57,3233.38,118288.21,21621.442796999996,129988.44248099999
2023-09-19,14.74723520719951,6188.248,8221.662156,9525.72,4828.37,3229.52,117845.78,21628.70465,132343.464
2023-09-20,14.754466808928067,6191.347,8233.662776,9539.898,4830.79,3224.7,118695.32,21481.85556,132216.61946400002
2023-09-21,14.761442573290658,6194.815,8211.907709,9529.946,4823.03,3224.24,116145.05,21368.983,131281.852266
2023-09-22,14.768421635724883,6198.14,8216.111773,9526.395,4824.85,3226.39,116008.64,21326.840202000003,131008.564856
2023-09-25,14.775403997790034,6201.359,8194.926307,9492.425,4823.18,3214.28,115924.61,21529.317183999996,130489.32129999998
2023-09-26,14.782389661046148,6204.596,8159.741517,9387.9,4808.12,3199.14,114193.43,21327.478817999996,130494.857578
2023-09-27,14.789378627053992,6207.95,8108.744928,9358.469,4797.14,3193.15,114327.05,21561.483342,132353.351424
2023-09-28,14.796370897375075,6211.587,8124.260707,9408.85,4802.37,3193.17,115730.76,21640.3901,136340.54756
2023-09-29,14.803366473571643,6214.985,8169.006102,9457.326,4810.94,3219.28,116565.17,21586.472504999998,135433.298438
2023-10-02,14.810365357206681,6217.961,8122.16242,9407.123,4797.25,3197.13,115056.86,21708.687858,140942.582352
2023-10-03,14.817367549843913,6220.86,8076.212629,9347.355,4779.83,3195.72,113419.04,21856.528765,141577.40982
2023-10-04,14.824373053047802,6224.012,8119.423577,9372.219,4783.84,3184.79,113607.45,21991.996124999998,142665.863472
2023-10-05,14.83138186838355,6227.233,8116.778421,9367.627,4778.92,3183.15,113284.08,22007.603377,142019.7157
2023-10-06,14.838393997417102,6230.299,8128.6593,9397.863,4777.24,3183.21,114169.63,22171.541,144063.5565
2023-10-09,14.84540944171514,6233.295,8172.671836,9446.506,4789.43,3179.35,115156.07,22274.45325,141674.06325
2023-10-10,14.852428202845086,6236.229,8203.080084,9463.15,4802.44,3180.39,116736.95,22028.288256,138518.258112
2023-10-11,14.859450282375107,6238.879,8189.689413,9454.286,4793.71,3183.77,117050.74,22105.34828,134932.092344
2023-10-13,14.86647568187411,6241.418,8159.774218,9424.295,4784.96,3192.01,115754.08,21979.063508,137002.90368599998
2023-10-16,14.873504402911742,6243.933,8188.746057,9451.743,4785.89,3190.17,116533.85,22047.46883,143191.52058
2023-10-17,14.880536447058393,6246.545,8146.741234,9416.27,4773.5,3183.18,115908.43,22035.242840000003,143398.479554
2023-10-18,14.887571815885197,6249.376,8139.042513,9419.615,4760.83,3173.8,114059.64,21827.992860000002,142970.166
2023-10-19,14.894610510964029,6252.193,8094.118195,9351.944,4758.65,3164.08,114004.3,21669.3534,145516.141012
2023-10-20,14.901652533867505,6255.002,8139.961571,9377.757,4769.22,3168.43,113155.28,21265.688688,149020.3143
2023-10-23,14.90869788616899,6257.612,8140.738074,9373.766,4772.37,3172.4,112784.52,21138.756407999997,158088.427266
2023-10-24,14.915746569442591,6260.185,8177.148929,9398.548,4780.36,3155.53,113761.9,21204.843328,167991.054098
2023-10-25,14.922798585263156,6262.902,8184.992652,9389.894,4778.33,3150.21,112829.97,20915.009535,173246.787435
2023-10-26,14.92985393520628,6265.759,8247.890215,9471.92,4796.32,3141.77,114776.86,20636.089516999997,170544.032245
2023-10-27,14.936912620848304,6268.698,8202.364601,9440.145,4783.9,3155.69,113301.35,20645.728391,169666.56252200002
2023-10-30,14.943974643766314,6271.678,8149.038332,9403.001,4766.59,3156.07,112531.52,21020.773536,173742.45796800003
2023-10-31,14.951040005538138,6274.775,8145.643756,9395.312,4769.65,3155.7,113143.67,21128.78378,174572.986336
2023-11-01,14.958108707742355,6277.957,8195.257891,9427.793,4787.1,3146.95,115052.96,21000.715229999998,175700.87001500002
2023-11-03,14.96491659175851,6281.109,8253.427265,9465.184,4811.63,3160.39,118159.97,21369.812688,169753.981392
2023-11-06,14.971727574246916,6283.953,8225.91885,9433.15,4802.88,3162.81,118431.25,21336.544259999995,171191.80547999998
2023-11-07,14.978541656617782,6286.662,8263.114185,9467.533,4818.0,3172.96,119268.06,21362.553858000003,173215.466232
2023-11-08,14.985358840281958,6289.396,8275.990307,9497.11,4811.13,3174.22,119176.67,21517.696688,174750.142176
2023-11-09,14.992179126650935,6292.139,8272.976394,9487.082,4802.94,3177.75,119034.14,21473.735325,180497.03561999998
2023-11-10,14.999002517136848,6294.894,8297.170602,9494.453,4816.86,3182.18,120568.14,21676.62078,183089.050695
2023-11-13,15.005829013152471,6297.654,8299.334354,9474.204,4813.9,3180.24,120410.17,21662.033965000002,179193.787535
2023-11-14,15.012658616111228,6300.49,8350.160431,9538.584,4848.27,3184.4,123165.76,21871.130929999996,173121.40706899998
2023-11-16,15.019491327427177,6303.354,8367.076908,9573.919,4861.92,3191.32,124639.24,21948.366439999998,175098.03675
2023-11-17,15.026327148515028,6306.186,8391.552829,9597.53,4864.57,3197.69,124773.21,22162.935396,178808.09137799998
2023-11-20,15.033166080790132,6309.012,8379.678943,9582.207,4873.68,3196.44,125957.06,22074.801472,181682.95888
2023-11-21,15.04000812566848,6311.854,8354.275943,9564.876,4861.21,3191.36,125626.03,22233.500448,180491.62316800002
2023-11-22,15.046853284566716,6314.622,8376.271884,9584.373,4864.95,3179.7,126035.3,22365.257945999998,184674.78749999998
2023-11-23,15.05370155890212,6317.404,8379.857873,9589.936,4867.27,3178.48,126575.75,22344.753156000002,182685.67482000001
2023-11-24,15.060552950092623,6320.235,8389.017799,9595.053,4867.8,3174.49,125517.27,22350.340614,185584.927325
2023-11-27,15.067407459556797,6323.091,8419.247328,9609.642,4874.92,3159.19,125731.45,22291.646484,181415.104928
2023-11-28,15.074265088713865,6325.93,8430.61283,9631.301,4884.69,3167.49,126538.32,22187.324679,184943.48925
2023-11-29,15.081125838983692,6328.924,8450.891688,9629.28,4884.59,3164.0,126165.64,22325.14548,185137.72199999998
2023-11-30,15.087989711786788,6332.055,8466.371708,9641.873,4889.85,3176.56,127331.12,22471.292100000002,185714.913015
2023-12-01,15.094856708544313,6335.103,8480.508599,9663.795,4912.01,3175.08,128184.91,22434.659364,189436.087308
2023-12-04,15.101726830678073,6338.177,8454.030723,9641.666,4891.92,3184.55,126802.79,22597.105121999997,207866.338299
2023-12-05,15.10860007961052,6341.052,8453.701382,9651.079,4907.18,3189.9,126903.25,22510.260066000003,216372.44363700002
2023-12-06,15.115476456764753,6344.139,8476.889299,9656.364,4906.42,3191.27,125622.65,22303.594284,214843.355058
2023-12-07,15.12235596356452,6347.408,8484.859938,9647.193,4915.11,3179.69,126009.57,22495.070304,212858.64431999996
2023-12-08,15.129238601434215,6350.577,8474.909697,9647.551,4911.25,3189.62,127093.57,22701.385847999998,219672.788704
2023-12-11,15.136124371798886,6353.513,8486.117912,9649.564,4909.48,3180.99,126916.41,22829.306671999995,203389.6616
2023-12-12,15.143013276084222,6356.421,8506.398577,9676.467,4918.78,3169.67,126403.03,23062.00731,204059.05912500003
2023-12-13,15.149905315716566,6359.391,8546.199021,9751.739,4959.31,3177.05,129465.08,23150.880747000003,211453.89820700002
2023-12-14,15.156531732802609,6362.348,8556.833226,9774.957,4973.49,3184.23,130842.09,23183.37351,211199.20392600002
2023-12-15,15.163161048217221,6365.18,8575.582536,9798.918,4973.6,3189.62,130197.1,23330.731522,208830.80861
2023-12-18,15.169793263228103,6368.002,8576.400856,9817.375,4980.87,3197.51,131083.82,23245.810016000003,208966.86496399998
2023-12-19,15.176428379103507,6370.782,8593.42533,9831.11,4987.28,3206.75,131850.9,23194.305354,206708.119002
2023-12-20,15.183066397112245,6373.502,8606.4317,9842.073,4988.47,3212.55,130804.17,23090.51091,213538.19049600002
2023-12-21,15.18970731852368,6376.207,8604.898735,9855.022,4997.93,3232.47,132182.01,23169.8361,214794.618964
2023-12-22,15.196351144607732,6379.008,8609.173202,9870.534,4997.93,3260.47,132752.93,23112.256429999998,212654.6531
2023-12-26,15.202997876634873,6381.949,8624.481416,9877.424,5004.26,3285.4,133532.92,23020.979649999997,204141.64383599997
2023-12-27,15.209647515876135,6384.795,8635.843533,9886.363,5017.95,3298.6,134193.72,23109.37614,209731.61142
2023-12-28,15.216300063603105,6387.612,8620.787512,9897.403,5013.68,3311.43,134185.24,23233.68762,206297.475572
2024-01-02,15.222955521087925,6393.346,8615.046691,9912.271,4996.8,3314.09,132696.63,23321.917959,221903.046273
2024-01-03,15.229613889603296,6396.469,8614.262888,9916.631,4993.38,3324.41,132833.95,23143.430871000004,211216.610946
2024-01-04,15.236275170422472,6399.193,8608.132816,9896.75,4977.5,3320.38,131225.91,22979.689548,218041.75416299998
2024-01-05,15.242939364819264,6401.979,8613.542947,9891.164,4984.32,3324.23,132022.92,22903.272515999997,214395.85846799996
2024-01-08,15.249606474068043,6404.847,8605.948441,9870.443,4994.47,3327.1,132426.54,23217.49396,229636.95031999997
2024-01-09,15.256276499443738,6407.681,8596.34245,9845.354,4989.88,3324.9,131446.59,23341.0968,222919.423472
2024-01-10,15.262949442221831,6410.526,8596.853954,9843.596,4991.11,3324.85,130841.09,23405.42085,224811.86973
2024-01-11,15.269625303678366,6413.432,8608.757737,9865.43,4998.73,3318.09,130648.75,23285.505087999998,224869.838856
2024-01-12,15.276304085089944,6416.321,8634.969211,9884.382,5017.74,3325.7,130987.67,23222.624352,210810.08703999998
2024-01-15,15.282985787733722,6419.248,8641.331033,9882.237,5019.61,3332.17,131520.91,23276.203247999998,207699.37553599998
2024-01-16,15.28967041288742,6422.101,8600.343661,9835.063,4997.74,3334.51,129294.04,23481.983459999996,214001.38734
2024-01-17,15.296357961829314,6425.034,8600.780623,9820.76,4982.74,3332.51,128523.83,23370.466273000002,210256.133978
2024-01-18,15.303048435838239,6427.958,8612.374751,9823.091,4981.26,3329.82,127315.74,23569.556105999996,202470.598608
2024-01-19,15.309741836193592,6430.887,8620.759163,9829.739,4986.48,3340.16,127635.65,23859.779319,205094.587182
2024-01-22,15.316438164175326,6433.851,8604.911191,9825.392,4981.67,3334.06,126601.55,24180.363636000002,198487.98133999997
2024-01-23,15.323137421063956,6436.723,8616.611125,9841.688,4987.22,3330.06,128262.52,24081.229380000004,194060.522031
2024-01-24,15.329839608140556,6439.597,8624.161429,9844.819,4984.42,3324.42,127815.7,24015.583440000002,196154.666464
2024-01-25,15.336544726686762,6442.357,8649.790385,9857.121,4999.35,3324.32,128168.73,24062.627055999998,196194.02220600002
2024-01-26,15.34325277798477,6445.105,8665.602709,9863.033,5001.47,3331.59,128967.32,24019.064573,206230.102524
2024-01-29,15.349963763317334,6447.867,8655.839677,9854.454,5002.45,3329.25,128502.66,24383.397640000003,213681.35920000004
2024-01-30,15.356677683967773,6450.649,8650.987957,9842.732,4991.49,3327.55,127401.81,24379.093997,215563.53923099997
2024-01-31,15.363394541219964,6453.406,8675.247896,9862.561,5003.31,3333.51,127752.28,24012.134009999998,210398.504022
2024-02-01,15.369840560667624,6456.161,8686.523785,9876.248,5008.7,3320.47,128481.02,24102.639613,211664.956802
2024-02-02,15.376289284671664,6458.875,8664.840053,9868.0,4999.84,3332.88,127182.25,24646.275143999996,213624.71035199997
2024-02-05,15.382740714366834,6461.578,8660.298091,9865.18,4990.82,3327.93,127593.49,24627.056544000003,210966.674112
2024-02-06,15.389194850888362,6464.284,8681.888607,9881.537,5001.86,3332.48,130416.31,24568.521993,214052.85671500003
2024-02-07,15.39565169537195,6467.059,8681.270835,9888.86,5005.92,3340.69,129949.9,24833.939802000004,219691.12026100003
2024-02-08,15.402111248953776,6469.877,8663.959746,9886.456,4994.95,3339.78,128216.92,24975.555852,226531.771128
2024-02-09,15.4085735127705,6472.788,8669.184364,9901.472,4999.34,3351.99,128025.7,24903.836583999997,235567.05497599998
2024-02-14,15.415038487959254,6475.62,8654.221479,9890.854,4993.65,3342.91,127018.29,24873.083880000002,257517.45954
2024-02-15,15.421506175657647,6478.413,8661.228762,9903.097,4998.51,3349.19,127804.13,25017.374047,255515.75880900002
2024-02-16,15.427976577003768,6481.139,8649.932101,9899.975,4994.23,3350.11,128725.88,24858.161176999998,258318.64404
2024-02-19,15.434449693136182,6483.967,8658.762881,9901.797,4997.72,3357.03,129035.74,24830.630542,257487.63193000003
2024-02-20,15.440925525193931,6486.675,8676.163323,9909.371,5005.11,3357.64,129916.11,24514.33777,256389.50155
2024-02-21,15.447404074316538,6489.431,8684.928643,9920.637,5001.52,3356.04,130031.58,24601.124760000002,253766.986992
2024-02-22,15.453885341644,6492.201,8672.427,9914.527,5006.48,3354.5,130240.55,25254.051732,256414.387572
2024-02-23,15.460369328316794,6494.993,8671.852527,9904.102,5002.23,3363.24,129418.73,25414.99384,254615.40715999997
2024-02-26,15.466856035475876,6497.712,8656.490239,9886.252,4995.98,3352.02,129609.05,25250.821977,272238.012951
2024-02-27,15.473345464262682,6500.529,8682.919613,9898.946,5006.45,3346.0,131689.37,25056.755756,279922.790988
2024-02-28,15.479837615819124,6503.304,8677.48143,9903.787,5005.78,3343.32,130155.43,25200.256032,300979.265076
2024-02-29,15.486332491287593,6506.259,8697.551245,9916.763,5010.79,3360.0,129020.02,25332.538916,305359.425312
2024-03-01,15.492830091810962,6509.133,8710.894001,9911.077,5021.01,3366.5,129180.37,25454.2314,310129.6842
2024-03-04,15.499330418532583,6511.908,8714.442483,9906.224,5014.64,3364.83,128340.54,25388.453695,333970.673513
2024-03-05,15.505833472596288,6514.775,8734.270529,9911.107,5017.36,3366.96,128098.11,25181.470295,314011.271069
2024-03-06,15.512339255146387,6517.623,8734.285285,9929.445,5025.56,3365.18,128890.23,25245.59058,328783.07132999995
2024-03-07,15.518847767327669,6520.522,8731.808037,9936.551,5030.37,3371.76,128339.76,25451.571599999996,332287.81214999995
2024-03-08,15.525359010285408,6523.329,8716.093052,9927.875,5034.8,3382.28,127070.79,25532.884377,340851.989205
2024-03-11,15.531872985165354,6526.042,8730.132367,9936.929,5029.33,3374.45,126123.56,25476.593525999997,358985.48971500003
2024-03-12,15.53838969311374,6528.897,8737.330211,9942.251,5036.06,3368.76,127667.84,25731.442440000003,353327.17508
2024-03-13,15.54490913527728,6531.804,8745.125087,9950.668,5039.81,3367.44,128006.05,25681.921320000005,363738.04588
2024-03-14,15.55143131280317,6534.682,8717.025164,9930.33,5032.0,3365.68,127689.97,25699.865103999997,352685.999822
2024-03-15,15.557956226839083,6537.559,8697.007064,9911.814,5023.25,3367.01,126741.81,25564.469931,339017.477526
2024-03-18,15.56448387853318,6540.389,8688.687293,9890.769,5023.25,3374.01,126954.18,25878.410210000002,338479.435945
2024-03-19,15.571014269034096,6543.187,8710.03813,9899.146,5025.05,3373.64,127528.85,26051.530257000002,320704.65995700005
2024-03-20,15.577547399490955,6546.063,8728.794838,9922.048,5041.21,3378.25,129124.83,25956.434621999997,333252.894574
2024-03-21,15.583804588730382,6548.964,8722.565194,9895.842,5047.31,3381.26,128158.57,26097.57787,325959.09762
2024-03-22,15.590064291357583,6551.72,8720.834733,9892.412,5049.2,3393.14,127027.1,26178.75127,317640.413545
2024-03-25,15.596326508382136,6554.357,8736.620918,9903.44,5043.84,3390.05,126931.47,25961.538888,353039.644728
2024-03-26,15.602591240814021,6556.967,8724.532398,9901.684,5043.11,3392.25,126863.02,25922.154128000002,347840.269816
2024-03-27,15.60885848966363,6559.627,8723.739519,9924.452,5052.63,3395.41,127690.62,26164.772348,343291.640032
2024-03-28,15.615128255941757,6562.296,8725.347059,9924.478,5053.42,3408.15,128106.1,26345.836335000004,354561.501749
2024-04-01,15.621400540659604,6564.943,8713.411,9908.62,5049.78,3403.41,126990.45,26508.830481,352697.61431699997
2024-04-02,15.627675344828775,6567.53,8704.285,9906.188,5044.92,3406.57,127548.52,26333.069304,332347.704976
2024-04-03,15.633952669461285,6570.183,8705.058,9910.185,5043.65,3412.02,127318.39,26261.219259,331281.52002
2024-04-04,15.640232515569554,6572.781,8711.222,9903.277,5045.69,3414.28,127427.53,26022.234876000002,343519.77937199996
2024-04-05,15.646514884166407,6575.378,8687.434,9890.061,5041.44,3422.18,126795.41,26367.78861,342801.467265
2024-04-08,15.652799776265079,6578.015,8693.074,9895.987,5038.82,3421.87,128857.16,26165.420505,360647.18791499996
2024-04-09,15.659087192879209,6580.669,8715.08,9908.49,5044.15,3420.76,129890.37,26098.002162999997,346278.88295999996
2024-04-10,15.665377135022844,6583.305,8675.937,9861.485,5025.66,3418.43,128053.74,26189.215872,354259.15174799995
2024-04-11,15.67166960371044,6586.0,8671.329,9858.239,5019.66,3417.57,127396.35,26476.213050000002,359070.087075
2024-04-12,15.677964599956857,6588.825,8669.813,9867.675,5022.5,3423.95,125946.09,26222.637061999998,343572.687048
2024-04-15,15.684262124777367,6591.569,8628.402,9847.128,5008.87,3412.68,125333.89,26248.573792,327483.552144
2024-04-16,15.690562179187648,6594.338,8566.466,9797.257,5000.82,3402.52,124388.62,26686.093888999996,333033.85751299997
2024-04-17,15.696864764203783,6597.109,8576.047,9788.696,4985.22,3391.31,124171.15,26326.927041,319009.41086699994
2024-04-18,15.703169880842268,6599.824,8590.728,9809.318,4987.5,3386.78,124196.18,26300.86332,333429.384735
2024-04-19,15.709477530120004,6602.501,8639.788,9824.978,4990.55,3391.17,125124.3,25840.027182999995,333305.101646
2024-04-22,15.715787713054302,6605.186,8645.597,9829.106,4994.58,3380.0,125573.16,25886.26278,343757.387583
2024-04-23,15.72210043066288,6607.902,8643.534,9821.863,4997.1,3373.24,125148.07,25993.667520000003,340155.60768
2024-04-24,15.728415683963869,6610.649,8619.415,9808.321,4990.18,3365.41,124740.69,26109.258403000003,329734.26057
2024-04-25,15.734733473975803,6613.432,8614.109,9805.505,4981.8,3360.86,124645.58,26045.808464,334299.083048
2024-04-26,15.741053801717628,6616.124,8650.465,9820.788,5000.43,3366.74,126526.27,26094.455336,327151.66888199997
2024-04-29,15.747376668208702,6618.814,8663.779,9824.992,5000.57,3374.93,127351.79,26197.348485,322302.140545
2024-04-30,15.753702074468787,6621.539,8613.621,9764.247,4978.03,3381.79,125924.19,26152.352445999997,310923.093326
2024-05-02,15.760030021518059,6624.203,8671.847,9791.37,4978.7,3376.4,127122.25,25887.68398,300289.057366
2024-05-03,15.766360510377101,6626.939,8706.135,9820.821,4994.78,3391.61,128508.67,26010.714775,319206.794525
2024-05-06,15.772693542066909,6629.616,8683.235,9797.861,4995.62,3392.61,128465.69,26298.990461999998,321337.658265
2024-05-07,15.779029117608886,6632.305,8694.565,9821.053,5000.03,3394.53,129210.48,26310.45809,319380.417685
2024-05-08,15.785367238024847,6635.05,8676.168,9821.71,5000.69,3398.1,129480.89,26409.909203000003,313440.960283
2024-05-09,15.791566151739218,6637.809,8660.615,9848.818,5004.58,3389.27,128188.34,26808.713728000002,322037.329088
2024-05-10,15.797767499767005,6640.46,8644.71,9838.704,5002.99,3397.79,127599.57,26939.105708000003,312071.23972
2024-05-13,15.803971283064163,6643.047,8647.201,9837.319,5000.52,3376.5,128154.79,26896.056561999998,324979.447763
2024-05-14,15.81017750258702,6645.69,8668.499,9851.978,5001.57,3367.72,128515.49,26912.320392000005,315865.68212400004
2024-05-15,15.816386159292286,6648.303,8679.544,9861.977,5018.35,3372.59,128027.59,27265.843289999997,338921.39475599997
2024-05-16,15.822597254137039,6650.912,8679.296,9895.109,5020.11,3379.54,128283.62,27172.00416,334856.799872
2024-05-17,15.828810788078737,6653.537,8655.047,9890.343,5017.81,3392.31,128150.71,27070.541715000003,341627.03388
2024-05-20,15.835026762075215,6656.156,8647.666,9884.031,5017.13,3391.26,127750.92,27095.349585,354877.90751999995
2024-05-21,15.84124517708468,6658.63,8664.373,9886.936,5017.79,3386.75,127411.55,27261.58343,357132.06573
2024-05-22,15.84746603406572,6661.017,8633.974,9874.939,5000.37,3383.74,125650.03,27339.592716000003,357579.35611200007
2024-05-23,15.853689333977297,6663.433,8655.94,9891.42,4989.14,3374.75,124729.4,27102.510016,348584.519109
2024-05-24,15.859915077778748,6666.086,8644.719,9886.152,4990.2,3379.01,124305.57,27414.792960000002,355813.85423999996
2024-05-27,15.86614326642979,6668.731,8675.194,9881.77,4994.6,3374.83,124495.68,27432.298536,359875.369457
2024-05-28,15.872373900890516,6671.5,8681.829,9889.14,4993.52,3363.68,123779.54,27382.880628000003,352173.960657
2024-05-29,15.878606982121394,6674.131,8630.167,9870.558,4986.98,3371.11,122707.28,27408.15441,350790.083406
2024-05-31,15.88484251108327,6676.748,8656.309,9894.053,4991.72,3382.34,122098.09,27686.345211000003,354795.89390100003
2024-06-03,15.891080488737371,6679.403,8655.74,9893.198,4988.46,3371.58,122031.58,27714.603039999995,362458.89511999994
2024-06-04,15.897320916045297,6682.266,8649.985,9881.127,4985.95,3364.04,121802.06,27978.489384000004,372367.544404
2024-06-05,15.903563793969028,6684.938,8645.669,9864.949,4999.29,3356.08,121407.33,28367.792552,377331.066336
2024-06-06,15.909809123470918,6687.561,8669.337,9885.348,5003.06,3358.89,122898.8,28124.987136,371405.656293
2024-06-07,15.916056905513704,6690.079,8551.819,9831.197,4982.12,3358.85,120767.19,28581.265647,370271.97782100004
2024-06-10,15.922307141060498,6692.624,8574.275,9833.009,4985.11,3345.21,120759.51,28705.422213,372733.17042000004
2024-06-11,15.928559831074791,6695.338,8602.941,9825.397,4989.16,3334.98,121635.06,28841.816991999996,360998.426496
2024-06-12,15.934814976520453,6697.901,8557.868,9771.135,4986.37,3320.42,119936.02,29351.082728999998,368625.360338
2024-06-13,15.941072578361732,6700.583,8583.174,9797.179,4987.91,3295.71,119567.53,29148.211482,357674.143668
2024-06-14,15.947332637563253,6703.279,8609.282,9814.204,4991.81,3312.59,119662.38,29202.454240000003,353416.84754000005
2024-06-17,15.953595155090023,6705.917,8595.025,9817.412,4988.99,3305.93,119137.86,29668.190538,359795.252124
2024-06-18,15.959860131907424,6708.672,8591.369,9823.363,4996.31,3301.41,119630.44,29823.105455999998,352696.704592
2024-06-19,15.966127568981223,6711.348,8585.103,9823.654,5002.37,3300.19,120261.34,29821.459346999996,352461.471699
2024-06-20,15.972397467277561,6714.023,8601.439,9838.999,5003.16,3301.49,120445.91,29829.323817,354585.577038
2024-06-21,15.97866982776296,6716.72,8626.378,9872.057,5012.07,3299.38,121341.13,29683.815840000003,348560.63032000005
2024-06-24,15.984944651404321,6719.391,8646.92,9880.582,5015.64,3296.23,122636.96,29366.743235,320598.58597
2024-06-25,15.991221939168927,6722.267,8634.682,9865.427,5019.12,3301.23,122331.39,29816.43588,337533.851424
2024-06-26,15.997501692024438,6725.004,8605.915,9851.503,5024.26,3311.05,122641.3,30244.58148,336542.04061200004
2024-06-27,16.003783910938893,6727.835,8596.247,9848.217,5036.07,3328.12,124307.83,30157.978148,337828.24254
2024-06-28,16.010068596880718,6730.555,8549.169,9798.313,5029.63,3347.33,123906.55,30545.92512,336300.98704000004
2024-07-01,16.01635575081871,6733.332,8525.282,9760.237,5029.63,3318.84,124718.07,30989.009400000003,357915.8166
2024-07-02,16.022645373722057,6735.99,8542.587,9765.108,5037.11,3305.51,124787.08,31271.344364,351496.424888
2024-07-03,16.028937466560315,6738.825,8585.199,9815.427,5045.1,3302.82,125661.89,30747.625762,330646.56736999995
2024-07-04,16.035232030303433,6741.562,8644.604,9868.797,5052.84,3323.67,126163.98,30372.215806,319952.118553
2024-07-05,16.041529065921733,6744.343,8657.65,9899.068,5060.21,3341.64,126267.05,30397.414118999997,307701.15084899997
2024-07-08,16.047828574385917,6747.123,8661.875,9900.525,5059.02,3347.36,126548.34,30485.161355,307750.380223
2024-07-09,16.054130556667076,6749.839,8684.814,9906.079,5062.27,3349.16,127108.22,30233.923976,314040.57468799996
2024-07-10,16.060435013736676,6752.624,8729.45,9958.372,5074.68,3349.04,127218.24,30513.819951,310911.003856
2024-07-11,16.06674194656657,6755.428,8740.091,10002.26,5087.5,3350.64,128293.61,30372.079244,313011.607206
2024-07-12,16.073051356128985,6758.183,8733.978,10009.73,5094.32,3370.07,128896.98,30486.858220000002,312498.399836
2024-07-15,16.079363243396536,6760.857,8712.123,9993.826,5095.2,3375.26,129320.96,30663.682266,347295.843153
2024-07-16,16.085677609342216,6763.578,8730.204,10010.54,5100.14,3382.99,129110.38,30766.66208,351224.911349
2024-07-17,16.091994454939403,6766.29,8717.321,10008.18,5092.78,3388.1,129450.32,30638.249102,353757.144186
2024-07-18,16.098313781161856,6769.096,8673.06,9965.699,5085.25,3382.64,127652.06,30741.979255000002,353844.390055
2024-07-19,16.10463558898372,6771.892,8666.723,9949.608,5084.65,3391.72,127616.46,30815.889000000003,374973.503086
2024-07-22,16.11095987937951,6774.602,8686.736,9964.497,5092.46,3390.99,127859.63,31031.601688000002,380047.15295200003
2024-07-23,16.117286653324143,6777.25,8655.911,9926.049,5092.25,3386.19,126589.84,31032.141344,367834.605104
2024-07-24,16.123615911792903,6779.957,8645.843,9929.194,5090.11,3381.51,126422.73,30688.249298000002,373446.634708
2024-07-25,16.129947655761462,6782.682,8613.865,9926.547,5081.99,3375.0,125954.09,30476.977134000004,368460.38906200003
2024-07-26,16.13628188620588,6785.434,8643.483,9955.064,5095.76,3375.85,127492.49,30878.30733,381509.742432
2024-07-29,16.14261860410259,6788.14,8632.413,9956.792,5093.95,3353.38,126953.86,30678.869808,378280.638352
2024-07-30,16.14895781042842,6790.835,8650.514,9974.521,5092.74,3358.4,126139.21,30514.194075999996,371431.243953
2024-07-31,16.155299506160574,6793.675,8682.131,10003.45,5105.38,3364.78,127651.81,31203.75615,364796.05398
2024-08-01,16.16164369227664,6796.432,8681.386,10033.48,5123.14,3365.6,127395.1,31297.712616,371744.835186
2024-08-02,16.167990369754598,6799.234,8761.732,10125.9,5121.8,3368.97,125854.09,30625.630336000006,358301.648117
2024-08-05,16.1743395395728,6802.024,8778.295,10134.48,5107.15,3352.64,125269.54,29680.329324000002,311293.19392800005
2024-08-06,16.180691202709987,6804.798,8732.995,10091.93,5101.58,3347.44,126266.7,29672.717881,320347.829439
2024-08-07,16.18704536014529,6807.521,8743.881,10101.63,5112.3,3349.29,127513.88,29289.8234,310693.56913200003
2024-08-08,16.19340201285822,6810.234,8741.263,10133.13,5127.45,3345.06,128660.88,29506.21257,330256.1766
2024-08-09,16.199761161828665,6812.938,8783.774,10180.53,5138.97,3349.97,130614.59,29439.374192,334801.984465
2024-08-12,16.206122808036913,6815.5,8789.914,10198.06,5141.38,3352.25,131115.9,29375.439635000002,323504.037705
2024-08-13,16.212486952463628,6818.128,8834.402,10227.67,5153.44,3355.2,132397.97,29646.989422000002,330526.701678
2024-08-14,16.218853596089858,6820.788,8840.215,10232.44,5158.8,3363.1,133317.66,29859.637456,323806.68144
2024-08-15,16.225222739897042,6823.387,8809.8,10212.84,5159.66,3374.02,134153.42,30397.355514,310821.654537
2024-08-16,16.231594384866998,6825.97,8809.86,10186.1,5159.15,3385.46,133953.25,30390.078875,324455.35394
2024-08-19,16.237968531981934,6828.551,8848.953,10157.44,5163.73,3382.02,135777.98,30350.72735,319858.161312
2024-08-20,16.244345182224443,6831.394,8836.87,10121.58,5166.0,3382.52,136087.41,30654.866528,324838.882368
2024-08-21,16.250724336577502,6834.564,8845.699,10128.4,5167.11,3381.82,136463.65,30851.721480000004,336167.648568
2024-08-22,16.257105996024475,6837.638,8797.624,10117.85,5148.73,3378.64,135173.39,31106.45376,338856.44064
2024-08-23,16.26349016154911,6840.501,8838.253,10150.91,5172.55,3388.44,135608.47,30910.906999,349373.052476
2024-08-26,16.269876834135548,6843.333,8859.657,10133.47,5165.13,3386.89,136888.71,30863.412431999997,348636.87274799997
2024-08-27,16.27626601476831,6846.284,8845.104,10123.62,5162.78,3383.92,136775.91,30991.96962,340743.09348
2024-08-28,16.28265770443231,6848.998,8815.412,10093.31,5156.67,3381.68,137343.96,31135.021368,330425.70209599996
2024-08-29,16.28905190411284,6851.772,8783.2,10082.51,5147.61,3385.87,136041.35,31470.432488,335038.579284
2024-08-30,16.295448614795582,6854.667,8742.825,10055.17,5145.71,3393.55,136004.01,31669.449119999997,331055.74872
2024-09-02,16.30184783746661,6857.512,8732.439,10039.87,5149.21,3389.32,134906.07,31731.581519999996,331469.974656
2024-09-03,16.30824957311238,6860.325,8746.044,10031.94,5142.43,3383.71,134353.48,31206.939599000005,328573.10341800004
2024-09-04,16.31465382271974,6863.038,8790.901,10060.62,5158.6,3385.35,136110.73,31143.130925999998,327470.833824
2024-09-05,16.321060587275923,6865.857,8816.235,10092.58,5161.29,3382.37,136502.49,30670.503930000003,312500.73638
2024-09-06,16.327469867768546,6868.599,8824.672,10103.89,5160.71,3386.56,134572.45,30283.906948,295964.74209400004
2024-09-09,16.33388166518562,6871.324,8829.039,10097.33,5163.23,3382.23,134737.21,30555.267145,318456.63874900003
2024-09-10,16.340295980515535,6874.079,8824.485,10082.08,5172.86,3371.9,134319.58,31105.742304,325887.599856
2024-09-11,16.346712814747082,6876.785,8831.206,10083.2,5177.92,3367.28,134676.75,31449.705712,325559.801248
2024-09-12,16.353132168869433,6879.49,8807.39,10045.62,5181.86,3358.49,134029.43,31480.067032000003,327385.586248
2024-09-13,16.359554043872148,6882.291,8819.511,10069.3,5200.28,3364.3,134881.95,31306.550892000007,333199.288994
2024-09-16,16.365978440745174,6884.999,8811.983,10048.16,5206.24,3360.72,135118.22,31044.522299,317818.854346
2024-09-17,16.372405360478854,6887.894,8813.064,10052.98,5204.36,3353.66,134960.19,30896.092514,329751.40542
2024-09-18,16.378834804063914,6891.05,8826.642,10060.79,5201.86,3350.15,133747.69,30681.317860000003,328928.26264000003
2024-09-19,16.38541385442801,6894.007,8791.132,10003.0,5205.92,3340.62,133122.67,30999.353820000004,342034.91355
2024-09-20,16.391995547465054,6896.813,8734.451,9959.681,5197.12,3333.57,131065.44,31425.042285,346201.516557
2024-09-23,16.39857988423656,6899.612,8697.623,9968.354,5198.17,3311.97,130568.37,31666.581374999998,350619.77024999994
2024-09-24,16.40516686580446,6902.752,8765.031,10006.41,5205.89,3303.53,132155.76,31275.426322000003,350384.030354
2024-09-25,16.411756493231117,6905.544,8780.288,10017.3,5195.84,3293.73,131586.45,31324.223466,347543.711634
2024-09-26,16.418348767579317,6908.342,8763.65,10013.11,5201.18,3294.14,133009.78,31241.023911999997,351697.71476
2024-09-27,16.42494368991228,6911.241,8749.001,10012.71,5208.72,3309.13,132730.36,31182.363414,357644.10209400003
2024-09-30,16.431541261293642,6914.14,8735.788,9988.177,5201.41,3305.97,131816.44,31403.211008,347603.226464
2024-10-01,16.43814148278748,6917.123,8753.438,9999.577,5204.96,3278.3,132495.16,31051.603875,330636.770952
2024-10-02,16.444744355458283,6920.498,8769.874,10006.49,5205.06,3278.86,133514.94,31071.887634,331452.243341
2024-10-03,16.451349880370984,6924.733,8761.072,10002.29,5200.01,3271.6,131671.51,31218.001385999996,332864.238707
2024-10-04,16.45795805859093,6928.787,8749.295,9982.084,5195.93,3276.3,131791.55,31377.262812999998,340558.532857
2024-10-07,16.4645688911839,6932.767,8768.635,10012.47,5187.69,3275.8,132017.84,31269.001817999997,345901.93462200003
2024-10-08,16.471182379216113,6937.039,8785.287,10033.3,5191.96,3256.99,131511.73,31829.053872,345063.03268799995
2024-10-09,16.477798523754196,6939.47,8726.324,9985.966,5192.92,3232.13,129962.06,32397.775739999997,337809.69981
2024-10-10,16.484417325865216,6941.338,8706.306,10006.84,5195.37,3209.87,130352.86,32272.909175,333494.917275
2024-10-11,16.49103878661667,6942.924,8672.464,10012.69,5203.17,3216.81,129992.29,32628.133329999997,353505.06364999997
2024-10-14,16.497662907076478,6945.653,8723.255,10004.86,5211.03,3228.39,131005.25,32778.242945000005,368660.01437299995
2024-10-15,16.50428968831299,6947.901,8706.748,9981.627,5214.16,3233.72,131043.27,32873.083254,375806.99663099996
2024-10-16,16.510919131394992,6949.65,8689.369,9964.358,5225.0,3233.65,131749.72,33093.502821,383020.36250100005
2024-10-17,16.51755123739169,6951.333,8677.851,9962.535,5230.89,3230.34,130793.41,33032.928703,378505.24624699994
2024-10-18,16.524186007372723,6954.06,8666.537,9929.141,5230.95,3236.05,130499.26,33387.566309999995,389512.7828
2024-10-21,16.530823442408163,6956.819,8686.063,9922.934,5230.5,3217.91,130361.56,33341.343089999995,385706.0946
2024-10-22,16.53746354356851,6959.919,8688.006,9921.549,5229.91,3207.8,129951.37,33296.83872,384104.517142
2024-10-23,16.54410631192469,6962.926,8673.579,9897.528,5225.22,3179.22,129233.11,32978.043928,378769.90710799996
2024-10-24,16.550751748548063,6966.328,8731.689,9967.213,5226.43,3169.03,130066.95,32910.532955999995,386042.09347799997
2024-10-25,16.557399854510418,6969.769,8716.122,9938.625,5226.17,3181.65,129893.32,33151.587336,381101.13014399994
2024-10-28,16.564050630883976,6972.59,8714.374,9921.585,5229.91,3189.83,131212.58,33246.47568,397406.74413
2024-10-29,16.57070407874139,6975.611,8697.737,9902.13,5233.29,3197.08,130729.93,33608.118456000004,416638.120338
2024-10-30,16.577360199155738,6978.796,8707.599,9913.396,5231.18,3206.86,130639.33,33503.598843,419738.51634000003
2024-10-31,16.584018993200534,6981.869,8697.069,9923.217,5216.53,3204.84,129713.33,33021.432965,404777.326627
2024-11-01,16.59068046194972,6984.937,8630.354,9890.315,5216.53,3198.38,128120.75,33629.77464,406197.815323
2024-11-04,16.597344606477677,6987.776,8691.829,9962.825,5216.81,3187.13,130514.79,33042.198959999994,388025.48183999996
2024-11-05,16.604011427859206,6990.769,8709.095,9972.767,5217.93,3187.61,130660.75,33230.052064,397437.05645599996
2024-11-06,16.610680927169547,6993.717,8710.452,9982.26,5217.93,3179.9,130340.92,33661.531696,431251.443368
2024-11-07,16.61765027056616,6996.667,8722.886,10027.28,5236.78,3184.21,129681.7,33988.73093,432233.93613399996
2024-11-08,16.624622538090183,6999.77,8706.933,10052.09,5242.13,3195.85,127829.8,34385.621008,438914.397184
2024-11-11,16.63159773096849,7002.841,8693.307,10040.2,5252.78,3168.1,127873.7,34547.37141,506664.443398
2024-11-12,16.638575850428474,7006.183,8670.35,9951.978,5258.48,3154.66,127698.32,34451.625627,508486.06017899996
2024-11-13,16.64555689769804,7009.272,8659.846,9955.616,5257.66,3146.58,127733.88,34699.642012,513846.28780799994
2024-11-14,16.652540874005606,7012.26,8673.403,9971.824,5263.05,3151.4,127791.6,34483.768988,511321.31104000006
2024-11-18,16.659527780580113,7015.266,8649.593,9979.462,5247.9,3157.25,127768.19,33904.227774,525627.1328769999
2024-11-19,16.66651761865101,7018.495,8676.194,10010.91,5247.9,3162.99,128197.25,34159.317237999996,532892.92322
2024-11-20,16.673510389448268,7018.495,8676.194,10010.91,5247.9,3162.99,128197.25,34160.067741,545348.097815
2024-11-21,16.680506094202368,7021.515,8678.772,10046.77,5269.83,3161.92,126922.11,34586.989682,570285.748858
2024-11-22,16.687504734144312,7024.556,8670.115,10013.37,5282.0,3175.86,129125.51,34662.763512,577312.114068
2024-11-25,16.694506310505616,7027.607,8691.625,10028.45,5281.63,3181.41,129036.1,34793.205807,544584.389061
2024-11-26,16.701510824518316,7030.673,8699.816,10024.53,5292.38,3184.15,129922.38,34998.917886,532694.7559079999
2024-11-27,16.70851827741496,7033.702,8617.328,9954.758,5280.28,3171.36,127668.61,35596.52316,572040.62634
2024-11-28,16.715528670428615,7036.786,8557.834,9911.486,5276.57,3138.55,124610.41,36057.826266000004,571834.108174
2024-11-29,16.722542004792867,7039.941,8546.409,9925.443,5289.63,3137.33,125667.83,36021.150694,581965.226807
2024-12-02,16.72955828174182,7043.055,8537.923,9950.854,5302.36,3103.42,125235.54,36694.106199999995,579008.31728
2024-12-03,16.73657750251009,7046.263,8481.213,9902.238,5306.59,3072.12,126139.2,36605.403928,581378.375142
2024-12-04,16.74359966833282,7049.303,8490.704,9920.19,5306.38,3023.45,126087.02,36761.182301999994,591152.310372
2024-12-05,16.750624780445662,7052.329,8482.688,9909.889,5299.49,2965.49,127857.58,36493.18577,594872.42909
2024-12-06,16.757652840084795,7055.34,8407.026,9865.185,5309.59,3017.96,125945.67,37069.64640900001,612115.7417370001
2024-12-09,16.76468384848691,7058.408,8359.501,9841.873,5297.13,2998.97,127210.19,36823.11826,589714.0093439999
2024-12-10,16.77171780688922,7061.42,8441.239,9911.751,5296.56,2965.16,128228.49,36517.843901,586420.330496
2024-12-11,16.77875471652946,7064.371,8491.231,10003.67,5313.89,2947.01,129593.31,36290.368093,606088.1383969999
2024-12-12,16.78639123116359,7067.184,8465.58,9939.159,5298.26,2947.07,126042.21,36292.977,598482.751104
2024-12-13,16.79403122140463,7070.402,8382.987,9853.613,5291.32,2974.64,124612.22,36647.821476,613767.7493639999
2024-12-16,16.801674688834428,7073.643,8290.684,9741.89,5298.5,2957.28,123560.06,37263.873392,650759.5788489999
2024-12-17,16.809321635035555,7076.588,8294.939,9696.126,5292.18,2923.84,124698.04,36974.672649,650245.652859
2024-12-18,16.816972061591308,7079.383,8182.917,9601.064,5295.17,2887.65,120771.88,36954.090096,635291.6544809999
2024-12-19,16.824625970085698,7080.818,8333.354,9706.869,5290.22,2878.39,121187.91,36025.631324,597622.1359519999
2024-12-20,16.832283362103464,7082.037,8420.72,9776.784,5284.09,2946.66,122102.15,36089.22225,587550.37945
2024-12-23,16.839944239230057,7084.74,8325.223,9754.507,5294.4,3020.57,120766.57,36988.454405,581055.991355
2024-12-24,16.847608603051658,7087.989,8330.151,9760.297,5300.25,3020.57,120766.57,37191.5463,605423.564625
2024-12-26,16.855276455155163,7090.944,8281.138,9750.185,5302.06,3068.92,121077.5,37320.155067,591530.506214
2024-12-27,16.862947797128196,7094.0,8240.163,9705.174,5303.15,3112.72,120269.31,36972.038364,584534.673447
2024-12-30,16.870622630559104,7097.18,8198.454,9660.063,5304.01,3116.28,120283.4,36489.531156,567820.1217299999
2025-01-02,16.87830095703695,7103.968,8257.412,9697.582,5316.36,3117.34,120125.39,36098.624760000006,597427.857048
2025-01-03,16.885982778151526,7108.331,8311.758,9714.17,5322.62,3116.7,118532.68,36756.553938,607674.72636
2025-01-06,16.893668095493346,7114.155,8358.805,9750.785,5320.84,3118.93,120021.52,36544.229004,621743.9091780001
2025-01-07,16.901356910653647,7119.333,8347.813,9746.202,5317.24,3114.84,121162.66,36057.491963,588721.637913
2025-01-08,16.909049225224393,7122.417,8343.442,9757.021,5322.75,3085.52,119624.51,36159.915675,577128.32321
2025-01-09,16.91674504079827,7125.503,8379.976,9759.298,5321.76,3069.97,119780.56,35726.10795,556012.5125399999
2025-01-10,16.924444358968685,7128.784,8343.654,9734.271,5324.52,3076.59,118856.48,35590.977616,577930.536343
2025-01-13,16.932147181329782,7132.136,8369.686,9715.492,5314.19,3067.79,119006.93,35584.600584,574182.0429959999
2025-01-14,16.93985350947642,7135.791,8401.048,9741.043,5309.29,3065.32,119298.67,35374.145722,583832.9628539999
2025-01-15,16.947563345004188,7139.334,8468.248,9768.964,5322.78,3090.78,122650.2,35777.403821,599379.1935899999
2025-01-16,16.9552766895094,7142.683,8428.357,9746.563,5327.09,3084.1,121234.14,35948.81249800001,606291.077867
2025-01-17,16.962993544589096,7145.953,8412.618,9712.307,5336.82,3041.67,122350.38,36457.294136,636169.404796
2025-01-20,16.970713911841045,7149.306,8454.247,9693.288,5317.17,3038.88,122855.15,36179.648777999995,618380.7305129999
2025-01-21,16.97843779286374,7152.643,8450.768,9659.483,5321.78,3018.7,123338.34,36452.720239999995,643508.82672
2025-01-22,16.986165189256408,7155.928,8464.154,9669.916,5329.71,3010.63,122971.77,36167.036451,618422.9454130001
2025-01-23,16.993896102618994,7159.217,8431.989,9653.251,5332.28,2997.38,122483.32,36247.238040000004,610948.69564
2025-01-24,17.001630534552177,7162.438,8427.003,9671.792,5327.71,3000.9,122446.94,36081.513112,621607.856458
2025-01-27,17.00936848665737,7165.618,8448.663,9674.383,5322.32,2989.1,124861.5,35495.298664,598299.416358
2025-01-28,17.0171099605367,7168.905,8462.265,9678.726,5331.19,2974.55,124055.5,35591.307890000004,588253.514557
2025-01-29,17.02485495779304,7172.029,8446.953,9674.27,5331.75,2974.65,123432.12,35420.55315000001,608502.01965
2025-01-30,17.033203435918693,7175.226,8546.018,9781.779,5349.38,2996.66,126912.78,35669.337984000005,617245.0456320001
2025-01-31,17.041556007887568,7178.727,8555.565,9768.547,5355.34,3020.63,126134.94,35300.85732,596730.89844
2025-02-03,17.04991267570716,7182.229,8596.388,9799.347,5364.0,3001.5,125970.46,34817.661474,592057.763442
2025-02-04,17.058273441385946,7185.471,8612.287,9784.896,5357.68,3000.0,125147.42,34769.735768000006,555879.7310960001
2025-02-05,17.0666383069334,7188.19,8577.606,9755.538,5358.33,2994.08,125534.07,35183.254512,562653.751212
2025-02-06,17.075007274359972,7191.069,8571.572,9775.545,5363.41,2995.68,126224.74,35057.180481999996,557887.621054
2025-02-07,17.083380345677103,7194.435,8532.641,9770.675,5363.43,3007.49,124619.4,35005.578509,557789.665818
2025-02-10,17.091757522897215,7198.015,8531.306,9774.291,5367.82,3004.58,125571.81,35110.734788,563739.285223
2025-02-11,17.10013880803372,7202.193,8564.951,9794.55,5364.23,3004.3,126521.66,34990.36415,555695.5892390001
2025-02-12,17.108524203101016,7206.741,8554.701,9791.275,5358.48,3005.3,124380.21,34856.926412,562500.448356
2025-02-13,17.116913710114492,7210.527,8583.019,9806.929,5358.96,2997.99,124850.18,35268.666225,556515.706725
2025-02-14,17.12530733109052,7214.134,8643.159,9878.274,5369.59,3018.35,128218.59,34846.053444000005,555650.95122
2025-02-17,17.13370506804647,7217.792,8705.135,9914.932,5376.09,3044.67,128552.13,34929.212412,550776.9835959999
2025-02-18,17.14210692300069,7221.33,8712.345,9912.805,5374.06,3060.51,128531.71,34843.59751,540075.534025
2025-02-19,17.150512897972522,7224.833,8679.741,9900.419,5368.84,3060.26,127308.8,35156.211885,551107.201698
2025-02-20,17.1589229949823,7228.307,8691.359,9913.839,5364.75,3075.41,127600.58,34886.381304,559612.680186
2025-02-21,17.16733721605135,7231.825,8744.673,9933.118,5366.62,3107.14,127128.06,34458.241465,546262.0327849999
2025-02-24,17.17575556320199,7235.378,8726.001,9876.535,5353.37,3113.54,125401.38,34539.507275,542390.134333
2025-02-25,17.184178038457517,7239.077,8729.369,9906.173,5355.91,3118.17,125979.5,34255.78905,510231.184224
2025-02-26,17.192604643842238,7242.706,8664.492,9869.014,5357.68,3106.26,124768.71,34618.407538,490966.02721399994
2025-02-27,17.20103538138144,7246.332,8662.143,9838.363,5354.35,3115.51,124798.96,34181.745455,491509.02716999996
2025-02-28,17.20947025310141,7249.944,8598.046,9817.793,5361.13,3121.48,122799.09,35038.6598,495537.50470800005
2025-03-05,17.217909261029426,7253.762,8666.806,9875.967,5352.56,3122.11,123046.85,33629.009754,520180.48255799996
2025-03-06,17.226352407193758,7257.429,8663.141,9876.856,5348.64,3140.77,123357.55,33070.516908000005,517754.380572
2025-03-07,17.234799693623675,7261.036,8723.334,9899.073,5348.7,3161.11,125034.63,33407.149919999996,499539.13564
2025-03-10,17.243251122349438,7264.555,8698.386,9901.414,5346.4,3164.67,124519.38,32875.494624000006,464169.79578600003
2025-03-11,17.251706695402305,7268.158,8751.536,9940.997,5348.27,3174.15,123507.35,32375.955527999995,481017.275928
2025-03-12,17.26016641481453,7271.705,8734.79,9933.484,5352.9,3185.44,123863.5,32475.94,482020.65799999994
2025-03-13,17.268630282619366,7275.23,8775.025,9960.279,5354.16,3188.41,125637.11,32023.159544000002,465850.28904899996
2025-03-14,17.277098300851055,7278.767,8772.423,9946.055,5353.61,3212.67,128957.09,32379.357373999996,483220.91308399994
2025-03-17,17.285570471544844,7282.323,8810.962,9950.715,5359.2,3220.09,130833.96,32256.247055999997,477200.53723799996
2025-03-18,17.29404679673698,7285.948,8835.196,9981.066,5361.12,3236.94,131474.73,31842.421258,465224.96238499996
2025-03-19,17.302527278464694,7289.487,8852.725,10010.08,5371.85,3255.59,132508.45,32055.740507,482239.71015500004
2025-03-20,17.311616469069346,7293.036,8791.215,9969.477,5365.16,3259.03,131954.9,32168.046645000002,480025.36963500007
2025-03-21,17.320710434316712,7296.878,8766.331,9981.106,5359.29,3258.64,132344.88,32465.483948,482227.598371
2025-03-24,17.329809176714964,7300.721,8742.662,9958.42,5356.01,3261.22,131321.44,33247.157265,506583.22239
2025-03-25,17.338912698773584,7304.547,8720.854,9964.48,5362.04,3265.83,132067.69,32923.439009999995,500964.83530800004
2025-03-26,17.348021003003375,7308.29,8692.297,9961.188,5359.43,3272.5,132519.63,32760.609439999997,500604.445112
2025-03-27,17.357134091916464,7312.17,8744.19,9968.303,5359.23,3286.0,133148.75,32712.051267000003,501652.125698
2025-03-28,17.36625196802629,7316.02,8726.731,9970.259,5364.52,3301.81,131902.18,32151.795339999997,482535.48378
2025-03-31,17.375374633847613,7319.899,8755.148,9998.786,5357.46,3313.09,130259.54,32019.532545000002,470271.154353
2025-04-01,17.38450209189652,7323.723,8785.576,9988.069,5392.1,3311.48,131147.29,32009.920275,484396.9843
2025-04-02,17.393634344690412,7327.729,8790.076,9985.222,5394.94,3309.45,131190.34,32092.586326999997,484721.9482139999
2025-04-03,17.402771394748022,7331.606,8903.925,10073.03,5424.97,3305.07,131140.65,30382.407600000002,463438.2355
2025-04-04,17.411913244589396,7335.569,8939.657,10085.78,5432.84,3279.91,127256.0,29644.297584,491511.12157899997
2025-04-07,17.421059896735912,7339.435,8938.201,10071.64,5435.28,3253.69,125588.09,29940.1714,466783.019216
2025-04-08,17.430211353710266,7343.35,8908.778,10045.35,5449.28,3243.36,123931.89,29955.416686000004,463226.564102
2025-04-09,17.439367618036485,7347.236,8879.61,10025.96,5444.09,3246.53,127795.93,31787.533879999995,484503.7867519999
2025-04-10,17.448528692239915,7351.026,8875.142,9994.653,5453.07,3246.64,126354.75,31005.635080000004,470136.901808
2025-04-11,17.457694578847235,7354.84,8920.28,10055.66,5472.81,3257.67,127682.4,31465.760447999997,491758.69608
2025-04-14,17.46686528038645,7358.671,8978.43,10091.45,5487.85,3280.55,129453.91,31653.035544000002,496802.360912
2025-04-15,17.47604079938689,7362.556,8959.432,10074.85,5489.12,3292.47,129245.39,31765.643506,494537.80457599997
2025-04-16,17.485221138379217,7366.456,8974.447,10079.68,5497.65,3308.92,128316.89,30952.531899999998,494635.56402999995
2025-04-17,17.49440629989542,7370.24,8994.038,10089.08,5506.35,3333.34,129650.03,30677.16717,494411.499894
2025-04-22,17.503596286468817,7374.114,8994.092,10040.14,5522.35,3350.6,130464.38,30270.839672000002,521963.60526200006
2025-04-23,17.51279110063406,7377.982,9060.29,10075.08,5524.42,3360.22,132216.07,30690.247153999997,534844.1766669999
2025-04-24,17.521990744927134,7381.857,9125.591,10133.94,5553.82,3365.54,134580.43,31169.399433000002,531091.043667
2025-04-25,17.53119522188535,7385.636,9107.819,10152.53,5554.84,3391.14,134739.28,31401.425993,539725.212271
2025-04-28,17.54040453404736,7389.304,9115.346,10171.48,5565.17,3394.85,135015.89,31264.528374999998,534422.149047
2025-04-29,17.549618683953142,7392.738,9109.439,10185.02,5563.94,3401.38,135092.99,31256.869347,533276.985555
2025-04-30,17.55883767414401,7396.511,9142.911,10208.14,5571.69,3412.71,135066.97,31595.505004000002,536596.8666119999
2025-05-02,17.568061507162614,7400.307,9125.71,10208.76,5566.34,3419.46,135133.88,32170.629523999996,549108.4807799999
2025-05-05,17.577290185552943,7404.082,9102.495,10184.26,5563.66,3391.75,133491.23,32137.666326000002,536010.952449
2025-05-06,17.586523711860316,7407.857,9143.105,10229.72,5580.14,3385.58,133515.82,32038.444431,541135.498239
2025-05-07,17.595762088631393,7411.703,9144.5,10255.25,5573.2,3388.2,133397.52,32353.392984000002,556111.085277
2025-05-08,17.60531060488641,7415.717,9180.836,10311.63,5582.56,3389.8,136231.9,32074.892219999998,581117.86243
2025-05-09,17.614864302739257,7419.854,9191.923,10337.1,5588.5,3407.91,136511.88,32001.697130999997,583479.429321
2025-05-12,17.62442318500178,7423.926,9171.68,10333.61,5575.84,3406.81,136563.18,33168.115926,582825.611574
2025-05-13,17.633987254487355,7428.104,9169.193,10347.24,5598.67,3411.75,138963.11,33012.361055,586604.512031
2025-05-14,17.643556514010875,7432.468,9136.882,10319.51,5597.81,3406.0,138422.84,33221.776782,583937.655819
2025-05-15,17.65313096638877,7437.025,9120.945,10341.92,5598.26,3422.9,139334.38,33624.138111,587952.6565469999
2025-05-16,17.66271061443899,7441.318,9166.662,10365.61,5604.6,3439.07,139187.39,33754.818538,587540.607381
2025-05-19,17.672295460981022,7445.535,9198.207,10402.91,5616.6,3435.23,139636.41,33706.86356,596216.911911
2025-05-20,17.68188550883588,7449.711,9195.611,10384.62,5619.67,3437.16,140109.63,33671.121326,606221.546282
2025-05-21,17.691480760826106,7453.871,9166.386,10351.47,5617.58,3436.24,137881.27,32998.668059999996,611362.4868600001
2025-05-22,17.701081219775777,7458.001,9188.554,10376.88,5617.97,3436.98,137272.59,33346.193080000005,634114.39176
2025-05-23,17.7106868885105,7462.115,9192.635,10386.21,5633.42,3440.31,137824.29,32766.783693999998,611319.139177
2025-05-26,17.72029776985742,7466.233,9204.094,10393.69,5638.0,3436.16,138136.14,32896.186579999994,621431.35818
2025-05-27,17.729913866645212,7470.333,9256.518,10432.2,5642.63,3438.26,139541.23,33411.697296,618496.8105840001
2025-05-28,17.739535181704085,7474.383,9237.601,10409.74,5635.76,3442.87,138887.81,33505.260645,610729.513228
2025-05-29,17.74916171786579,7478.231,9232.206,10409.68,5641.74,3446.02,138533.7,33506.632258,601760.111428
2025-05-30,17.758793477963607,7482.226,9208.337,10381.18,5634.85,3461.93,137026.62,33833.193039,598623.7264109999
2025-06-02,17.76843046483236,7486.29,9193.138,10363.21,5644.52,3444.94,136786.65,33676.961996,595320.698194
2025-06-03,17.778072681308405,7490.441,9202.299,10364.89,5650.66,3454.18,137546.26,33662.737171,596592.582576
2025-06-04,17.787720130229644,7494.618,9211.149,10380.0,5659.26,3447.92,137001.58,33658.053051,590025.7303010001
2025-06-05,17.797372814435516,7498.731,9174.045,10367.72,5659.49,3448.11,136236.37,33188.8084,561615.29028
2025-06-06,17.807030736766997,7502.908,9193.381,10380.34,5651.34,3449.38,136102.1,33362.601636,581444.1770410001
2025-06-09,17.81669390006661,7506.938,9223.137,10370.61,5655.84,3416.25,135699.38,33385.485744,604630.731588
2025-06-10,17.82636230717842,7511.21,9254.443,10344.221,5658.31,3407.79,136436.07,33662.742464,613070.337984
2025-06-11,17.836035960948035,7515.466,9251.91,10358.52,5665.35,3408.33,137128.04,33345.14288,603162.63007
2025-06-12,17.845714864222604,7519.562,9253.51,10361.71,5678.63,3391.47,137799.74,33475.022724,587035.3340939999
2025-06-13,17.85539901985082,7523.741,9270.229,10381.45,5668.52,3418.94,137212.63,33134.528589,584707.953687
2025-06-16,17.865088430682935,7527.903,9287.459,10388.83,5684.74,3431.84,139255.91,33136.856674999995,597766.46085
2025-06-17,17.87478309957073,7532.071,9267.796,10395.789,5675.08,3432.06,138840.02,32910.94272000001,574260.99711
2025-06-18,17.884483029367544,7536.186,9273.238,10410.11,5673.75,3441.08,138716.64,32854.115084,575885.719452
2025-06-20,17.894342923706468,7540.283,9307.066,10445.27,5670.49,3436.7,137115.83,32904.879408,571891.495167
2025-06-23,17.90420825390374,7544.429,9317.853,10434.93,5675.62,3429.82,136550.5,33119.756973,570593.666289
2025-06-24,17.9140790229562,7548.463,9339.957,10420.946,5702.96,3434.16,137164.61,33574.613198,584965.293521
2025-06-25,17.923955233862348,7552.48,9326.344,10411.706,5699.24,3442.39,135767.29,33896.77824,600067.99684
2025-06-26,17.93383688962233,7556.715,9355.163,10437.342,5724.17,3449.55,137113.89,33709.286984000006,591799.4896120001
2025-06-27,17.94372399323795,7560.949,9360.109,10455.73,5722.23,3462.91,136865.79,33869.783168999995,588008.596527
2025-06-30,17.953616547712663,7565.231,9421.068,10515.735,5754.31,3483.77,138854.6,33703.426915000004,584486.823537
2025-07-01,17.963514556051585,7569.524,9418.145,10527.817,5748.82,3474.88,139549.43,33833.077187,578345.498497
2025-07-02,17.973418021261484,7573.903,9409.805,10519.369,5740.67,3475.21,139050.93,33783.130758,592471.827909
2025-07-03,17.983326946350786,7578.189,9405.896,10526.01,5747.74,3481.84,140927.86,33964.376215000004,594900.625039
2025-07-04,17.99324133432958,7582.416,9399.295,10522.173,5747.61,3495.42,141263.56,34040.984285,584079.126191
2025-07-07,18.00316118820961,7586.649,9385.325,10497.827,5727.67,3491.69,139489.7,34183.277262,592041.503079
2025-07-08,18.013086511004282,7590.86,9394.061,10470.158,5723.92,3486.43,139302.85,33917.255512,592114.817161
2025-07-09,18.023017305728665,7595.078,9400.017,10445.6,5717.35,3482.59,137480.79,34902.642676,617214.5446060001
2025-07-10,18.03295357539949,7599.253,9363.087,10436.706,5706.93,3474.99,136743.26,34742.248628,628327.954096
2025-07-11,18.042895323035143,7603.435,9365.985,10462.218,5702.62,3483.22,136187.31,34802.95805,654559.757438
2025-07-14,18.052842551655687,7607.694,9368.319,10452.641,5705.92,3483.85,135298.99,35028.71328,671666.47988
2025-07-15,18.06279526428284,7611.962,9340.126,10415.802,5705.9,3479.4,135250.1,34695.325568,647036.6259679999
2025-07-16,18.072753463939993,7616.29,9330.846,10384.38,5705.95,3475.33,135510.99,34878.16071,668045.154753
2025-07-17,18.082717153652197,7620.71,9358.55,10406.776,5707.33,3475.04,135564.74,34923.269351999996,662600.901484
2025-07-18,18.092686336446178,7625.121,9351.748,10390.717,5702.35,3465.01,133381.58,35132.939805,655530.54504
2025-07-21,18.102661015350325,7629.41,9375.28,10390.845,5708.54,3443.94,134166.72,35104.53632,651311.237432
2025-07-22,18.112641193394698,7633.712,9400.794,10393.74,5711.02,3440.95,134035.72,35114.297224,666556.358744
2025-07-23,18.12262687361103,7638.017,9411.275,10404.35,5724.76,3432.71,135368.27,35101.819091,651160.490572
2025-07-24,18.132618059032723,7642.267,9405.814,10413.022,5718.34,3437.58,133807.59,35128.23734000001,655715.3753640001
2025-07-25,18.14261475269485,7646.528,9405.359,10404.37,5713.39,3445.11,133524.18,35547.670688,651591.801702
2025-07-28,18.15261695763416,7650.732,9413.596,10409.99,5701.61,3431.0,132129.26,35709.868622,659679.573492
2025-07-29,18.162624676889074,7654.977,9455.344,10442.634,5707.15,3420.23,132725.68,35514.996156,654900.161526
2025-07-30,18.172637913499692,7659.215,9445.227,10445.59,5705.91,3413.62,133989.74,35450.26106,652653.964468
2025-07-31,18.182656670507786,7663.449,9411.44,10432.33,5702.46,3436.38,133071.05,35502.485817,652385.2193359999
2025-08-01,18.192680950956806,7667.711,9453.928,10462.041,5724.24,3430.04,132437.39,34571.675221,631275.172761
2025-08-04,18.20271075789188,7671.965,9477.581,10470.82,5737.0,3419.32,132971.2,34808.340059999995,631402.93359
2025-08-05,18.212746094359815,7676.203,9471.059,10464.517,5739.94,3408.76,133151.3,34693.418844,626145.330076
2025-08-06,18.2227869634091,7680.479,9484.021,10470.966,5763.53,3404.19,134537.62,34668.138828,628819.016436
2025-08-07,18.2328333680899,7684.801,9511.61,10523.587,5777.69,3410.26,136527.61,34391.33,635967.8917950001
2025-08-08,18.242885311454064,7689.286,9512.394,10533.19,5781.96,3419.78,135913.25,34723.466025,635375.76309
2025-08-11,18.25294279655512,7693.684,9538.793,10550.44,5773.86,3417.87,135623.15,34688.13897,646887.3528059999
2025-08-12,18.263005826448293,7698.073,9571.51,10546.484,5807.78,3411.52,137913.68,34735.556064,647623.5058589999
2025-08-13,18.273074404190474,7702.366,9563.039,10555.14,5811.73,3410.62,136687.32,34904.012208,663645.229416
2025-08-14,18.28314853284025,7706.642,9571.5,10567.152,5800.18,3419.87,136355.78,35040.08118,638973.71904
2025-08-15,18.29322821545789,7710.948,9582.652,10561.955,5804.35,3431.4,136340.77,34836.01478,633931.481891
2025-08-18,18.303313455105357,7715.25,9565.619,10534.984,5796.87,3434.75,137321.64,35059.514145,633188.802186
2025-08-19,18.313404254846294,7719.478,9507.313,10454.665,5767.5,3428.73,134432.26,35299.079809,625192.716204
2025-08-20,18.323500617746035,7723.668,9542.768,10442.049,5772.46,3422.7,134666.46,35064.224272,627115.343624
2025-08-21,18.333602546871607,7727.931,9523.201,10421.21,5755.33,3425.62,134510.85,34881.139869,615582.6293169999
2025-08-22,18.343710045291726,7732.205,9568.141,10469.38,5796.17,3430.09,137968.15,35089.45366,635072.65926
2025-08-25,18.353823116076796,7736.499,9588.627,10496.018,5792.93,3432.33,138025.17,34847.668044,592985.999277
2025-08-26,18.36394176229892,7740.818,9579.528,10504.511,5796.52,3440.31,137771.39,35121.046298,604854.6121970001
2025-08-27,18.374065987031894,7745.021,9585.729,10507.542,5806.83,3441.52,139205.81,35117.521479999996,609124.392762
2025-08-28,18.384195793351207,7749.147,9614.564,10538.646,5830.72,3452.22,141049.2,35204.32097,606015.2593950001
2025-08-29,18.394331184334042,7753.386,9603.794,10519.499,5830.27,3476.36,141422.26,35077.273722000005,585323.343207
2025-09-01,18.40447216305928,7757.684,9604.765,10478.121,5824.99,3479.45,141283.01,35140.58427,592215.281845
2025-09-02,18.414618732607497,7761.998,9586.438,10468.457,5815.85,3472.47,140335.16,35061.567654,608946.089601
2025-09-03,18.424770896060974,7766.313,9591.12,10450.967,5825.98,3485.95,139863.63,35149.46526,611949.53772
2025-09-04,18.434928656503683,7770.599,9603.719,10447.822,5829.92,3485.38,140993.25,35414.879135999996,601353.8613669999
2025-09-05,18.445092017021302,7774.88,9633.148,10471.085,5863.36,3500.33,142640.14,35081.7669,604287.074826
2025-09-08,18.45526098070121,7779.195,9640.563,10495.18,5862.19,3509.36,141791.58,35201.11494,606922.0895959999
2025-09-09,18.46543555063248,7783.464,9640.047,10504.482,5854.94,3505.91,141618.29,35417.526963,606467.306123
2025-09-10,18.4756157299059,7787.792,9645.813,10535.86,5865.35,3514.74,142348.7,35331.151156,614552.781409
2025-09-11,18.485801521613958,7792.226,9655.205,10549.61,5882.88,3514.6,143150.84,35500.534577,616663.9886909999
2025-09-12,18.49599292885084,7796.742,9649.965,10556.66,5880.78,3534.66,142271.58,35254.263947,622465.8063330001
2025-09-15,18.506189954712447,7801.074,9674.534,10573.648,5900.62,3547.05,143546.58,35172.782232,613622.418789
2025-09-16,18.51639260229638,7805.444,9693.659,10605.044,5918.01,3556.9,144061.74,34997.329072,619212.062184
2025-09-17,18.526600874701955,7809.802,9706.741,10627.588,5925.6,3563.31,145593.63,35011.556575,613498.41899
2025-09-18,18.536814775030187,7814.228,9695.231,10605.192,5920.5,3554.56,145499.49,35240.245852,624782.242287
2025-09-19,18.54703430638381,7818.608,9692.275,10585.34,5923.5,3566.87,145865.11,35481.719075999994,614344.757781
2025-09-22,18.557259471867265,7822.952,9673.356,10555.08,5920.01,3558.2,145109.25,35713.164375,602085.4571730001
2025-09-23,18.567490274586703,7827.32,9702.506,10596.108,5939.22,3563.34,146424.94,35164.514208,591720.238344
2025-09-24,18.577726717649988,7831.686,9696.275,10601.03,5926.05,3564.4,146491.75,35389.673258,605492.482714
2025-09-25,18.587968804166696,7836.039,9678.01,10596.954,5907.34,3568.94,145306.23,35425.736664,585719.311857
2025-09-26,18.598216537248124,7840.409,9690.736,10604.94,5911.34,3578.66,145446.66,35503.9328,584426.35968
2025-09-29,18.608469920007277,7844.798,9685.761,10582.041,5925.58,3582.13,146336.8,35453.624104,608470.7126879999
2025-09-30,18.61872895555888,7849.149,9704.117,10576.073,5932.87,3589.44,146237.02,35594.646428,610095.462658
2025-10-01,18.62899364701937,7853.513,9699.103,10588.055,5936.59,3572.96,145517.35,35765.32704,626672.938452
2025-10-02,18.639263997506912,7857.9,9676.633,10565.773,5929.0,3574.07,143949.64,35848.552905000004,644393.720003
2025-10-03,18.64954001014138,7862.323,9664.957,10565.76,5934.56,3584.89,144200.65,35843.514388,654049.362252
2025-10-06,18.65982168804437,7866.726,9686.479,10568.672,5937.75,3582.82,143608.08,35799.649164,665297.740153
2025-10-07,18.67010903433921,7870.534,9667.62,10541.396,5919.21,3575.48,141356.43,35926.413795,652838.635755
2025-10-08,18.68040205215093,7873.257,9676.758,10553.01,5934.94,3577.38,142145.38,36085.801332,656685.744281
2025-10-09,18.690700744606303,7879.498,9709.227,10557.838,5937.35,3573.37,141708.19,36162.826123,650627.6658429999
2025-10-10,18.701005114833812,7884.091,9698.009,10536.38,5924.43,3577.38,140680.34,36175.752459,631267.4904690001
2025-10-13,18.711315165963672,7888.538,9707.259,10524.774,5935.67,3569.96,141783.36,36376.695936000004,633098.174583
2025-10-14,18.72163090112782,7892.959,9721.211,10526.44,5934.56,3575.46,141682.99,36437.39604,619992.08448
2025-10-15,18.73195232345992,7897.38,9737.797,10554.787,5951.59,3586.06,142603.66,36385.962558,606392.765643
2025-10-16,18.74227943609537,7901.871,9738.715,10543.251,5952.74,3578.29,142200.02,36093.960336,587419.380688
2025-10-17,18.752612242171285,7906.196,9740.386,10532.258,5946.55,3577.51,143398.63,36053.626901999996,579153.8488019999
2025-10-20,18.76295074482652,7910.571,9770.369,10563.35,5966.88,3567.66,144509.32,36197.956185,597260.176995
2025-10-21,18.773294947201652,7914.96,9785.253,10577.745,5957.27,3572.39,144085.15,36292.086405,597335.676453
2025-10-22,18.783644852438997,7919.432,9803.961,10619.188,5959.74,3567.97,144872.79,36182.11952,581610.045688
2025-10-23,18.794000463682597,7924.005,9815.001,10649.6,5972.53,3567.91,145720.98,36279.087115999995,589903.209039
2025-10-24,18.804361784078232,7928.576,9842.738,10694.28,5993.35,3578.66,146172.21,36599.73824099999,597718.519629
2025-10-27,18.814728816773414,7932.999,9851.597,10700.819,6007.39,3582.87,146969.1,36947.10984,615159.7378799999
2025-10-28,18.82510156491739,7937.383,9841.542,10684.636,6003.47,3584.47,147428.9,36922.766798000004,604578.083442
2025-10-29,18.835480031661145,7941.763,9834.883,10674.996,6009.9,3589.68,148632.93,36942.520167,597523.908303
2025-10-30,18.845864220157402,7946.13,9817.023,10664.342,5992.15,3585.69,148780.22,36713.740476,578547.425808
2025-10-31,18.85625413356062,7950.557,9856.356,10686.65,6006.87,3593.58,149540.43,36777.01932,588350.6385659999
2025-11-03,18.866649775026993,7954.983,9854.381,10681.723,6006.73,3591.47,150454.24,36716.966442000004,572655.416346
2025-11-04,18.877051147714464,7959.476,9856.328,10672.34,5992.82,3589.53,150704.2,36569.755775000005,541483.886755
2025-11-05,18.88745825478271,7963.917,9872.88,10689.23,6004.97,3590.71,153294.44,36407.72553,555302.44154
2025-11-06,18.897871099393157,7968.369,9872.649,10713.883,5997.67,3592.67,153338.63,35967.824672,540993.532781
2025-11-07,18.908289684708965,7972.809,9882.075,10733.877,6005.54,3596.6,154063.53,35891.4192,553871.41194
2025-11-10,18.918714013895045,7977.23,9909.942,10754.1,6029.32,3593.06,155257.31,36218.71143,559805.79681
2025-11-11,18.929144090118047,7981.694,9951.697,10806.75,6050.4,3592.68,157748.6,36104.913173999994,541083.640548
2025-11-12,18.93957991654637,7986.128,9963.292,10837.24,6067.04,3597.06,157632.9,36257.809008,539297.200644
2025-11-13,18.950021496350164,7990.532,9969.28,10824.38,6047.5,3591.08,157162.43,35702.633259,523322.211871
2025-11-14,18.96046883270132,7994.947,9971.223,10840.096,6040.41,3616.72,157738.69,35673.274313999995,503129.25273599994
2025-11-17,18.97092192877348,7999.377,9954.327,10821.77,6020.18,3616.49,156992.93,35550.60048,489251.96496000007
2025-11-18,18.981380787742033,8003.787,9964.066,10826.842,6017.36,3615.91,156522.13,35229.288216,492198.033882
2025-11-19,18.991845412784123,8008.207,9970.688,10852.439,6023.83,3619.62,155380.66,35424.631928,482697.35645600007
2025-11-20,19.002315807078645,8008.207,9970.688,10852.439,6023.83,3619.62,155380.66,34873.168708000005,465091.813158
2025-11-21,19.012791973806248,8012.618,9975.619,10855.938,6007.68,3625.45,154770.1,35677.275568,459938.48472
2025-11-24,19.02327391614933,8017.043,10004.02,10860.237,6026.26,3626.28,155277.56,36139.255776,478418.59026
2025-11-25,19.03376163729204,8021.44,10024.89,10893.143,6049.31,3631.23,155910.18,36440.353092000005,468585.472134
2025-11-26,19.044255140420297,8025.851,10037.6,10913.069,6076.96,3618.12,158554.94,36336.417957,481042.77608400007
2025-11-27,19.054754428721765,8030.277,10041.09,10913.904,6075.03,3634.55,158359.76,36474.71394,489412.72718
2025-11-28,19.065259505385864,8034.726,10042.16,10904.785,6089.66,3660.41,159072.13,36540.580059,485038.69586399995
2025-12-01,19.07577037360378,8039.124,10037.17,10894.227,6081.51,3660.23,158611.01,36487.765017,462996.934785
2025-12-02,19.086287036568454,8043.478,10063.8,10939.909,6105.29,3668.28,161092.25,36386.200422999995,488092.11574
2025-12-03,19.096809497474585,8047.568,10064.16,10971.961,6118.33,3667.19,161755.18,36378.177948000004,497748.647781
2025-12-04,19.10733775951864,8051.812,10083.18,10997.65,6134.89,3675.93,164455.61,36425.021440000004,489634.07808
2025-12-05,19.117871825898842,8056.383,9931.54,10879.434,6069.3,3670.34,157369.36,37447.80224,486212.32456999994
2025-12-08,19.128411699815178,8060.962,9961.283,10886.832,6066.47,3677.65,158187.43,37192.296273,496142.71495399997
2025-12-09,19.138957384469403,8065.578,9964.111,10852.61,6059.45,3675.58,157981.13,37211.690349,504089.9110709999
2025-12-10,19.149508883065035,8070.12,9941.672,10846.373,6056.44,3676.39,159074.97,37682.535624000004,505572.97998
2025-12-11,19.16006619880736,8074.732,9972.267,10898.136,6088.43,3678.11,159189.1,37305.425800000005,502119.138508
2025-12-12,19.170629334903428,8079.332,10017.29,10922.69,6095.53,3685.96,160766.37,36991.590121,488713.16181
2025-12-15,19.181198294562055,8083.881,10029.22,10937.686,6100.07,3690.27,162481.74,36939.349341,467150.534995
2025-12-16,19.19177308099383,8088.516,10005.05,10904.73,6082.66,3691.55,158577.88,37180.42155000001,479767.384125
2025-12-17,19.202353697411112,8093.063,9949.158,10816.57,6058.28,3686.97,157327.26,37065.325735,473964.271585
2025-12-18,19.212940147028032,8097.654,9951.13,10827.868,6070.2,3697.11,157923.34,37412.257148000004,472614.393447
2025-12-19,19.22353243306049,8102.351,9980.522,10873.03,6082.73,3707.34,158473.02,37886.3673,486639.121008
2025-12-22,19.234130558726164,8106.855,9954.552,10843.607,6080.26,3735.09,158141.65,38461.076835,493338.26865999994
2025-12-23,19.244734527244496,8111.3,9968.142,10861.521,6098.88,3755.15,160455.83,38200.774015,484636.326325
2025-12-24,19.255344341836715,8115.79,9973.122,10863.802,6103.43,3755.15,160455.83,38404.94341,485495.20527
2025-12-26,19.265960005725812,8120.18,10002.02,10898.74,6114.98,3775.56,160896.64,38416.12239,484473.350975
2025-12-29,19.27658152213657,8124.611,10013.95,10922.18,6110.02,3772.3,160490.3,38484.307872,486038.104992
2025-12-30,19.287208894295542,8129.119,10020.29,10933.109,6122.64,3775.31,161125.37,37756.224376,482804.27549599996
2026-01-02,19.297842125431057,8138.102,10070.89,10959.167,6122.68,3778.89,160538.69,37205.142209,488371.90801499994
2026-01-05,19.30848121877323,8142.659,10087.65,10934.77,6161.98,3782.93,161869.76,37324.90599,508849.590822
2026-01-06,19.319126177553954,8147.379,10098.41,10907.328,6177.24,3788.45,163663.88,37332.574392,501098.97163600003
2026-01-07,19.329777005006903,8151.995,10099.35,10906.64,6166.87,3781.07,161975.24,37294.815491,490414.540165
2026-01-08,19.340433704367534,8156.627,10104.5,10917.929,6177.08,3782.55,162936.48,37279.675706,491212.21227799996
2026-01-09,19.35109627887309,8161.2,10093.22,10900.229,6182.44,3789.46,163370.31,37381.05848,485202.14462000004
2026-01-12,19.361764731762598,8165.79,10115.12,10901.66,6193.55,3788.09,163150.35,37500.733069,488945.27350799995
2026-01-13,19.37243906627687,8170.41,10128.62,10900.596,6187.52,3795.86,161973.05,37421.049638000004,505525.507537
2026-01-14,19.3831192856585,8175.107,10113.04,10854.43,6178.56,3797.88,165145.98,37353.768480000006,526108.409568
2026-01-15,19.393805393151876,8179.814,10108.14,10864.85,6190.71,3804.48,165568.32,37296.665029,513171.45914
2026-01-16,19.404497392003176,8184.439,10077.08,10857.86,6183.09,3809.3,164799.98,37276.875713,512830.13137399993
2026-01-19,19.415195285460364,8189.022,10094.3,10857.157,6184.93,3813.38,164849.27,37238.011657,498707.68914800003
2026-01-20,19.42589907677319,8193.585,10080.1,10850.726,6181.86,3810.8,166276.9,36539.239674,480436.17290899996
2026-01-21,19.43660876919321,8198.086,10112.2,10871.236,6206.11,3812.31,171816.67,36554.921292,479455.02861599997
2026-01-22,19.447324365973756,8202.648,10138.31,10907.079,6228.1,3820.2,175589.35,36557.103465,471510.674015
2026-01-23,19.45804587036996,8207.173,10152.34,10945.73,6235.05,3841.53,178858.54,36553.839777,471676.680909
2026-01-26,19.468773285638758,8211.696,10169.4,10966.235,6243.32,3845.91,178720.68,36718.760113,464775.650724
2026-01-27,19.479506615038865,8216.199,10207.86,10997.741,6276.58,3840.08,181919.13,36185.436720000005,461263.621596
2026-01-28,19.490245861830804,8220.727,10232.22,11018.533,6292.09,3848.56,184691.05,36267.613121999995,464009.163358
2026-01-29,19.500991029276893,8225.282,10264.06,11047.404,6286.46,3843.02,183133.75,36167.071197000005,437918.718516
2026-01-30,19.511742120641244,8229.81,10267.03,11047.395,6259.39,3860.99,181363.9,36522.890501999995,442980.32352599996
2026-02-02,19.522499139189776,8234.361,10253.9,11032.687,6266.22,3853.1,182793.4,36673.052148,412453.718616
2026-02-03,19.533262088190206,8238.883,10278.13,11035.945,6274.69,3856.94,185674.43,36238.94768500001,398861.90447999997
2026-02-04,19.544030970912047,8243.5,10263.89,11024.69,6257.1,3848.09,181708.23,36106.74912000001,381001.97644000006
2026-02-05,19.554805790626624,8248.072,10275.09,11027.236,6256.49,3847.68,182127.25,35838.44544,332548.39551600005
2026-02-06,19.565586550607055,8252.65,10274.81,11013.894,6278.28,3847.06,182949.78,36180.366930000004,366969.325716
2026-02-09,19.57637325412827,8257.23,10295.18,11020.401,6298.52,3843.46,186241.15,36164.131368,365379.01089599996
2026-02-10,19.587165904467007,8261.747,10287.23,11029.0,6295.92,3833.81,185929.33,36077.974932,356599.01769599994
2026-02-11,19.5979645049018,8266.236,10298.35,11043.72,6311.85,3836.62,189699.12,35986.662921,351273.807489
2026-02-12,19.608769058712998,8270.753,10308.16,11065.677,6294.08,3832.93,187766.42,35615.7615,342885.703875
2026-02-13,19.619579569182758,8275.3,10317.45,11094.251,6301.61,3852.65,186464.3,35704.632293,359669.524455
2026-02-18,19.630396039595045,8279.865,10335.03,11116.583,6304.8,3852.34,186016.31,36031.227291,347181.44313500007
2026-02-19,19.641218473235636,8284.374,10325.99,11107.25,6317.33,3854.94,188534.42,35784.75635,348863.68299999996
2026-02-20,19.652046873392116,8288.975,10350.82,11139.194,6341.46,3868.93,190534.42,35759.478054,350884.97794799996
2026-02-23,19.662881243353887,8293.59,10357.89,11146.23,6327.86,3865.04,188853.49,35319.71385,333496.147938
2026-02-24,19.67372158641216,8298.295,10370.43,11178.182,6346.99,3867.63,191490.4,35505.219717,330040.49263800005
2026-02-25,19.684567905859968,8303.035,10373.28,11204.25,6361.96,3876.96,191247.46,35598.221637,353337.665472
2026-02-26,19.69542020499215,8307.838,10389.89,11260.93,6367.49,3885.14,191005.02,35497.031794,346631.711756
2026-02-27,19.706278487105365,8312.575,10364.19,11245.58,6342.88,3911.99,188786.98,35255.635776,335840.722968
2026-03-02,19.71714275549809,8317.391,10346.92,11258.09,6325.14,3906.06,189307.02,35612.383499999996,359267.80275
2026-03-03,19.728013013470626,8322.053,10296.91,11215.358,6261.94,3883.13,183104.87,35939.318349,358690.64951500006
2026-03-04,19.738889264325085,8326.692,10328.29,11211.729,6286.56,3890.89,185366.44,35935.7284,383660.86376800004
2026-03-05,19.749771511365402,8331.372,10266.36,11137.5,6230.6,3886.14,180463.84,35956.174369,374484.42643899994
2026-03-06,19.760659757897336,8336.239,10221.6,11107.743,6195.15,3896.62,179364.82,35305.572764000004,357685.039272
2026-03-09,19.771554007228463,8341.05,10212.83,11147.04,6175.35,3879.19,180915.36,35050.318425,355776.470125
2026-03-10,19.78245426266819,8345.835,10288.31,11189.495,6231.99,3876.45,183447.0,34985.65532,362417.32527
2026-03-11,19.793360527527742,8350.579,10268.79,11189.13,6210.85,3873.59,183969.35,34940.76786,364320.39089700003
2026-03-12,19.804272805120174,8355.589,10198.47,11139.54,6142.46,3865.94,179284.49,35003.897258,368168.27839
2026-03-13,19.815191098760366,8360.275,10089.68,11004.403,6085.61,3879.52,177653.31,35307.789903,379884.0594549999
2026-03-16,19.826115411765024,8364.947,10183.31,11175.795,6124.63,3881.27,179875.44,35043.786842,388318.42464100005
2026-03-17,19.837045747452684,8369.961,10167.16,11192.626,6136.06,3875.45,180409.73,34879.341806,387116.55534
2026-03-18,19.847982109143715,8374.781,10160.8,11196.369,6132.24,3868.48,179639.91,34897.59466,375213.48877200007
2026-03-19,19.858752815115064,8379.753,10192.66,11208.1,6122.31,3864.05,180270.62,34492.48429,368036.6436
2026-03-20,19.869529365917714,8384.828,10068.96,11168.675,6071.76,3861.84,176219.4,34587.797031999995,372332.599829
2026-03-23,19.880311764723423,8389.48,10165.96,11194.63,6108.31,3862.19,181931.93,34452.193100000004,371162.674337
2026-03-24,19.891100014705668,8394.111,10127.78,11172.059,6099.45,3856.45,182509.14,34304.894751,366580.90282200003
2026-03-25,19.90189411903965,8398.991,10155.16,11186.37,6122.89,3860.19,185424.28,34458.49806,371055.436446
2026-03-26,19.912694080902288,8403.894,10089.63,11155.33,6084.99,3856.65,182732.67,33931.250375999996,361258.98982799996
2026-03-27,19.92349990347223,8408.527,10087.79,11177.54,6082.13,3868.61,181556.76,33365.131380000006,345605.679132
2026-03-30,19.934311589929848,8413.233,10108.24,11197.823,6084.19,3861.25,182514.2,33331.807996,349900.966018
2026-03-31,19.94512914345724,8417.847,10201.79,11264.24,6125.67,3870.57,187461.84,33820.99786,353278.757975
2026-04-01,19.955952567238228,8422.479,10219.08,11291.32,6148.83,3876.65,187952.91,33895.11706799999,351434.379618
2026-04-02,19.966781864458365,8427.09,10222.4,11295.23,6149.84,3885.55,188052.02,33949.565405999994,345225.21601599996
2026-04-06,19.977617038304935,8431.697,10220.21,11310.74,6145.63,3886.9,188161.97,34015.220618,359264.498072
2026-04-07,19.98845809196694,8436.284,10195.88,11309.74,6134.95,3880.25,188258.91,34104.56827,357237.08658
2026-04-08,19.999305028635128,8440.847,10326.03,11377.18,6202.61,3890.63,192201.16,34590.296157000004,364010.51735700003
2026-04-09,20.01015785150197,8445.39,10345.76,11398.869,6228.89,3891.72,195129.25,34515.71795,366306.784725
2026-04-10,20.021016563761666,8449.985,10336.56,11442.006,6239.2,3910.83,197323.87,34121.261206,367337.74676599994
2026-04-13,20.03188116861016,8454.556,10360.58,11471.893,6256.7,3903.4,198000.71,34409.164032,365771.25648000004
2026-04-14,20.042751669245117,8459.075,10393.1,11486.173,6290.64,3904.6,198657.33,34756.078392,369819.27414000005
2026-04-15,20.05362806886595,8463.575,10394.89,11495.736,6298.92,3906.18,197737.61,35071.910005,373868.073805
2026-04-16,20.0645103706738,8467.976,10367.0,11496.365,6294.58,3914.68,196818.59,35157.815168,375679.895311
2026-04-17,20.075398577871553,8472.57,10425.74,11510.78,6323.62,3931.06,195733.51,35474.239286,385155.3978760001
2026-04-20,20.08629269366382,8477.208,10425.94,11531.443,6311.01,3941.62,196132.06,35300.434669999995,378947.59455
2026-04-22,20.097192721256967,8481.849,10400.41,11510.364,6294.01,3939.93,192888.96,35425.3977,389364.67087000003
2026-04-23,20.108098663859085,8486.489,10331.38,11466.117,6252.79,3928.65,191378.43,35671.37288,390946.08264800004
2026-04-24,20.119010524680014,8491.174,10355.56,11483.151,6266.0,3935.55,190745.02,35691.413004,387277.89325500006
2026-04-27,20.129928306931337,8495.868,10335.52,11474.794,6261.18,3924.93,189578.79,35750.463094,383564.773066
2026-04-28,20.140852013826375,8500.475,10337.09,11471.13,6244.03,3924.64,188618.69,35508.391200000005,380337.05922
2026-04-29,20.151781648580197,8505.104,10270.28,11427.44,6223.3,3927.12,184750.42,35656.20136499999,378023.539688
2026-04-30,20.16254269998054,8509.742,10328.82,11468.623,6251.16,3929.91,187317.64,35723.528154,378921.30123599997
2026-05-04,20.17330949778233,8514.282,10278.57,11442.771,6240.21,3903.53,185600.12,35745.96315,396811.83774
2026-05-05,20.184082045054147,8518.853,10315.55,11461.91,6248.59,3890.75,186753.82,35649.303498,400959.76120999997
2026-05-06,20.194860344866207,8523.409,10387.5,11496.093,6300.81,3913.96,187690.86,36265.114367999995,400910.585265
2026-05-07,20.205644400290367,8527.961,10373.48,11497.798,6288.74,3909.65,183218.26,36128.663351,393273.143941
2026-05-08,20.216434214400124,8532.544,10392.0,11521.719,6296.82,3922.13,184108.29,36172.628876999996,391717.97915499995
2026-05-11,20.227229790270613,8537.165,10350.84,11506.509,6281.43,3868.63,181908.87,36257.68300800001,400123.539936
2026-05-12,20.23803113097862,8541.76,10336.94,11496.49,6271.8,3865.24,180342.33,36210.676992,394711.575939
2026-05-13,20.248838239602563,8546.366,10260.85,11438.645,6250.01,3834.34,177098.29,37309.836575,399326.79118699994
2026-05-14,20.25965111922251,8550.976,10286.9,11469.98,6265.62,3868.16,178365.86,37369.677432,405492.265914
2026-05-15,20.270469772920176,8555.548,10240.66,11420.934,6238.48,3884.76,177283.83,37454.4126,399803.066388
2026-05-18,20.281294203778916,8560.14,10269.32,11438.314,6235.42,3850.19,176975.82,36946.401635,383562.69394300005
2026-05-19,20.292124414883734,8564.773,10254.59,11407.45,6221.85,3816.65,174278.86,37122.49400199999,388526.63587999996
2026-05-20,20.302960409321283,8569.465,10319.29,11427.153,6249.45,3850.07,177355.73,37164.85,388307.14999999997
2026-05-21,20.31380219017986,8574.17,10343.58,11442.385,6260.83,3849.95,177649.86,37262.850312,388535.67426600005
2026-05-22,20.324649760549416,8578.908,10351.47,11451.24,6247.48,3855.09,176209.61,37641.626349,382312.47634500003
2026-05-25,20.33550312352155,8583.66,10404.83,11467.81,6269.46,3863.87,177815.72,37497.388378,387397.518094
2026-05-26,20.346362282189514,8588.387,10377.61,11480.71,6275.99,3851.02,176589.03,37848.242432,382558.83494399994
2026-05-27,20.357227239648203,8593.036,10378.88,11502.611,6274.97,3853.81,175744.37,38045.50124,380162.14689000003
2026-05-28,20.368097998994177,8597.825,10388.48,11512.384,6286.18,3861.52,175063.41,38122.207925999995,370360.09544599993
2026-05-29,20.37897456332564,8602.486,10388.38,11504.41,6289.98,3877.52,173787.49,38171.666148000004,370544.134884
2026-06-01,20.389856935742458,8607.121,10360.47,11476.23,6288.0,3860.37,172197.46,38203.478928,358674.49565999996
2026-06-02,20.400745119346144,8611.753,10343.42,11453.287,6288.13,3860.28,174197.64,38087.709877999994,337793.64843899995
2026-06-03,20.411639117239876,8616.387,10248.67,11378.318,6257.57,3842.46,170330.63,38255.61236,328755.383005
2026-06-05,20.422538932528482,8621.015,10178.65,11276.808,6221.73,3848.37,169019.12,38162.86019,318509.484405
2026-06-08,20.433444568318453,8625.629,10138.29,11240.31,6212.35,3818.23,168668.72,38459.437035999996,329611.36536
2026-06-09,20.444356027717937,8630.241,10131.61,11247.432,6213.97,3811.81,169813.15,38210.401785,321321.666915
2026-06-10,20.455273313836738,8634.859,10134.17,11294.657,6198.42,3777.23,168619.26,37686.61014,320191.83388
2026-06-11,20.46619642978633,8639.455,10246.96,11453.317,6234.55,3802.63,171497.24,37674.69793,322722.76783300005
2026-06-12,20.477125378679837,8644.056,10284.42,11491.248,6246.11,3814.03,171132.66,37595.012994000004,320827.59670500003
2026-06-15,20.488060163632053,8648.634,10319.02,11474.704,6271.55,3833.15,170415.13,38233.017119,336529.493685
2026-06-16,20.49900078775943,8653.254,10304.84,11439.714,6264.08,3824.21,169648.47,38226.011285,334787.25775600004
2026-06-17,20.509947254180094,8657.877,10259.92,11385.423,6260.55,3811.18,168453.93,37927.84115000001,329023.216915
2026-06-18,20.520721334572187,8662.502,10194.77,11371.598,6271.06,3799.74,168277.55,38742.745874,325499.850592
2026-06-19,20.53150107469645,8667.067,10169.93,11325.579,6269.53,3800.08,168333.61,38634.737522,325536.931509
2026-06-22,20.542286477525998,8671.617,10222.55,11355.961,6281.17,3796.44,170370.38,38423.591622,330987.281166
2026-06-23,20.553077546035507,8676.195,10259.34,11360.779,6276.6,3792.93,171258.87,38159.711714000005,323261.996455
2026-06-24,20.563874283201216,8680.748,10338.98,11377.03,6283.49,3781.09,170506.66,38226.688722,316265.21976
2026-06-25,20.574676692000924,8685.324,10348.18,11400.541,6296.7,3795.4,171990.2,38092.668725999996,307348.791996
2026-06-26,20.585484775414,8689.911,10378.29,11376.667,6309.03,3806.5,173295.14,38034.256038,308381.364408
2026-06-29,20.596298536421372,8694.485,10396.26,11374.72,6315.99,3818.71,173205.35,38499.016949,311567.68037799996
2026-06-30,20.60711797800554,8699.045,10437.11,11384.33,6322.27,3830.59,172024.12,38708.696575999995,302687.32144
2026-07-01,20.617943103150566,8703.729,10389.62,11347.365,6319.32,3826.67,171688.61,38957.69538,312717.60014000005
2026-07-02,20.628773914842082,8708.484,10352.74,11335.821,6314.14,3833.57,172787.62,38921.079564,319953.98826
2026-07-03,20.63961041606729,8713.196,10393.68,11398.385,6323.21,3846.78,174070.27,38680.86756,324177.86682
2026-07-06,20.650452609814952,8717.843,10421.51,11436.832,6324.58,3835.01,172447.58,38639.881152,327018.336192
2026-07-07,20.661300499075413,8722.439,10404.48,11459.14,6312.98,3828.53,172020.68,38710.86138,328445.11324800004
2026-07-08,20.67215408684058,8727.005,10390.84,11458.599,6296.55,3821.06,170653.45,38541.194397,319652.287479
2026-07-09,20.68301337610394,8731.552,10424.99,11480.446,6318.02,3831.41,172742.12,38596.279696,323682.95748399996
2026-07-10,20.693878369860542,8736.139,10488.46,11504.876,6344.98,3842.89,177866.37,38699.637354,325919.382348
2026-07-13,20.704749071107013,8740.748,10446.69,11479.413,6317.37,3829.87,175739.08,38606.30158,319262.13560999994
2026-07-14,20.715625482841556,8745.342,10492.56,11514.293,6335.06,3831.38,176641.1,38263.351557,327309.330794
2026-07-15,20.726507608063947,8749.933,10499.71,11525.578,6331.03,3839.16,176010.9,38453.40444,329759.728122
2026-07-16,20.73739544977554,8754.534,10483.08,11533.13,6308.72,3846.24,173825.27,38433.527655,326906.823795
2026-07-17,20.748289010979263,8759.174,10428.11,11504.091,6286.41,3847.2,173714.08,38121.473973,327540.049518
2026-07-20,20.75918829467962,8763.811,10418.4,11498.239,6284.69,3837.65,173371.35,37895.227135999994,332586.61113599996
2026-07-21,20.7700933038827,8768.433,10417.83,11467.85,6296.84,3827.72,173325.65,38096.42436,336785.03400600003
2026-07-22,20.781004041596162,8773.091,10398.44,11432.71,6300.69,3814.78,177547.57,37900.493736000004,333013.587639
2026-07-23,20.791920510829254,8777.707,10358.74,11434.577,6298.16,3803.93,176723.62,37665.27886,330969.72634
2026-07-24,20.8028427145928,8782.31,10422.62,11471.978,6289.61,3805.03,174041.95,37675.835538,325896.297639
2026-07-27,20.8137706558992,8786.919,10450.95,11473.88,6291.08,3798.06,175334.46,37932.500742000004,332118.841794
2026-07-28,20.82470433776245,8791.588,10491.47,11452.456,6284.53,3807.17,176564.75,38042.782380000004,326920.49199000007
2026-07-29,20.83564376319812,8796.273,10504.15,11396.019,6261.44,3797.33,173885.34,37448.44538999999,324748.24616399995
2026-07-30,20.846588935223366,8801.001,10528.9,11449.834,6303.07,3806.26,177158.86,37621.763829,327357.49527
2026-07-31,20.857539856856928,8805.673,10542.73,11494.884,6310.45,3818.52,177999.0,37994.600588,319081.605325
2026-08-03,20.868496531119135,8810.336,10590.15,11531.213,6334.75,3785.52,178000.24,38669.06385,324299.613753
2026-08-04,20.879458961031897,8815.029,10578.68,11529.77,6352.03,3784.38,177894.97,39672.10090800001,329709.355485
2026-08-05,20.890427149618716,8819.729,10594.59,11537.693,6359.89,3781.99,177726.17,39563.11252,331861.035776
2026-08-06,20.901219144284212,8824.426,10568.97,11523.328,6348.94,3760.11,175546.36,39390.18564,328981.74231
2026-08-07,20.91201671409415,8829.053,10593.39,11569.8,6358.6,3771.15,172513.42,39413.465784,329910.69162799994
2026-08-10,20.92281986192865,8833.703,10579.95,11552.953,6349.15,3742.32,172179.93,39623.819276999995,327645.086041
2026-08-11,20.933628590669326,8838.354,10557.82,11561.8,6335.79,3721.88,167874.64,39889.87712,328764.034336
2026-08-12,20.944442903199267,8842.996,10556.01,11573.844,6347.53,3715.09,167491.07,40112.4348,328964.984568
2026-08-13,20.955262802403062,8847.652,10549.43,11571.869,6357.63,3692.65,167100.95,40465.059615,328734.53955000004
2026-08-14,20.966088291166784,8852.376,10518.41,11569.71,6358.08,3686.33,166934.2,40663.467328000006,328239.81854400004
2026-08-17,20.976919372378003,8857.218,10536.27,11612.957,6361.98,3654.7,166783.57,40284.380578000004,334722.01558899996
2026-08-18,20.987756048925775,8861.853,10541.75,11611.931,6334.83,3666.83,166334.86,40142.526264,336888.553996
2026-08-19,20.99859832370065,8866.457,10580.5,11649.718,6346.6,3681.89,167830.27,39898.816874000004,357376.41067
2026-08-20,21.009446199594677,8871.067,10569.68,11673.474,6350.0,3647.48,167927.15,39714.9291,377670.04852499993
2026-08-21,21.020299679501388,8875.703,10618.53,11682.65,6372.66,3682.16,171031.73,39443.959489,398350.2384290001
2026-08-24,21.03115876631582,8880.362,10616.02,11683.517,6369.56,3677.98,171906.72,39432.891722,406700.086177
2026-08-25,21.042023462934498,8885.017,10643.35,11705.86,6398.33,3700.71,174576.8,39520.334256,402546.999903
2026-08-26,21.05289377225545,8889.669,10644.56,11702.926,6401.17,3697.78,174586.26,39526.01715,403951.29162
2026-08-27,21.063769697178202,8894.285,10656.18,11724.74,6414.13,3718.47,175135.41,39901.958687,413446.96875999996
2026-08-28,21.074651240603767,8898.915,10632.02,11701.01,6408.66,3740.72,175664.62,40056.423792,402059.544216
2026-08-31,21.085538405434665,8903.525,10629.87,11676.237,6412.35,3762.79,177418.78,39854.941742,408880.40172799997
2026-09-01,21.096431194574915,8908.206,10659.01,11691.24,6420.34,3741.8,179722.48,39328.780645000006,398952.27597500006
2026-09-02,21.107329610930034,8912.769,10708.84,11729.772,6455.18,3753.87,185205.09,39031.427260000004,394019.218803
2026-09-03,21.118233657407043,8917.342,10741.0,11774.399,6471.02,3761.48,185188.13,39580.726077,416205.84008699993
2026-09-04,21.12914333691446,8921.842,10757.29,11781.451,6481.09,3769.71,185147.15,39590.24312,408990.764716
2026-09-08,21.140058652362313,8926.448,10813.59,11832.75,6499.91,3761.37,187366.84,39027.52272000001,399157.11244
2026-09-09,21.150979606662126,8930.947,10769.75,11808.68,6488.72,3744.75,185629.04,39012.635967999995,400032.6804959999
2026-09-10,21.16190620272693,8935.524,10787.43,11859.889,6499.72,3746.97,188268.59,38757.90601,394355.120578
2026-09-11,21.17283844347126,8940.089,10789.36,11889.178,6501.26,3748.63,187206.89,39210.628882,395900.210003
2026-09-14,21.18377633181116,8944.71,10783.35,11869.191,6480.12,3731.62,185500.88,39243.658998,407294.422476
2026-09-15,21.194719870664176,8949.372,10768.82,11842.915,6484.76,3744.89,186502.64,39084.715252,390930.827496
2026-09-16,21.205669062949365,8953.991,10788.37,11868.99,6484.76,3742.57,185547.66,38912.966568,392143.28076
2026-09-17,21.216438998153055,8958.635,10808.59,11905.91,6484.76,3747.47,185992.03,39172.543488,392350.686888
2026-09-18,21.22721440319144,8963.235,10818.69,11900.7,6484.76,3750.27,185229.17,39337.3409,416983.731912
